symbol,ts_decision,open_t,high_t,low_t,close_t,volume_t,quotevolume_t,activebuyvolume_t,activebuyquotevolume_t,tradenum_t,target_logreturn_t,pred_ret_t+1_mean,y_true_ret_t+1,pred_ret_t+1_q0.1,pred_ret_t+1_q0.2,pred_ret_t+1_q0.8,pred_ret_t+1_q0.9
ETHUSDT,2025-01-01 00:00:00+00:00,3337.78,3374.85,3313.88,3360.38,190238.5861,636613395.6959649,99518.0217,333085258.287462,1182219,0.006748147479969546,3.6716461181640625e-05,0.027962297453184348,-0.039306640625,-0.0235595703125,0.0234375,0.0380859375
ETHUSDT,2025-01-02 00:00:00+00:00,3360.39,3509.99,3354.5,3455.67,338632.8874,1166286232.162882,169044.3627,582161055.5219649,2373075,0.027962297453184348,0.00173187255859375,0.04341713623585619,-0.0301513671875,-0.016845703125,0.0205078125,0.032958984375
ETHUSDT,2025-01-03 00:00:00+00:00,3455.68,3630.0,3423.44,3609.01,334041.0604,1179953901.101814,169194.075,597682226.030962,2293811,0.04341713623585619,0.0034332275390625,0.013176828339606317,-0.0263671875,-0.01409912109375,0.0216064453125,0.033935546875
ETHUSDT,2025-01-04 00:00:00+00:00,3609.0,3671.6,3572.42,3656.88,229266.3133,829864804.8598369,116823.1483,422850861.086886,1567855,0.013176828339606317,0.0022125244140625,-0.005728898810648531,-0.0283203125,-0.015625,0.0205078125,0.032470703125
ETHUSDT,2025-01-05 00:00:00+00:00,3656.88,3675.25,3593.7,3635.99,155444.1741,564147572.800669,76901.3758,279135355.270006,1461192,-0.005728898810648531,0.00093841552734375,0.014053736215553059,-0.034912109375,-0.0203857421875,0.0230712890625,0.037109375
ETHUSDT,2025-01-06 00:00:00+00:00,3636.0,3744.83,3610.63,3687.45,329642.3648,1210642823.302069,166824.6196,612822771.954551,2753873,0.014053736215553059,-0.00145721435546875,-0.08667195387993942,-0.045166015625,-0.0281982421875,0.025390625,0.04345703125
ETHUSDT,2025-01-07 00:00:00+00:00,3687.44,3700.86,3356.31,3381.31,541543.2874,1899318756.158016,254553.4502,892893276.0208089,3538701,-0.08667195387993942,-0.002777099609375,-0.01610504951973013,-0.055908203125,-0.034912109375,0.0284423828125,0.04931640625
ETHUSDT,2025-01-08 00:00:00+00:00,3381.31,3415.1,3208.2,3327.29,584749.9627,1944382187.6566591,275577.2269,916259778.4183791,3766197,-0.01610504951973013,0.0004024505615234375,-0.033025277369077344,-0.047607421875,-0.0281982421875,0.028564453125,0.04833984375
ETHUSDT,2025-01-09 00:00:00+00:00,3327.29,3357.27,3158.0,3219.2,501818.4247,1638958679.714368,237793.7346,777185110.082679,3685889,-0.033025277369077344,0.0015869140625,0.014751494709358326,-0.034423828125,-0.019775390625,0.0238037109375,0.038330078125
ETHUSDT,2025-01-10 00:00:00+00:00,3219.2,3322.49,3193.97,3267.04,454142.1333,1482940591.671988,222519.1849,726413490.6683741,3199118,0.014751494709358326,0.004730224609375,0.004821479079346602,-0.0260009765625,-0.0133056640625,0.0234375,0.03564453125
ETHUSDT,2025-01-11 00:00:00+00:00,3267.05,3320.18,3217.56,3282.83,151679.7487,494933295.358262,74202.7876,242350177.143991,1208777,0.004821479079346602,0.0020599365234375,-0.004741899504320912,-0.0322265625,-0.0181884765625,0.0220947265625,0.03466796875
ETHUSDT,2025-01-12 00:00:00+00:00,3282.83,3300.0,3224.49,3267.3,164879.9709,538751712.0457871,78312.5332,255990007.31399,1151908,-0.004741899504320912,0.00017452239990234375,-0.0405344640637928,-0.043212890625,-0.0255126953125,0.0267333984375,0.04345703125
ETHUSDT,2025-01-13 00:00:00+00:00,3267.3,3339.0,2920.0,3137.51,845907.5669,2614824635.154439,410956.8014,1271030799.211468,4900248,-0.0405344640637928,-0.0028076171875,0.027698788303025523,-0.0546875,-0.03369140625,0.0279541015625,0.048828125
ETHUSDT,2025-01-14 00:00:00+00:00,3137.51,3256.67,3125.65,3225.63,374308.4517,1197715520.899026,180843.3605,578754045.677244,2446285,0.027698788303025523,-0.00049591064453125,0.06768643371982463,-0.046875,-0.02783203125,0.02685546875,0.045166015625
ETHUSDT,2025-01-15 00:00:00+00:00,3225.63,3473.75,3186.36,3451.52,464188.034,1537407357.366771,233981.7183,775803015.406068,2689488,0.06768643371982463,-0.00095367431640625,-0.042455821806418825,-0.046142578125,-0.02783203125,0.026123046875,0.044677734375
ETHUSDT,2025-01-16 00:00:00+00:00,3451.51,3460.79,3265.44,3308.05,471282.6787,1573512574.074851,227669.8721,760336218.428321,2667507,-0.042455821806418825,0.0014495849609375,0.04884126475735151,-0.03759765625,-0.0216064453125,0.025390625,0.041015625
ETHUSDT,2025-01-17 00:00:00+00:00,3308.04,3525.72,3307.5,3473.63,518550.1813,1773013467.309093,269301.5133,920836504.1564461,3165882,0.04884126475735151,0.003631591796875,-0.048944049622672736,-0.0361328125,-0.0201416015625,0.02783203125,0.042724609375
ETHUSDT,2025-01-18 00:00:00+00:00,3473.64,3494.39,3227.0,3307.71,634197.1281,2100633661.7644193,309754.3291,1025970289.517671,3931387,-0.048944049622672736,0.000408172607421875,-0.02839142502302927,-0.0390625,-0.02294921875,0.024169921875,0.038818359375
ETHUSDT,2025-01-19 00:00:00+00:00,3307.71,3448.99,3130.48,3215.12,1342301.5217,4408659681.01233,651932.4312,2143657478.900286,7064813,-0.02839142502302927,-0.00020313262939453125,0.021197509558280814,-0.046630859375,-0.027587890625,0.0274658203125,0.044677734375
ETHUSDT,2025-01-20 00:00:00+00:00,3215.2,3453.69,3142.78,3284.0,1158354.7814,3830020315.131607,572672.7028,1895320599.961986,7137551,0.021197509558280814,-0.00152587890625,0.013171100661510948,-0.054931640625,-0.03369140625,0.031494140625,0.05419921875
ETHUSDT,2025-01-21 00:00:00+00:00,3283.99,3368.0,3204.6,3327.54,548706.0513,1802317579.6676593,271093.6278,890755658.885448,3752957,0.013171100661510948,-0.0003566741943359375,-0.02585781511786145,-0.056396484375,-0.03369140625,0.03271484375,0.0537109375
ETHUSDT,2025-01-22 00:00:00+00:00,3327.55,3365.99,3222.85,3242.6,349240.7498,1150648371.196559,163482.76,538844820.5045631,2187671,-0.02585781511786145,2.300739288330078e-05,0.029059258050248005,-0.049560546875,-0.0294189453125,0.0294189453125,0.04833984375
ETHUSDT,2025-01-23 00:00:00+00:00,3242.61,3347.97,3185.0,3338.21,605592.7225,1965307923.080547,303294.9418,984590435.717348,3255920,0.029059258050248005,0.0016632080078125,-0.00845935583243218,-0.038330078125,-0.0218505859375,0.02587890625,0.041748046875
ETHUSDT,2025-01-24 00:00:00+00:00,3338.22,3428.0,3275.9,3310.09,451524.2752,1519379297.690963,215008.0035,723830815.0465231,2793569,-0.00845935583243218,0.002532958984375,0.002618853003655275,-0.0303955078125,-0.0164794921875,0.02197265625,0.034912109375
ETHUSDT,2025-01-25 00:00:00+00:00,3310.1,3350.68,3268.66,3318.77,208559.0415,690383485.125444,98129.4498,324799632.127654,1456638,0.002618853003655275,0.0011749267578125,-0.026304371881394673,-0.032470703125,-0.01806640625,0.0206298828125,0.033935546875
ETHUSDT,2025-01-26 00:00:00+00:00,3318.76,3362.0,3230.0,3232.61,272165.469,899291017.6133741,116826.2789,386320687.82792896,1416325,-0.026304371881394673,-0.0002536773681640625,-0.01564166230511077,-0.040283203125,-0.0240478515625,0.023681640625,0.0390625
ETHUSDT,2025-01-27 00:00:00+00:00,3232.61,3253.91,3020.01,3182.44,753004.7529,2349770569.706611,345284.5821,1077195796.137122,4888504,-0.01564166230511077,-0.0019683837890625,-0.03345913505110687,-0.04736328125,-0.029052734375,0.024658203125,0.041748046875
ETHUSDT,2025-01-28 00:00:00+00:00,3182.44,3223.01,3040.03,3077.72,350959.7173,1107001736.175005,170776.7271,538990208.7234471,2936974,-0.03345913505110687,-0.00174713134765625,0.011686896740588537,-0.05078125,-0.0311279296875,0.0274658203125,0.04736328125
ETHUSDT,2025-01-29 00:00:00+00:00,3077.72,3182.52,3054.06,3113.9,409737.2576,1278256645.74957,200807.9235,626556500.38162,3277369,0.011686896740588537,-0.0023193359375,0.041975636921270265,-0.04248046875,-0.0260009765625,0.020751953125,0.03564453125
ETHUSDT,2025-01-30 00:00:00+00:00,3113.9,3283.43,3091.06,3247.39,350639.4823,1130886606.539682,180484.1307,581935263.184576,2410789,0.041975636921270265,0.0012054443359375,0.016370826701884056,-0.035400390625,-0.0205078125,0.0228271484375,0.0361328125
ETHUSDT,2025-01-31 00:00:00+00:00,3247.38,3437.31,3213.8,3300.99,648681.6561,2158479814.3317432,343645.0199,1144000791.641501,3802893,0.016370826701884056,0.0016021728515625,-0.057178194197787136,-0.0250244140625,-0.01361083984375,0.0177001953125,0.029052734375
ETHUSDT,2025-02-01 00:00:00+00:00,3300.99,3331.98,3101.7,3117.54,354065.2525,1142845926.865901,170674.3585,551595869.3951031,2900696,-0.057178194197787136,0.00054931640625,-0.08284370398634877,-0.039306640625,-0.022705078125,0.02392578125,0.0390625
ETHUSDT,2025-02-02 00:00:00+00:00,3117.54,3163.2,2750.71,2869.68,1050805.93,3131430738.391756,494989.1069,1476742890.842307,5974563,-0.08284370398634877,0.0012664794921875,0.0035550460255056038,-0.047119140625,-0.027587890625,0.031005859375,0.05078125
ETHUSDT,2025-02-03 00:00:00+00:00,2869.68,2921.0,2125.01,2879.9,2807979.021,7325488963.974643,1344253.3318,3509887592.196321,10550628,0.0035550460255056038,-0.0018768310546875,-0.05301815966572487,-0.055908203125,-0.0341796875,0.030517578125,0.052734375
ETHUSDT,2025-02-04 00:00:00+00:00,2879.89,2888.5,2632.6,2731.19,1259594.3919,3477670143.18934,602952.4706,1664512055.454141,4767588,-0.05301815966572487,-0.000576019287109375,0.02067674723543167,-0.053955078125,-0.0322265625,0.031494140625,0.0537109375
ETHUSDT,2025-02-05 00:00:00+00:00,2731.19,2826.95,2699.13,2788.25,686593.0429,1897054238.4902232,327991.4256,906340721.064559,3498289,0.02067674723543167,-0.0003986358642578125,-0.03712281664965289,-0.049072265625,-0.0294189453125,0.028564453125,0.0478515625
ETHUSDT,2025-02-06 00:00:00+00:00,2788.25,2857.64,2655.28,2686.64,719459.9571,1981674881.3221192,325809.3292,897799508.979957,3805682,-0.03712281664965289,0.0002689361572265625,-0.02431581880329059,-0.038330078125,-0.0224609375,0.0235595703125,0.038330078125
ETHUSDT,2025-02-07 00:00:00+00:00,2686.63,2797.5,2562.51,2622.1,695467.3612,1875060380.334312,327218.1388,882532535.7225661,3272698,-0.02431581880329059,-3.2633543014526367e-06,0.003943246789126498,-0.0361328125,-0.0208740234375,0.020751953125,0.03466796875
ETHUSDT,2025-02-08 00:00:00+00:00,2622.11,2667.3,2588.8,2632.46,379685.1509,996898803.984915,182406.1592,478945902.373384,1865406,0.003943246789126498,-0.00112152099609375,-0.0020077426491758033,-0.039306640625,-0.0233154296875,0.020263671875,0.03466796875
ETHUSDT,2025-02-09 00:00:00+00:00,2632.46,2698.9,2520.02,2627.18,387166.7911,1016386052.050485,185314.8373,486833033.68547696,2319910,-0.0020077426491758033,-0.0007781982421875,0.012862363595727011,-0.0419921875,-0.0247802734375,0.0235595703125,0.0390625
ETHUSDT,2025-02-10 00:00:00+00:00,2627.18,2693.79,2559.85,2661.19,398173.2716,1051708232.55688,195023.1915,515093980.36806,2736600,0.012862363595727011,-0.0024566650390625,-0.022266288133639733,-0.04541015625,-0.027099609375,0.0218505859375,0.0380859375
ETHUSDT,2025-02-11 00:00:00+00:00,2661.19,2725.04,2558.24,2602.59,484196.1435,1286091770.773805,226374.751,602010853.065178,2776008,-0.022266288133639733,-0.000972747802734375,0.050819231088437,-0.041259765625,-0.0247802734375,0.022705078125,0.038330078125
ETHUSDT,2025-02-12 00:00:00+00:00,2602.59,2795.45,2546.92,2738.27,646295.8959,1705436939.533127,324858.6193,858009920.218688,4190060,0.050819231088437,9.393692016601562e-05,-0.02305177301420791,-0.04150390625,-0.0247802734375,0.025390625,0.041015625
ETHUSDT,2025-02-13 00:00:00+00:00,2738.27,2757.28,2612.76,2675.87,443769.2853,1185301387.824423,217787.6458,581683038.436098,3213834,-0.02305177301420791,0.00058746337890625,0.01854243009741019,-0.03759765625,-0.02197265625,0.0242919921875,0.039306640625
ETHUSDT,2025-02-14 00:00:00+00:00,2675.87,2791.78,2664.46,2725.95,419895.7862,1142877818.043903,222908.7801,606858652.1395049,2645594,0.01854243009741019,0.00145721435546875,-0.01214632417065964,-0.03369140625,-0.01904296875,0.022216796875,0.0361328125
ETHUSDT,2025-02-15 00:00:00+00:00,2725.95,2739.0,2662.28,2693.04,202971.4295,548554180.2223231,90810.3179,245463912.573468,1678502,-0.01214632417065964,0.0002269744873046875,-0.011814609501231033,-0.033447265625,-0.01953125,0.0196533203125,0.03271484375
ETHUSDT,2025-02-16 00:00:00+00:00,2693.04,2727.31,2651.26,2661.41,191231.5314,514482095.174283,89433.4055,240599550.812392,1449884,-0.011814609501231033,-3.409385681152344e-05,0.030578873730619627,-0.035400390625,-0.0203857421875,0.020751953125,0.034912109375
ETHUSDT,2025-02-17 00:00:00+00:00,2661.41,2849.7,2637.71,2744.05,639739.8197,1752388687.805609,329950.3751,904399237.600089,3881592,0.030578873730619627,-5.817413330078125e-05,-0.026611418119546038,-0.04296875,-0.0257568359375,0.0257568359375,0.042724609375
ETHUSDT,2025-02-18 00:00:00+00:00,2744.05,2756.93,2605.44,2671.99,604863.8737,1616153629.018717,285508.8694,762964442.3858529,3898156,-0.026611418119546038,0.000732421875,0.016152585340337033,-0.0439453125,-0.02587890625,0.02783203125,0.046142578125
ETHUSDT,2025-02-19 00:00:00+00:00,2672.0,2736.7,2656.03,2715.5,326154.0202,882047186.131933,163604.8767,442601160.33245903,2376004,0.016152585340337033,1.0609626770019531e-05,0.008266237470579085,-0.038330078125,-0.022705078125,0.023193359375,0.0380859375
ETHUSDT,2025-02-20 00:00:00+00:00,2715.51,2770.59,2707.18,2738.04,336735.2544,921476439.354937,170515.6667,466756209.201236,2096063,0.008266237470579085,0.0018768310546875,-0.027789029131547238,-0.0322265625,-0.0177001953125,0.021484375,0.03515625
ETHUSDT,2025-02-21 00:00:00+00:00,2738.04,2845.32,2616.72,2663.0,890440.0604,2429306635.177234,428879.7345,1170981749.414793,3872201,-0.027789029131547238,0.00058746337890625,0.03694335953723282,-0.03271484375,-0.0186767578125,0.020263671875,0.033447265625
ETHUSDT,2025-02-22 00:00:00+00:00,2663.0,2798.07,2653.33,2763.22,444989.6669,1214059511.899935,248387.7772,677008292.573996,2597168,0.03694335953723282,-0.000888824462890625,0.02023028346033673,-0.037841796875,-0.022705078125,0.0211181640625,0.03564453125
ETHUSDT,2025-02-23 00:00:00+00:00,2763.23,2857.34,2745.41,2819.69,611002.1222,1711849865.819046,321625.3377,901407652.084993,2796506,0.02023028346033673,0.00167083740234375,-0.11494278867850127,-0.040771484375,-0.0238037109375,0.0277099609375,0.044189453125
ETHUSDT,2025-02-24 00:00:00+00:00,2819.7,2839.95,2470.33,2513.52,876876.3707,2334572148.6619554,411575.6658,1095102528.763101,4737903,-0.11494278867850127,-0.0020751953125,-0.007114910175048728,-0.053466796875,-0.031982421875,0.0274658203125,0.047119140625
ETHUSDT,2025-02-25 00:00:00+00:00,2513.52,2533.49,2313.49,2495.7,1322016.8718,3207776114.782463,655424.217,1590563026.371759,7076645,-0.007114910175048728,0.000545501708984375,-0.06597080814131129,-0.05859375,-0.033935546875,0.035888671875,0.061279296875
ETHUSDT,2025-02-26 00:00:00+00:00,2495.69,2507.5,2253.77,2336.37,863087.2133,2059160287.050773,408608.956,975185376.421555,5495972,-0.06597080814131129,0.000637054443359375,-0.012338418705883925,-0.048828125,-0.029296875,0.031494140625,0.05126953125
ETHUSDT,2025-02-27 00:00:00+00:00,2336.38,2381.6,2230.57,2307.72,637583.9106,1480849324.540646,297736.9154,691230000.438891,3906903,-0.012338418705883925,0.0009002685546875,-0.030860630307000037,-0.04150390625,-0.0245361328125,0.02685546875,0.043212890625
ETHUSDT,2025-02-28 00:00:00+00:00,2307.72,2314.18,2076.26,2237.59,1291539.0557,2794546441.726884,625030.5287,1351940395.764772,5708556,-0.030860630307000037,9.870529174804688e-05,-0.009068565261910244,-0.04443359375,-0.0267333984375,0.02685546875,0.043212890625
ETHUSDT,2025-03-01 00:00:00+00:00,2237.59,2281.14,2142.73,2217.39,446430.7271,988941461.4303609,209196.8605,463872993.77574897,2511839,-0.009068565261910244,-0.0012054443359375,0.12717779157291886,-0.0478515625,-0.0281982421875,0.0257568359375,0.043701171875
ETHUSDT,2025-03-02 00:00:00+00:00,2217.4,2550.58,2172.04,2518.11,1266684.7748,3001215557.6036873,627527.3017,1488652979.402768,4977392,0.12717779157291886,0.000347137451171875,-0.15850134915595238,-0.05859375,-0.034912109375,0.037353515625,0.061767578125
ETHUSDT,2025-03-03 00:00:00+00:00,2518.12,2523.56,2097.91,2149.01,1109565.2003,2529346005.909485,510488.2652,1161760907.053157,4969357,-0.15850134915595238,-0.000164031982421875,0.010415507117135014,-0.06640625,-0.03857421875,0.040283203125,0.0703125
ETHUSDT,2025-03-04 00:00:00+00:00,2149.02,2221.88,1993.2,2171.51,1257822.3372,2634485208.2597713,596181.03,1248910466.060303,5856962,0.010415507117135014,0.00016307830810546875,0.03176265739762929,-0.059326171875,-0.033935546875,0.03515625,0.060302734375
ETHUSDT,2025-03-05 00:00:00+00:00,2171.5,2273.51,2155.03,2241.59,687130.7897,1514537132.807393,326604.0072,720412253.0310271,3480893,0.03176265739762929,-0.00026702880859375,-0.01772857479408607,-0.054443359375,-0.03173828125,0.031982421875,0.0546875
ETHUSDT,2025-03-06 00:00:00+00:00,2241.59,2319.99,2176.9,2202.2,596908.3935,1343407922.359188,304201.8256,684721457.490546,3304973,-0.01772857479408607,0.000911712646484375,-0.02790364747334806,-0.046630859375,-0.0264892578125,0.029052734375,0.04833984375
ETHUSDT,2025-03-07 00:00:00+00:00,2202.21,2258.47,2101.82,2141.6,782387.2606,1698459492.23933,384442.6282,834995037.361386,4452265,-0.02790364747334806,-0.00022220611572265625,0.028530097293870682,-0.045166015625,-0.026611328125,0.0262451171875,0.043701171875
ETHUSDT,2025-03-08 00:00:00+00:00,2141.6,2234.93,2105.06,2203.58,328793.0979,714743022.410347,165408.6608,359616114.815223,2118806,0.028530097293870682,-0.000606536865234375,-0.0867828494034173,-0.0439453125,-0.025146484375,0.024169921875,0.04052734375
ETHUSDT,2025-03-09 00:00:00+00:00,2203.57,2212.0,1989.66,2020.41,601671.5882,1249766628.544949,283406.499,589074622.734246,2791079,-0.0867828494034173,-0.001678466796875,-0.07998579015319418,-0.0595703125,-0.035400390625,0.0322265625,0.054931640625
ETHUSDT,2025-03-10 00:00:00+00:00,2020.43,2152.4,1810.01,1865.1,1248745.3514,2461512870.7707767,617411.7094,1216440716.446106,5261040,-0.07998579015319418,-0.00372314453125,0.030795379592982286,-0.07470703125,-0.0458984375,0.038818359375,0.06787109375
ETHUSDT,2025-03-11 00:00:00+00:00,1865.11,1963.2,1754.28,1923.43,1171427.9995,2203451540.611388,576537.0793,1085290919.303633,4578427,0.030795379592982286,-0.00107574462890625,-0.007949661218638049,-0.058349609375,-0.034423828125,0.033203125,0.05810546875
ETHUSDT,2025-03-12 00:00:00+00:00,1923.42,1960.0,1829.72,1908.2,788739.6763,1494384669.01818,399364.7041,756917595.001095,3444921,-0.007949661218638049,-0.00099945068359375,-0.0231191995500879,-0.052490234375,-0.03076171875,0.029052734375,0.049072265625
ETHUSDT,2025-03-13 00:00:00+00:00,1908.2,1923.09,1821.81,1864.59,569537.2622,1069629049.44307,276728.702,519941674.76874304,2688683,-0.0231191995500879,-0.000278472900390625,0.024925553693882385,-0.0458984375,-0.0264892578125,0.0260009765625,0.044189453125
ETHUSDT,2025-03-14 00:00:00+00:00,1864.59,1945.64,1861.31,1911.65,375805.7355,718122712.753679,196808.7418,376032113.70590496,1728618,0.024925553693882385,0.0001430511474609375,0.013261401678778206,-0.04296875,-0.0247802734375,0.02490234375,0.04150390625
ETHUSDT,2025-03-15 00:00:00+00:00,1911.64,1957.19,1903.75,1937.17,209545.8675,404571982.738394,103183.2548,199258936.505655,884429,0.013261401678778206,-0.00077056884765625,-0.026239878771768588,-0.041259765625,-0.0244140625,0.0225830078125,0.037841796875
ETHUSDT,2025-03-16 00:00:00+00:00,1937.18,1940.87,1860.38,1887.0,324766.6564,616620264.891675,147750.6179,280566280.649476,1466585,-0.026239878771768588,-0.002593994140625,0.020617989385470104,-0.044921875,-0.02734375,0.02197265625,0.037841796875
ETHUSDT,2025-03-17 00:00:00+00:00,1887.01,1952.4,1879.98,1926.31,334840.4877,641484974.2783071,166794.9782,319499477.720785,1566024,0.020617989385470104,-0.002105712890625,0.0027113564311767036,-0.04296875,-0.0257568359375,0.021240234375,0.036865234375
ETHUSDT,2025-03-18 00:00:00+00:00,1926.3,1936.2,1872.31,1931.54,332896.0155,632109997.551311,156778.6707,297667875.793969,1549810,0.0027113564311767036,-0.0009307861328125,0.062473917843424154,-0.041748046875,-0.0240478515625,0.022216796875,0.037841796875
ETHUSDT,2025-03-19 00:00:00+00:00,1931.54,2069.9,1927.58,2056.06,691809.5034,1385193898.481618,338168.3696,677189954.2620311,2614680,0.062473917843424154,-0.0005035400390625,-0.03578237356016167,-0.047607421875,-0.0281982421875,0.028076171875,0.046142578125
ETHUSDT,2025-03-20 00:00:00+00:00,2056.05,2067.9,1952.17,1983.79,401518.9282,800851703.9375689,185718.3372,370117787.13141906,1885019,-0.03578237356016167,0.0020599365234375,-0.009135304596833649,-0.038818359375,-0.021484375,0.0264892578125,0.04345703125
ETHUSDT,2025-03-21 00:00:00+00:00,1983.79,1996.73,1937.1,1965.75,262641.659,516587945.858554,130673.0391,256964902.673041,1470569,-0.009135304596833649,-0.000560760498046875,0.007571416958698229,-0.039794921875,-0.0233154296875,0.0224609375,0.037841796875
ETHUSDT,2025-03-22 00:00:00+00:00,1965.74,2006.61,1964.34,1980.69,170782.9574,339679365.319319,83417.243,165949750.564435,833146,0.007571416958698229,-0.0012969970703125,0.01269243563426592,-0.039306640625,-0.0234375,0.0213623046875,0.03662109375
ETHUSDT,2025-03-23 00:00:00+00:00,1980.68,2020.74,1976.81,2005.99,268707.5233,537810044.752251,141545.4057,283218620.576171,973880,0.01269243563426592,2.6226043701171875e-05,0.03680694595155831,-0.039794921875,-0.0233154296875,0.023681640625,0.0390625
ETHUSDT,2025-03-24 00:00:00+00:00,2005.99,2104.11,1977.67,2081.2,477912.8154,985984215.594533,241987.6758,499157615.491606,1804046,0.03680694595155831,-0.0005035400390625,-0.007257678306284099,-0.04833984375,-0.0283203125,0.0279541015625,0.046142578125
ETHUSDT,2025-03-25 00:00:00+00:00,2081.2,2097.7,2037.08,2066.15,328765.3292,678919919.780749,144848.2928,299282311.765827,1398034,-0.007257678306284099,-0.0003643035888671875,-0.027791084545578215,-0.053466796875,-0.03173828125,0.0311279296875,0.05224609375
ETHUSDT,2025-03-26 00:00:00+00:00,2066.16,2079.21,1981.6,2009.52,428975.3286,872757205.466645,181445.0723,369125581.32051104,1468474,-0.027791084545578215,-0.00030517578125,-0.0029203794321741583,-0.04833984375,-0.02880859375,0.0289306640625,0.04931640625
ETHUSDT,2025-03-27 00:00:00+00:00,2009.52,2037.38,1987.06,2003.66,360634.8383,726385594.534751,154040.2327,310291637.030968,1394730,-0.0029203794321741583,0.000904083251953125,-0.05475453339943481,-0.03271484375,-0.0177001953125,0.0198974609375,0.033203125
ETHUSDT,2025-03-28 00:00:00+00:00,2003.67,2015.93,1860.0,1896.9,626167.5832,1197329354.058415,307332.2769,587606938.5845151,2245087,-0.05475453339943481,0.000629425048828125,-0.03695473900003421,-0.03662109375,-0.0205078125,0.021728515625,0.036376953125
ETHUSDT,2025-03-29 00:00:00+00:00,1896.9,1913.6,1797.2,1828.08,409769.7555,758545295.8717791,199201.1398,368752720.356886,1755638,-0.03695473900003421,-0.0008544921875,-0.011188789431230362,-0.04833984375,-0.0281982421875,0.0263671875,0.04443359375
ETHUSDT,2025-03-30 00:00:00+00:00,1828.09,1849.01,1767.69,1807.74,327843.4476,595676639.883548,164123.1476,298224370.054843,1523210,-0.011188789431230362,-0.00109100341796875,0.00809332906461524,-0.048828125,-0.02880859375,0.02685546875,0.045166015625
ETHUSDT,2025-03-31 00:00:00+00:00,1807.74,1854.22,1776.75,1822.43,497854.9052,904456573.0104151,248408.7865,451323627.204578,2283021,0.00809332906461524,-0.00162506103515625,0.04430073445199856,-0.05029296875,-0.0302734375,0.026123046875,0.04345703125
ETHUSDT,2025-04-01 00:00:00+00:00,1822.43,1927.9,1817.88,1904.98,452989.0974,851190042.273377,227293.9134,427068696.66992,2141608,0.04430073445199856,-0.00060272216796875,-0.059343932731742655,-0.05029296875,-0.0296630859375,0.0283203125,0.046630859375
ETHUSDT,2025-04-02 00:00:00+00:00,1904.98,1957.0,1781.53,1795.22,750840.7823,1411539014.562126,364479.3767,685797603.6286111,3408080,-0.059343932731742655,-0.00138092041015625,0.012185786577508573,-0.05615234375,-0.033447265625,0.03076171875,0.052734375
ETHUSDT,2025-04-03 00:00:00+00:00,1795.21,1845.26,1750.0,1817.23,508075.018,912214691.840036,253462.4464,455404696.427552,2579520,0.012185786577508573,-0.000743865966796875,-0.00019812333242263946,-0.049560546875,-0.029296875,0.0274658203125,0.0458984375
ETHUSDT,2025-04-04 00:00:00+00:00,1817.23,1835.68,1758.72,1816.87,572734.4702,1030518559.141754,277397.8197,499272616.79746896,2647730,-0.00019812333242263946,0.000514984130859375,-0.005995248271207565,-0.04150390625,-0.024169921875,0.02490234375,0.040771484375
ETHUSDT,2025-04-05 00:00:00+00:00,1816.88,1827.29,1764.39,1806.01,201716.2696,362822603.997079,96425.6245,173484839.307568,861593,-0.005995248271207565,-0.0002155303955078125,-0.13321424803042614,-0.041015625,-0.023681640625,0.023193359375,0.038818359375
ETHUSDT,2025-04-06 00:00:00+00:00,1806.02,1817.0,1537.5,1580.76,979847.0958,1621420911.803542,453768.9316,751319408.63196,3251935,-0.13321424803042614,-7.677078247070312e-05,-0.01769144361261521,-0.061767578125,-0.035400390625,0.0341796875,0.058349609375
ETHUSDT,2025-04-07 00:00:00+00:00,1580.77,1639.0,1411.01,1553.04,2168796.0067,3314200223.327178,1076060.067,1645270461.504365,5723226,-0.01769144361261521,-0.0052490234375,-0.05263485816822744,-0.06689453125,-0.041748046875,0.031494140625,0.0576171875
ETHUSDT,2025-04-08 00:00:00+00:00,1553.04,1618.67,1441.3,1473.41,891846.1327,1361139288.977932,449628.1417,686762120.765776,3369669,-0.05263485816822744,-0.00201416015625,0.12495072793418771,-0.05615234375,-0.0341796875,0.0301513671875,0.052734375
ETHUSDT,2025-04-09 00:00:00+00:00,1473.41,1689.0,1385.05,1669.51,1968530.9138,2995077137.626647,990740.8363,1508747907.727771,4723847,0.12495072793418771,-0.000881195068359375,-0.09234066669439756,-0.057861328125,-0.0341796875,0.03271484375,0.05712890625
ETHUSDT,2025-04-10 00:00:00+00:00,1669.51,1669.85,1471.02,1522.25,911855.3934,1425649915.894919,454828.2592,711164539.487151,3007121,-0.09234066669439756,-0.00125885009765625,0.02887773097149715,-0.05419921875,-0.031982421875,0.02978515625,0.05078125
ETHUSDT,2025-04-11 00:00:00+00:00,1522.24,1591.47,1504.63,1566.85,578484.3183,901210974.608363,305707.1748,476514872.298804,2547292,0.02887773097149715,-0.0011749267578125,0.048174545213551134,-0.048583984375,-0.0286865234375,0.027099609375,0.045166015625
ETHUSDT,2025-04-12 00:00:00+00:00,1566.85,1669.59,1546.06,1644.18,501867.9033,813176435.313973,266899.4092,432987094.823904,2177800,0.048174545213551134,-0.0011138916015625,-0.028639131361487102,-0.05224609375,-0.031494140625,0.0299072265625,0.0498046875
ETHUSDT,2025-04-13 00:00:00+00:00,1644.19,1649.75,1562.01,1597.76,580136.6145,931598664.2918551,281372.538,452135764.61108303,2597350,-0.028639131361487102,-0.0004596710205078125,0.01614795776376088,-0.05126953125,-0.0301513671875,0.030517578125,0.051513671875
ETHUSDT,2025-04-14 00:00:00+00:00,1597.76,1691.5,1595.56,1623.77,645930.1419,1062426756.849636,332185.1295,546536662.981744,2975844,0.01614795776376088,-0.0028076171875,-0.02178417998114579,-0.056884765625,-0.03515625,0.02978515625,0.052978515625
ETHUSDT,2025-04-15 00:00:00+00:00,1623.78,1661.21,1583.12,1588.78,476178.8915,774210116.7106249,232389.8503,377978352.55460703,2283302,-0.02178417998114579,-0.0006103515625,-0.007353345914930642,-0.044921875,-0.02685546875,0.0264892578125,0.044189453125
ETHUSDT,2025-04-16 00:00:00+00:00,1588.77,1613.66,1538.07,1577.14,611387.8686,965271509.893183,311107.7903,491272640.364742,2645419,-0.007353345914930642,-0.0003986358642578125,0.004100285424177841,-0.0400390625,-0.02392578125,0.0240478515625,0.039306640625
ETHUSDT,2025-04-17 00:00:00+00:00,1577.15,1616.96,1563.2,1583.62,449870.3628,716711483.143345,226961.4241,361610704.82123107,1871114,0.004100285424177841,0.000579833984375,0.0031397595949247403,-0.037109375,-0.0216064453125,0.023193359375,0.037841796875
ETHUSDT,2025-04-18 00:00:00+00:00,1583.63,1600.64,1573.54,1588.6,200409.0359,317931022.839473,99073.5374,157166748.966902,889028,0.0031397595949247403,-0.00049591064453125,0.015410049874644116,-0.03125,-0.017822265625,0.0174560546875,0.030517578125
ETHUSDT,2025-04-19 00:00:00+00:00,1588.6,1631.81,1585.01,1613.27,223096.3899,358254845.712294,119856.3027,192451022.067047,1762563,0.015410049874644116,-0.000278472900390625,-0.016190916172083014,-0.040771484375,-0.023681640625,0.0234375,0.03955078125
ETHUSDT,2025-04-20 00:00:00+00:00,1613.26,1619.19,1565.59,1587.36,276052.2306,438377495.975152,138393.3947,219774032.482756,1913811,-0.016190916172083014,-0.0007781982421875,-0.00491960081936238,-0.0419921875,-0.02490234375,0.0235595703125,0.0400390625
ETHUSDT,2025-04-21 00:00:00+00:00,1587.36,1658.75,1564.07,1579.57,691486.6667,1117358203.868595,349723.7779,565324291.159292,4257816,-0.00491960081936238,-0.000823974609375,0.10603388993379337,-0.04296875,-0.025146484375,0.0238037109375,0.040771484375
ETHUSDT,2025-04-22 00:00:00+00:00,1579.57,1778.0,1537.26,1756.26,1103036.9586,1833852783.080129,570956.5969,949980453.538352,3841594,0.10603388993379337,0.000896453857421875,0.02185747036046859,-0.052734375,-0.03076171875,0.033935546875,0.056884765625
ETHUSDT,2025-04-23 00:00:00+00:00,1756.25,1834.86,1744.95,1795.07,887545.6316,1590311895.515477,465865.2367,834633411.499644,3346263,0.02185747036046859,0.000667572021484375,-0.01426223147476513,-0.052734375,-0.03076171875,0.033203125,0.05517578125
ETHUSDT,2025-04-24 00:00:00+00:00,1795.08,1802.82,1722.9,1769.65,483465.0385,851507192.04646,228156.9812,401904077.51987696,2225460,-0.01426223147476513,0.00171661376953125,0.008412513564324264,-0.045654296875,-0.0255126953125,0.0294189453125,0.048828125
ETHUSDT,2025-04-25 00:00:00+00:00,1769.64,1827.32,1738.6,1784.6,595610.8894,1063192910.339053,310119.5698,553732398.650821,2516748,0.008412513564324264,0.0008087158203125,0.020125600231877705,-0.04052734375,-0.022705078125,0.0244140625,0.040771484375
ETHUSDT,2025-04-26 00:00:00+00:00,1784.6,1841.16,1778.94,1820.88,355068.0442,640645562.865216,184308.0796,332672166.455174,1907298,0.020125600231877705,0.0001277923583984375,-0.016383870030276526,-0.048828125,-0.028076171875,0.0283203125,0.04736328125
ETHUSDT,2025-04-27 00:00:00+00:00,1820.87,1857.47,1781.9,1791.29,340332.6435,616122293.308254,164744.7128,298455924.453593,2405764,-0.016383870030276526,0.000316619873046875,0.0047839653276158245,-0.05224609375,-0.0301513671875,0.031494140625,0.052490234375
ETHUSDT,2025-04-28 00:00:00+00:00,1791.29,1827.98,1744.71,1799.88,587269.743,1049690759.152374,282424.4021,504906960.405928,2980656,0.0047839653276158245,-0.00018024444580078125,-0.0011507385174507334,-0.0546875,-0.03173828125,0.031494140625,0.054931640625
ETHUSDT,2025-04-29 00:00:00+00:00,1799.88,1842.99,1780.47,1797.81,480456.3884,871685371.749142,247137.1213,448518545.93327105,2590967,-0.0011507385174507334,-0.00014972686767578125,-0.002338908796338579,-0.05322265625,-0.030517578125,0.03076171875,0.052978515625
ETHUSDT,2025-04-30 00:00:00+00:00,1797.81,1816.8,1731.7,1793.61,473523.9877,843558998.326332,224863.7757,400751136.05107903,2468998,-0.002338908796338579,-0.00021839141845703125,0.024507521103854124,-0.04736328125,-0.0264892578125,0.025634765625,0.046875
ETHUSDT,2025-05-01 00:00:00+00:00,1793.62,1873.17,1792.52,1838.11,537198.7291,988206595.824892,284534.1382,523485516.25783294,2398765,0.024507521103854124,0.00019741058349609375,0.002222639768802104,-0.047119140625,-0.0269775390625,0.027587890625,0.04736328125
ETHUSDT,2025-05-02 00:00:00+00:00,1838.1,1871.0,1813.0,1842.2,410667.875,755324594.318921,214203.7089,394103918.03934497,2062923,0.002222639768802104,0.0010528564453125,-0.004722893002983675,-0.036376953125,-0.0196533203125,0.021484375,0.036376953125
ETHUSDT,2025-05-03 00:00:00+00:00,1842.2,1848.6,1810.0,1833.52,213751.5979,391267436.33205694,102337.2203,187310371.211181,1135719,-0.004722893002983675,-0.00057220458984375,-0.01354080397434032,-0.03662109375,-0.020751953125,0.019775390625,0.03466796875
ETHUSDT,2025-05-04 00:00:00+00:00,1833.52,1849.95,1803.0,1808.86,238254.3564,435999576.565349,115191.4115,210878994.455424,1443996,-0.01354080397434032,-0.00022411346435546875,0.006244078649583429,-0.0400390625,-0.0223388671875,0.0223388671875,0.03857421875
ETHUSDT,2025-05-05 00:00:00+00:00,1808.86,1833.55,1781.85,1820.19,342341.0078,619310042.705,174628.629,315946281.030022,1961255,0.006244078649583429,-0.000972747802734375,-0.001754101830223398,-0.045166015625,-0.0252685546875,0.0230712890625,0.04150390625
ETHUSDT,2025-05-06 00:00:00+00:00,1820.19,1820.9,1752.0,1817.0,384584.2451,687049952.313885,187697.5461,335412217.286639,2333041,-0.001754101830223398,0.00011777877807617188,-0.0032468724346577105,-0.038330078125,-0.021240234375,0.021728515625,0.03759765625
ETHUSDT,2025-05-07 00:00:00+00:00,1817.0,1850.0,1787.01,1811.11,456170.0705,831394497.734043,237181.4755,432215626.27634495,2408512,-0.0032468724346577105,0.000324249267578125,0.1978709051504639,-0.034912109375,-0.0189208984375,0.0186767578125,0.033935546875
ETHUSDT,2025-05-08 00:00:00+00:00,1811.11,2226.0,1808.71,2207.39,1473152.686,2976074419.3235407,774940.4643,1564609175.673035,5616063,0.1978709051504639,0.00151824951171875,0.06049163719221973,-0.051025390625,-0.02734375,0.030517578125,0.056640625
ETHUSDT,2025-05-09 00:00:00+00:00,2207.39,2490.77,2184.33,2345.04,1667041.0382,3881949928.351723,816968.732,1901989668.6770113,6885286,0.06049163719221973,0.00146484375,0.09673809457506444,-0.043212890625,-0.023193359375,0.0272216796875,0.046142578125
ETHUSDT,2025-05-10 00:00:00+00:00,2345.04,2600.0,2317.0,2583.23,979350.1606,2393510879.665205,508011.2632,1242333639.703975,4862978,0.09673809457506444,0.0016021728515625,-0.026938739118238075,-0.044921875,-0.02490234375,0.0286865234375,0.048583984375
ETHUSDT,2025-05-11 00:00:00+00:00,2583.22,2608.13,2435.51,2514.57,831584.3888,2087255708.689512,402700.0972,1010999635.269731,4340859,-0.026938739118238075,0.001373291015625,-0.007624726562569961,-0.047607421875,-0.0260009765625,0.0301513671875,0.051025390625
ETHUSDT,2025-05-12 00:00:00+00:00,2514.58,2624.0,2406.63,2495.47,1068680.9433,2694150708.6427608,534397.3204,1347640836.766131,5441783,-0.007624726562569961,-0.000301361083984375,0.07123149149621355,-0.06201171875,-0.0361328125,0.036865234375,0.06396484375
ETHUSDT,2025-05-13 00:00:00+00:00,2495.48,2738.5,2415.3,2679.71,1031355.6465,2653880363.305381,569632.7662,1468803335.988289,4666012,0.07123149149621355,0.0003490447998046875,-0.026457980198254738,-0.058837890625,-0.033447265625,0.036865234375,0.06494140625
ETHUSDT,2025-05-14 00:00:00+00:00,2679.71,2725.99,2547.26,2609.74,830047.1122,2183890526.340228,413256.8419,1088633834.584732,4181188,-0.026457980198254738,0.000827789306640625,-0.023671097836286847,-0.0498046875,-0.0279541015625,0.031005859375,0.055908203125
ETHUSDT,2025-05-15 00:00:00+00:00,2609.75,2647.03,2476.03,2548.69,768954.0332,1963827790.236602,396304.5157,1012773316.797603,4305508,-0.023671097836286847,0.000934600830078125,-0.004549922218868296,-0.033935546875,-0.0181884765625,0.0208740234375,0.0361328125
ETHUSDT,2025-05-16 00:00:00+00:00,2548.7,2649.31,2529.4,2537.12,605953.6919,1568128704.046345,323624.7041,837990689.5669379,3310498,-0.004549922218868296,0.00154876708984375,-0.024756860728527563,-0.0322265625,-0.0167236328125,0.0203857421875,0.035400390625
ETHUSDT,2025-05-17 00:00:00+00:00,2537.13,2538.16,2446.42,2475.08,494333.2782,1227578098.31878,227882.8455,566013389.009042,2950197,-0.024756860728527563,-0.000431060791015625,0.009129618637998327,-0.04052734375,-0.0228271484375,0.0230712890625,0.040283203125
ETHUSDT,2025-05-18 00:00:00+00:00,2475.09,2587.61,2323.21,2497.78,810103.1851,2001441345.4342968,400896.368,990832542.382129,3416878,0.009129618637998327,0.0003108978271484375,0.012081517129454156,-0.04833984375,-0.0272216796875,0.02880859375,0.049560546875
ETHUSDT,2025-05-19 00:00:00+00:00,2497.78,2547.36,2348.38,2528.14,861747.523,2109843607.573324,431712.8465,1057907975.585551,4757453,0.012081517129454156,-0.000698089599609375,-0.0015636353147154836,-0.051513671875,-0.0296630859375,0.0291748046875,0.052490234375
ETHUSDT,2025-05-20 00:00:00+00:00,2528.14,2588.63,2442.4,2524.19,676989.1747,1703522806.130449,338210.0092,851893459.669116,3816684,-0.0015636353147154836,-0.0004482269287109375,0.010561299937300817,-0.04833984375,-0.0272216796875,0.0277099609375,0.051513671875
ETHUSDT,2025-05-21 00:00:00+00:00,2524.19,2615.95,2452.2,2550.99,1095890.2902,2780015740.832861,550624.5604,1397549396.349744,5568312,0.010561299937300817,-0.00080108642578125,0.04365499400221573,-0.044189453125,-0.024658203125,0.02294921875,0.04150390625
ETHUSDT,2025-05-22 00:00:00+00:00,2551.0,2692.99,2544.83,2664.82,852555.6669,2246807632.745271,448569.1098,1182067855.833156,5196535,0.04365499400221573,0.0015869140625,-0.05330156737301994,-0.03564453125,-0.0191650390625,0.0228271484375,0.038330078125
ETHUSDT,2025-05-23 00:00:00+00:00,2664.83,2734.23,2498.3,2526.5,971442.4532,2537338702.615742,473528.1684,1237163443.755829,5450420,-0.05330156737301994,0.002349853515625,0.0015424472594762761,-0.033203125,-0.0169677734375,0.0228271484375,0.038330078125
ETHUSDT,2025-05-24 00:00:00+00:00,2526.49,2575.85,2515.08,2530.4,257544.2344,656038924.220513,128007.8604,326091787.487667,2090724,0.0015424472594762761,-0.0002593994140625,0.008194283121782497,-0.045654296875,-0.0250244140625,0.0247802734375,0.04296875
ETHUSDT,2025-05-25 00:00:00+00:00,2530.41,2554.26,2463.0,2551.22,359890.0299,901956598.7248739,170482.1859,427565947.98883694,2556052,0.008194283121782497,1.2695789337158203e-05,0.004879851401569546,-0.050537109375,-0.028564453125,0.0291748046875,0.050048828125
ETHUSDT,2025-05-26 00:00:00+00:00,2551.22,2599.0,2525.86,2563.7,362971.1182,929347758.924527,175269.0596,448860267.78344494,2374458,0.004879851401569546,-7.009506225585938e-05,0.03717906018499928,-0.051513671875,-0.0294189453125,0.029052734375,0.0517578125
ETHUSDT,2025-05-27 00:00:00+00:00,2563.7,2712.36,2509.46,2660.81,798430.8862,2101748442.5248728,412557.6256,1085725214.202044,4017588,0.03717906018499928,0.000492095947265625,0.007783043587973104,-0.052490234375,-0.0294189453125,0.0308837890625,0.054931640625
ETHUSDT,2025-05-28 00:00:00+00:00,2660.81,2689.14,2608.5,2681.6,560095.6833,1480645502.351484,273261.3831,722627732.7578701,3160462,0.007783043587973104,0.0003452301025390625,-0.018901407621664923,-0.04736328125,-0.0263671875,0.02734375,0.049560546875
ETHUSDT,2025-05-29 00:00:00+00:00,2681.61,2788.0,2619.05,2631.39,811567.2545,2189640513.339573,405459.3733,1094147671.84856,4254669,-0.018901407621664923,0.0007781982421875,-0.03876341688777796,-0.03955078125,-0.0213623046875,0.023681640625,0.04150390625
ETHUSDT,2025-05-30 00:00:00+00:00,2631.39,2649.23,2507.35,2531.34,763045.2564,1976177953.879442,376566.6772,975743608.339547,4624552,-0.03876341688777796,0.000797271728515625,-0.0012965966160090048,-0.0302734375,-0.01611328125,0.01806640625,0.03125
ETHUSDT,2025-05-31 00:00:00+00:00,2531.35,2550.34,2475.33,2528.06,394537.2521,994330383.170508,197180.2806,497000872.32481104,2792146,-0.0012965966160090048,5.6743621826171875e-05,0.004400798850344501,-0.03759765625,-0.020263671875,0.0205078125,0.03564453125
ETHUSDT,2025-06-01 00:00:00+00:00,2528.06,2547.79,2468.56,2539.21,332021.7088,834842712.2775409,165557.314,416473007.50785106,2210246,0.004400798850344501,-0.000270843505859375,0.026504382446835173,-0.04541015625,-0.025390625,0.02490234375,0.043701171875
ETHUSDT,2025-06-02 00:00:00+00:00,2539.2,2615.0,2475.0,2607.41,468889.9737,1184963591.471666,232758.6658,588585524.428128,3239230,0.026504382446835173,-0.000762939453125,-0.00540305923168205,-0.052490234375,-0.0303955078125,0.0296630859375,0.052978515625
ETHUSDT,2025-06-03 00:00:00+00:00,2607.42,2655.38,2575.0,2593.36,454383.0439,1188862077.100825,228172.36,597147462.454556,3098351,-0.00540305923168205,0.00029754638671875,0.005506604904045531,-0.047119140625,-0.026123046875,0.0274658203125,0.0478515625
ETHUSDT,2025-06-04 00:00:00+00:00,2593.35,2679.88,2583.5,2607.68,502494.8214,1321537606.684948,260366.5898,685080028.877307,2754319,0.005506604904045531,-2.8848648071289062e-05,-0.07717167198088681,-0.043701171875,-0.024658203125,0.024658203125,0.042236328125
ETHUSDT,2025-06-05 00:00:00+00:00,2607.68,2640.86,2391.66,2414.01,808938.0344,2047572739.901186,378086.6913,958339246.4607271,4181206,-0.07717167198088681,0.000263214111328125,0.02539547656008878,-0.041748046875,-0.0234375,0.024658203125,0.041259765625
ETHUSDT,2025-06-06 00:00:00+00:00,2414.02,2531.36,2381.49,2476.1,578843.4974,1428256037.775954,290586.021,717257126.5020311,3246760,0.02539547656008878,0.0023345947265625,0.019409775607686086,-0.03271484375,-0.0169677734375,0.022216796875,0.036865234375
ETHUSDT,2025-06-07 00:00:00+00:00,2476.1,2544.36,2457.0,2524.63,264787.6743,662320802.305284,135613.3419,339037471.977697,1587509,0.019409775607686086,0.000293731689453125,-0.005879495570296989,-0.03955078125,-0.0216064453125,0.0225830078125,0.038330078125
ETHUSDT,2025-06-08 00:00:00+00:00,2524.64,2548.63,2490.58,2509.83,266474.7139,670516749.0596551,135061.7873,339794332.050441,1401175,-0.005879495570296989,0.00013256072998046875,0.0656502790426936,-0.043701171875,-0.0244140625,0.025390625,0.04541015625
ETHUSDT,2025-06-09 00:00:00+00:00,2509.84,2693.99,2477.73,2680.13,568726.3025,1458505754.33474,303579.9958,779517686.5498569,2896758,0.0656502790426936,-0.0008392333984375,0.049594172853838714,-0.052978515625,-0.031005859375,0.02978515625,0.053466796875
ETHUSDT,2025-06-10 00:00:00+00:00,2680.13,2827.0,2655.61,2816.4,1138405.4775,3115655145.472068,605348.556,1656990975.326069,5277581,0.049594172853838714,0.0010528564453125,-0.016031094874015217,-0.052490234375,-0.0299072265625,0.032958984375,0.05712890625
ETHUSDT,2025-06-11 00:00:00+00:00,2816.41,2879.22,2743.75,2771.61,850210.9324,2388186204.977766,410413.9413,1153264237.421366,4906906,-0.016031094874015217,-0.000579833984375,-0.047646177209984764,-0.054443359375,-0.031982421875,0.03125,0.054443359375
ETHUSDT,2025-06-12 00:00:00+00:00,2771.6,2784.83,2616.24,2642.65,699593.3757,1905633561.097528,343802.7294,937069085.599158,4172997,-0.047646177209984764,0.000911712646484375,-0.02430680542740138,-0.0400390625,-0.022216796875,0.024658203125,0.04296875
ETHUSDT,2025-06-13 00:00:00+00:00,2642.66,2645.45,2436.98,2579.19,1202176.2972,3033896895.562154,570084.1354,1438866069.089298,6026303,-0.02430680542740138,0.001373291015625,-0.018955743264715608,-0.0302734375,-0.0162353515625,0.0201416015625,0.03369140625
ETHUSDT,2025-06-14 00:00:00+00:00,2579.19,2579.43,2488.72,2530.76,331438.9278,838399986.4601071,155289.4372,393033307.094926,1988958,-0.018955743264715608,-0.000762939453125,0.006636011883638382,-0.031982421875,-0.017822265625,0.0159912109375,0.029052734375
ETHUSDT,2025-06-15 00:00:00+00:00,2530.77,2559.51,2492.0,2547.61,299701.6624,758742736.7676231,153252.4073,388090718.363716,1846489,0.006636011883638382,0.0003108978271484375,-0.0013511976257332137,-0.0322265625,-0.0177001953125,0.0179443359375,0.0308837890625
ETHUSDT,2025-06-16 00:00:00+00:00,2547.62,2680.34,2514.85,2544.17,680429.988,1774646762.471706,348962.3301,910684719.14748,3434185,-0.0013511976257332137,-0.0003376007080078125,-0.013541634518074552,-0.044921875,-0.0257568359375,0.025146484375,0.044189453125
ETHUSDT,2025-06-17 00:00:00+00:00,2544.17,2618.6,2453.8,2509.95,715930.4081,1815306987.093816,359536.2104,912037726.6654791,4017130,-0.013541634518074552,-0.00061798095703125,0.00597823010076759,-0.0546875,-0.03173828125,0.0296630859375,0.05126953125
ETHUSDT,2025-06-18 00:00:00+00:00,2509.95,2548.42,2465.78,2525.0,504532.1818,1266177014.470926,250381.7951,628614334.113376,3243812,0.00597823010076759,-0.00063323974609375,-0.0015378154957241819,-0.048828125,-0.0286865234375,0.02734375,0.048828125
ETHUSDT,2025-06-19 00:00:00+00:00,2525.0,2546.91,2485.03,2521.12,252646.059,636251233.0103929,122131.8125,307645921.480362,1667327,-0.0015378154957241819,0.000949859619140625,-0.046533992891630405,-0.0301513671875,-0.0162353515625,0.0181884765625,0.03125
ETHUSDT,2025-06-20 00:00:00+00:00,2521.13,2569.0,2367.36,2406.49,632027.8235,1559837109.182709,283785.5071,700887886.0366,3175602,-0.046533992891630405,0.0012359619140625,-0.047118378616393564,-0.03076171875,-0.0167236328125,0.0198974609375,0.033447265625
ETHUSDT,2025-06-21 00:00:00+00:00,2406.49,2448.8,2216.0,2295.73,496783.864,1167664698.578644,223536.0109,525577801.093422,2825558,-0.047118378616393564,6.914138793945312e-05,-0.03008121263488306,-0.036865234375,-0.0203857421875,0.020751953125,0.035888671875
ETHUSDT,2025-06-22 00:00:00+00:00,2295.72,2314.48,2111.89,2227.7,840155.8295,1865382440.303028,410219.4606,910717903.71948,5203723,-0.03008121263488306,-0.000453948974609375,0.07934564398281108,-0.04541015625,-0.025634765625,0.025390625,0.04345703125
ETHUSDT,2025-06-23 00:00:00+00:00,2227.7,2438.68,2188.0,2411.66,744583.8003,1707539521.027113,367124.3462,842382247.3632659,4477307,0.07934564398281108,-0.000850677490234375,0.015139864214513743,-0.055908203125,-0.032470703125,0.03125,0.05615234375
ETHUSDT,2025-06-24 00:00:00+00:00,2411.66,2482.04,2376.11,2448.45,516760.6621,1252322606.094842,255502.6802,619378004.307767,3133356,0.015139864214513743,-0.0005035400390625,-0.012311792807957467,-0.054443359375,-0.031494140625,0.03125,0.0546875
ETHUSDT,2025-06-25 00:00:00+00:00,2448.46,2468.69,2389.69,2418.49,414894.7387,1007574107.706431,206517.9982,501745009.719739,2776920,-0.012311792807957467,-0.0016632080078125,-0.0010466548339378434,-0.053955078125,-0.031494140625,0.0281982421875,0.05126953125
ETHUSDT,2025-06-26 00:00:00+00:00,2418.5,2520.92,2394.32,2415.96,463704.0261,1138310757.584065,234924.0215,577384294.658558,2978926,-0.0010466548339378434,-0.0001373291015625,0.0029798766865933857,-0.037353515625,-0.021484375,0.0211181640625,0.0361328125
ETHUSDT,2025-06-27 00:00:00+00:00,2415.96,2463.54,2382.53,2423.17,381474.766,927024811.54842,163666.228,397737067.68862706,2112477,0.0029798766865933857,0.00019931793212890625,0.005124743916839591,-0.0283203125,-0.015625,0.0164794921875,0.029296875
ETHUSDT,2025-06-28 00:00:00+00:00,2423.17,2447.8,2405.81,2435.62,155814.9859,378310903.948948,75110.0135,182401886.244142,855656,0.005124743916839591,-9.775161743164062e-05,0.02612538697861666,-0.029052734375,-0.0157470703125,0.0155029296875,0.0284423828125
ETHUSDT,2025-06-29 00:00:00+00:00,2435.62,2525.0,2412.0,2500.09,284291.8057,700329421.976834,147274.8033,363091989.66193295,1370707,0.02612538697861666,0.00058746337890625,-0.005864954752458296,-0.036865234375,-0.0205078125,0.022216796875,0.037109375
ETHUSDT,2025-06-30 00:00:00+00:00,2500.09,2524.3,2431.0,2485.47,440455.714,1093515997.924797,224857.1016,558417620.2177631,2333352,-0.005864954752458296,0.000518798828125,-0.03290771492047462,-0.042724609375,-0.0244140625,0.0264892578125,0.04736328125
ETHUSDT,2025-07-01 00:00:00+00:00,2485.47,2500.8,2386.52,2405.01,351951.0868,858543228.334264,158891.8622,387699992.1451,1978858,-0.03290771492047462,-0.00019073486328125,0.06651135770377259,-0.054931640625,-0.031982421875,0.03173828125,0.053466796875
ETHUSDT,2025-07-02 00:00:00+00:00,2405.01,2619.28,2373.0,2570.41,634967.0337,1599878809.253887,323198.0206,814743086.674377,2717139,0.06651135770377259,-0.00079345703125,0.008074965510841636,-0.054443359375,-0.03173828125,0.0303955078125,0.05419921875
ETHUSDT,2025-07-03 00:00:00+00:00,2570.41,2635.5,2556.12,2591.25,504943.6592,1308429372.972785,261017.406,676592013.259716,2506227,0.008074965510841636,0.000667572021484375,-0.03263881316104378,-0.0400390625,-0.0218505859375,0.0230712890625,0.04150390625
ETHUSDT,2025-07-04 00:00:00+00:00,2591.26,2603.17,2474.24,2508.04,452593.02,1142275937.968202,198158.5551,500628761.729327,1980591,-0.03263881316104378,0.0003814697265625,0.003331711030045703,-0.032958984375,-0.0179443359375,0.019287109375,0.033935546875
ETHUSDT,2025-07-05 00:00:00+00:00,2508.04,2529.81,2487.95,2516.41,157198.0958,394906375.017766,79575.3002,199902327.125929,911950,0.003331711030045703,0.0004482269287109375,0.021208793768126455,-0.034423828125,-0.0189208984375,0.0201416015625,0.034912109375
ETHUSDT,2025-07-06 00:00:00+00:00,2516.42,2605.0,2503.5,2570.35,277593.6319,707971625.070802,138516.8522,353423928.298894,1375995,0.021208793768126455,0.0004520416259765625,-0.010976826745835666,-0.0361328125,-0.020263671875,0.0218505859375,0.037353515625
ETHUSDT,2025-07-07 00:00:00+00:00,2570.35,2590.57,2512.0,2542.29,315707.5272,805370144.473485,155551.5678,396828929.46014494,1985043,-0.010976826745835666,-3.24249267578125e-05,0.028294445582588423,-0.04052734375,-0.022705078125,0.0223388671875,0.040771484375
ETHUSDT,2025-07-08 00:00:00+00:00,2542.3,2628.21,2523.59,2615.25,370915.7321,957180096.783727,193484.7421,499495444.93014896,1899797,0.028294445582588423,-0.000232696533203125,0.05703264782490436,-0.042724609375,-0.0242919921875,0.0242919921875,0.043701171875
ETHUSDT,2025-07-09 00:00:00+00:00,2615.25,2795.74,2589.78,2768.74,686119.3772,1844561572.9065993,357355.9972,961263657.5378339,2997546,0.05703264782490436,0.0004100799560546875,0.06385001983809158,-0.04736328125,-0.0272216796875,0.0283203125,0.048583984375
ETHUSDT,2025-07-10 00:00:00+00:00,2768.74,3000.0,2755.5,2951.29,951896.07,2707997922.265638,489489.5943,1391543272.394588,4235042,0.06385001983809158,6.246566772460938e-05,0.002345373195644207,-0.042724609375,-0.024169921875,0.0252685546875,0.044677734375
ETHUSDT,2025-07-11 00:00:00+00:00,2951.29,3040.15,2913.75,2958.22,906839.1689,2704484897.471723,446642.8472,1332154807.314855,4434934,0.002345373195644207,0.0013275146484375,-0.0050631303620845,-0.037841796875,-0.0211181640625,0.0242919921875,0.04052734375
ETHUSDT,2025-07-12 00:00:00+00:00,2958.21,2979.78,2903.85,2943.28,348884.8877,1027324169.831482,169290.3063,498560502.191284,1690700,-0.0050631303620845,0.00024127960205078125,0.009720615278928868,-0.04052734375,-0.0234375,0.0244140625,0.041259765625
ETHUSDT,2025-07-13 00:00:00+00:00,2943.29,3020.31,2936.49,2972.03,357333.5016,1063507989.977405,181359.7935,539737375.12212,1778200,0.009720615278928868,0.0016021728515625,0.013896792937287294,-0.03662109375,-0.0198974609375,0.0235595703125,0.039306640625
ETHUSDT,2025-07-14 00:00:00+00:00,2972.03,3083.0,2962.81,3013.62,815552.6496,2470137078.017986,386886.2252,1172067555.150503,3706161,0.013896792937287294,0.0012054443359375,0.04040858556728999,-0.042724609375,-0.0238037109375,0.0267333984375,0.04541015625
ETHUSDT,2025-07-15 00:00:00+00:00,3013.61,3144.14,2932.46,3137.89,863583.7377,2610352115.953149,452826.4011,1369794578.661733,4317422,0.04040858556728999,0.00061798095703125,0.07176265809814275,-0.05419921875,-0.031494140625,0.033203125,0.054443359375
ETHUSDT,2025-07-16 00:00:00+00:00,3137.9,3425.0,3101.0,3371.35,1135950.5831,3699155067.268267,586498.6429,1907885299.313174,4381562,0.07176265809814275,-0.000579833984375,0.030819206153466894,-0.05517578125,-0.032958984375,0.032958984375,0.05712890625
ETHUSDT,2025-07-17 00:00:00+00:00,3371.35,3523.44,3310.77,3476.87,974065.8264,3331779733.255004,483988.5692,1656122659.302883,5025581,0.030819206153466894,0.0019683837890625,0.019947157492513412,-0.041748046875,-0.02294921875,0.02783203125,0.046630859375
ETHUSDT,2025-07-18 00:00:00+00:00,3476.88,3673.84,3458.68,3546.92,1163823.3977,4180688128.221824,568849.4755,2043472787.034766,5566028,0.019947157492513412,0.0027618408203125,0.012632313134524509,-0.03369140625,-0.0177001953125,0.024658203125,0.0400390625
ETHUSDT,2025-07-19 00:00:00+00:00,3546.92,3608.3,3506.79,3592.01,381791.9213,1360031951.337076,178344.0076,635470858.679646,2217328,0.012632313134524509,0.0011749267578125,0.04482631614396837,-0.034423828125,-0.0184326171875,0.0208740234375,0.035400390625
ETHUSDT,2025-07-20 00:00:00+00:00,3592.0,3824.56,3579.13,3756.69,852356.5533,3170505338.400095,443544.9313,1649205513.376342,3794627,0.04482631614396837,0.0028533935546875,0.0015001957855602654,-0.04052734375,-0.0216064453125,0.030029296875,0.048583984375
ETHUSDT,2025-07-21 00:00:00+00:00,3756.69,3860.0,3701.01,3762.33,812074.0534,3070256408.919716,385711.4986,1458766820.895454,4156350,0.0015001957855602654,0.00101470947265625,-0.004293784082248564,-0.045166015625,-0.025390625,0.029052734375,0.048583984375
ETHUSDT,2025-07-22 00:00:00+00:00,3762.32,3798.65,3616.54,3746.21,870127.3864,3216022611.720179,418929.4808,1548480285.714007,4455526,-0.004293784082248564,0.00162506103515625,-0.031983199341521384,-0.044189453125,-0.0245361328125,0.0302734375,0.05126953125
ETHUSDT,2025-07-23 00:00:00+00:00,3746.21,3764.2,3527.0,3628.29,800259.4025,2907900644.9202952,369083.3537,1341700552.416428,3761894,-0.031983199341521384,-0.0009765625,0.021445275536585484,-0.048828125,-0.0281982421875,0.026611328125,0.048583984375
ETHUSDT,2025-07-24 00:00:00+00:00,3628.29,3771.0,3502.85,3706.94,749459.495,2743326751.987169,372725.3177,1364487144.845279,3752613,0.021445275536585484,0.00144195556640625,0.004849375076046769,-0.034912109375,-0.018798828125,0.0225830078125,0.03759765625
ETHUSDT,2025-07-25 00:00:00+00:00,3706.95,3747.0,3573.76,3724.96,764606.7261,2799663682.731906,370298.007,1356082362.396368,4083119,0.004849375076046769,0.00110626220703125,0.004323572310550361,-0.0299072265625,-0.0159912109375,0.0185546875,0.031982421875
ETHUSDT,2025-07-26 00:00:00+00:00,3724.97,3793.0,3697.66,3741.1,407259.7024,1525422085.066145,204826.1817,767464713.633392,1720495,0.004323572310550361,0.0002727508544921875,0.03441730969773005,-0.033447265625,-0.0179443359375,0.0184326171875,0.032470703125
ETHUSDT,2025-07-27 00:00:00+00:00,3741.11,3879.82,3731.0,3872.1,457352.4605,1744992440.585528,230309.3217,878880700.3788259,2299384,0.03441730969773005,0.0018768310546875,-0.019059121321625128,-0.044189453125,-0.0242919921875,0.029052734375,0.048095703125
ETHUSDT,2025-07-28 00:00:00+00:00,3872.11,3941.0,3754.0,3799.0,620994.7463,2387363538.135913,304037.6074,1169796792.116981,3161770,-0.019059121321625128,0.000865936279296875,-0.0013723547780699619,-0.046875,-0.026611328125,0.029052734375,0.048583984375
ETHUSDT,2025-07-29 00:00:00+00:00,3799.0,3886.44,3716.04,3793.79,584210.4393,2218694085.767802,286292.4572,1088086275.201961,3121489,-0.0013723547780699619,0.00109100341796875,0.004263669711191298,-0.048828125,-0.0269775390625,0.0296630859375,0.05224609375
ETHUSDT,2025-07-30 00:00:00+00:00,3793.79,3834.03,3677.65,3810.0,525424.9003,1984744001.4884088,248999.4482,941064351.695855,3128399,0.004263669711191298,0.00102996826171875,-0.02973159932233216,-0.043701171875,-0.0242919921875,0.0267333984375,0.047607421875
ETHUSDT,2025-07-31 00:00:00+00:00,3810.0,3878.67,3684.33,3698.39,516088.4503,1961880275.4025471,245555.2293,934297246.777987,2754480,-0.02973159932233216,0.00066375732421875,-0.05851174596384645,-0.03662109375,-0.02001953125,0.0216064453125,0.03662109375
ETHUSDT,2025-08-01 00:00:00+00:00,3698.39,3724.02,3431.75,3488.2,783869.1517,2826423714.237822,361738.0053,1304785660.601062,5288678,-0.05851174596384645,0.0011749267578125,-0.02739435545240454,-0.03564453125,-0.018798828125,0.021728515625,0.037109375
ETHUSDT,2025-08-02 00:00:00+00:00,3488.21,3537.69,3368.29,3393.94,494195.7094,1709705648.162931,231776.9514,802069751.3333981,3703627,-0.02739435545240454,0.000804901123046875,0.029839617474776148,-0.036865234375,-0.020263671875,0.0218505859375,0.03662109375
ETHUSDT,2025-08-03 00:00:00+00:00,3393.94,3521.79,3354.28,3496.74,296347.6758,1026636932.33361,156807.23,543358817.9471129,2428479,0.029839617474776148,0.000946044921875,0.06215865603646087,-0.04443359375,-0.0250244140625,0.02734375,0.047607421875
ETHUSDT,2025-08-04 00:00:00+00:00,3496.75,3736.73,3490.73,3720.99,463349.9861,1677819313.332998,241318.7064,873258522.311276,3316870,0.06215865603646087,0.000782012939453125,-0.029728126356525664,-0.054443359375,-0.03076171875,0.031494140625,0.052978515625
ETHUSDT,2025-08-05 00:00:00+00:00,3720.99,3722.24,3546.0,3612.0,489070.9589,1772309727.640444,230213.2832,834391670.474387,3721006,-0.029728126356525664,0.0014190673828125,0.019550168879220564,-0.052490234375,-0.0291748046875,0.032470703125,0.054443359375
ETHUSDT,2025-08-06 00:00:00+00:00,3612.01,3698.6,3564.19,3683.31,365309.9205,1326203496.30214,186459.2777,677091112.5961089,2912356,0.019550168879220564,0.00075531005859375,0.059804850307981994,-0.04443359375,-0.025390625,0.02734375,0.04833984375
ETHUSDT,2025-08-07 00:00:00+00:00,3683.31,3927.77,3647.63,3910.31,631678.9872,2402252971.4317408,344602.949,1310682080.45414,3495451,0.059804850307981994,0.003021240234375,0.025049890523005658,-0.0380859375,-0.020751953125,0.0281982421875,0.046142578125
ETHUSDT,2025-08-08 00:00:00+00:00,3910.3,4071.0,3880.0,4009.5,723300.0109,2868715363.889369,389637.0166,1545604109.313508,4175115,0.025049890523005658,0.002471923828125,0.06074814433253195,-0.031005859375,-0.01611328125,0.0224609375,0.037109375
ETHUSDT,2025-08-09 00:00:00+00:00,4009.51,4326.2,4006.63,4260.62,691932.1048,2897074775.140159,354396.8092,1482946335.172858,3932997,0.06074814433253195,0.0037841796875,-0.0023615980070612608,-0.03759765625,-0.0196533203125,0.0286865234375,0.04638671875
ETHUSDT,2025-08-10 00:00:00+00:00,4260.63,4332.6,4153.07,4250.57,494843.8105,2091948332.589114,235841.2963,997589724.686655,3319102,-0.0023615980070612608,0.00164031982421875,-0.006455221328954153,-0.0390625,-0.022216796875,0.0264892578125,0.043212890625
ETHUSDT,2025-08-11 00:00:00+00:00,4250.58,4366.46,4166.77,4223.22,722664.04,3089081112.554874,360218.2954,1540350244.420612,5162548,-0.006455221328954153,0.0004062652587890625,0.08339543715453956,-0.041015625,-0.0230712890625,0.025146484375,0.04296875
ETHUSDT,2025-08-12 00:00:00+00:00,4223.22,4639.7,4219.04,4590.52,885288.0652,3918279210.053929,460721.2581,2038703612.7785192,5104868,0.08339543715453956,0.004638671875,0.03400393134970159,-0.039306640625,-0.0216064453125,0.032958984375,0.052001953125
ETHUSDT,2025-08-13 00:00:00+00:00,4590.52,4783.85,4564.33,4749.3,925931.4988,4334944436.910635,476639.1946,2232173733.897734,5293034,0.03400393134970159,0.0024871826171875,-0.04356475257801229,-0.03857421875,-0.021728515625,0.0283203125,0.044677734375
ETHUSDT,2025-08-14 00:00:00+00:00,4749.31,4788.0,4451.33,4546.84,1265449.0453,5853669749.165808,610793.1493,2824145240.890796,6488264,-0.04356475257801229,0.00286865234375,-0.023897486238018573,-0.03564453125,-0.019287109375,0.0262451171875,0.04248046875
ETHUSDT,2025-08-15 00:00:00+00:00,4546.84,4672.67,4368.0,4439.47,880409.2591,3978902618.0587792,431967.5378,1953497546.8720393,5091385,-0.023897486238018573,0.0023651123046875,-0.003945178937147631,-0.033447265625,-0.017822265625,0.0233154296875,0.0380859375
ETHUSDT,2025-08-16 00:00:00+00:00,4439.47,4490.42,4372.54,4421.99,358676.5884,1587545552.644884,172182.4814,762345533.8065139,2446573,-0.003945178937147631,0.000652313232421875,0.011319704604323633,-0.0380859375,-0.021484375,0.0235595703125,0.038818359375
ETHUSDT,2025-08-17 00:00:00+00:00,4422.0,4576.0,4393.98,4472.33,442461.3829,1990037593.51367,216791.6846,975401417.6334541,2844829,0.011319704604323633,0.000728607177734375,-0.03627812652559115,-0.0341796875,-0.01904296875,0.021240234375,0.035888671875
ETHUSDT,2025-08-18 00:00:00+00:00,4472.34,4481.88,4225.86,4312.99,823188.1269,3561988639.06488,406762.5481,1759665776.660579,4938429,-0.03627812652559115,-4.1484832763671875e-05,-0.056615877602734344,-0.04736328125,-0.02783203125,0.0289306640625,0.049560546875
ETHUSDT,2025-08-19 00:00:00+00:00,4312.99,4355.0,4067.34,4075.59,831222.7951,3499853674.6376953,398237.7389,1679727808.428403,4828050,-0.056615877602734344,0.000102996826171875,0.06197364233702274,-0.050537109375,-0.0296630859375,0.0306396484375,0.053466796875
ETHUSDT,2025-08-20 00:00:00+00:00,4075.58,4378.0,4060.0,4336.16,728324.8933,3077553918.18234,377599.4336,1596144868.677022,4768196,0.06197364233702274,-0.0009765625,-0.025898899620051097,-0.0615234375,-0.035888671875,0.03466796875,0.05859375
ETHUSDT,2025-08-21 00:00:00+00:00,4336.16,4340.26,4204.2,4225.3,433836.3992,1854414176.5294473,215637.3352,922109670.926336,4202357,-0.025898899620051097,-0.0002155303955078125,0.1341846830770539,-0.045654296875,-0.0263671875,0.026611328125,0.048095703125
ETHUSDT,2025-08-22 00:00:00+00:00,4225.3,4887.59,4207.39,4832.07,1277976.63526,5850514269.296542,685989.38976,3139499789.414669,6440351,0.1341846830770539,0.003173828125,-0.011169184846590241,-0.047607421875,-0.02587890625,0.033935546875,0.0546875
ETHUSDT,2025-08-23 00:00:00+00:00,4832.07,4832.07,4659.7,4778.4,512442.0888,2428561923.4178367,247002.372,1170650191.938999,3011610,-0.011169184846590241,0.0024566650390625,0.0003661643281773763,-0.043212890625,-0.0235595703125,0.029052734375,0.047607421875
ETHUSDT,2025-08-24 00:00:00+00:00,4778.4,4956.78,4711.0,4780.15,780668.77842,3755014998.4467025,393654.81102,1894436117.270788,4316811,0.0003661643281773763,0.00128936767578125,-0.08829572903520422,-0.04541015625,-0.025146484375,0.028564453125,0.0478515625
ETHUSDT,2025-08-25 00:00:00+00:00,4780.15,4797.97,4334.13,4376.18,1043917.1659,4769033242.728044,466034.8159,2129931225.5307872,6296796,-0.08829572903520422,0.0001583099365234375,0.05001705291016734,-0.06396484375,-0.036376953125,0.036865234375,0.06396484375
ETHUSDT,2025-08-26 00:00:00+00:00,4376.17,4633.46,4311.04,4600.63,834750.2767,3739773474.021506,401376.3087,1798486042.553646,5640502,0.05001705291016734,0.0020904541015625,-0.020625853354003354,-0.054443359375,-0.03076171875,0.036376953125,0.061279296875
ETHUSDT,2025-08-27 00:00:00+00:00,4600.63,4663.93,4481.53,4506.71,606669.3611,2784659238.3017006,307736.9098,1412983486.966091,3920404,-0.020625853354003354,5.793571472167969e-05,0.000998012928372205,-0.05615234375,-0.03271484375,0.033935546875,0.05810546875
ETHUSDT,2025-08-28 00:00:00+00:00,4506.71,4633.97,4430.0,4511.21,485243.4027,2202472276.64976,230509.0927,1046782923.357486,3236156,0.000998012928372205,0.00104522705078125,-0.03405206930103333,-0.042724609375,-0.0242919921875,0.027099609375,0.044921875
ETHUSDT,2025-08-29 00:00:00+00:00,4511.2,4516.75,4265.0,4360.18,679063.8777,2969120530.274377,324223.3629,1417503064.20564,4406428,-0.03405206930103333,0.001495361328125,0.0030959918843134204,-0.04296875,-0.0244140625,0.028076171875,0.046142578125
ETHUSDT,2025-08-30 00:00:00+00:00,4360.18,4415.61,4257.2,4373.7,340319.1826,1483613909.749367,180789.988,788720330.9840739,2086140,0.0030959918843134204,0.000278472900390625,0.004136663921828543,-0.037353515625,-0.021484375,0.022216796875,0.036865234375
ETHUSDT,2025-08-31 00:00:00+00:00,4373.7,4498.47,4372.63,4391.83,356586.1861,1588952837.432261,183775.3164,819127243.58221,2221987,0.004136663921828543,0.0015869140625,-0.017764553752352086,-0.041015625,-0.02294921875,0.027099609375,0.044189453125
ETHUSDT,2025-09-01 00:00:00+00:00,4391.83,4491.84,4210.61,4314.5,513830.0395,2244610986.86617,246147.2654,1075592499.534808,4011776,-0.017764553752352086,0.0001659393310546875,0.0027774580984321062,-0.05224609375,-0.031494140625,0.03271484375,0.05322265625
ETHUSDT,2025-09-02 00:00:00+00:00,4314.5,4416.78,4257.85,4326.5,524605.0512,2275752549.704531,262315.1298,1138093049.510545,4161006,0.0027774580984321062,-0.000637054443359375,0.028248560557617708,-0.05224609375,-0.031494140625,0.03173828125,0.052734375
ETHUSDT,2025-09-03 00:00:00+00:00,4326.49,4490.64,4283.23,4450.46,487091.6861,2146232316.546182,260805.1318,1150952058.93142,3491341,0.028248560557617708,-0.0002918243408203125,-0.0349623687437699,-0.05078125,-0.03076171875,0.0301513671875,0.049560546875
ETHUSDT,2025-09-04 00:00:00+00:00,4450.46,4482.05,4265.33,4297.55,471795.7096,2061920365.306792,223178.8479,975391239.955494,4087637,-0.0349623687437699,0.0003509521484375,0.002300988813017213,-0.032958984375,-0.018310546875,0.0194091796875,0.033447265625
ETHUSDT,2025-09-05 00:00:00+00:00,4297.56,4490.0,4256.03,4307.45,624169.8754,2722930703.949958,312428.2352,1364013868.120256,4751518,0.002300988813017213,0.00115203857421875,-0.0079971617002208,-0.022216796875,-0.01129150390625,0.014404296875,0.0247802734375
ETHUSDT,2025-09-06 00:00:00+00:00,4307.46,4329.3,4236.0,4273.14,191166.0686,819243725.2123,90318.6833,387096202.235548,1711937,-0.0079971617002208,0.0002574920654296875,0.007704602454886356,-0.028076171875,-0.0155029296875,0.0164794921875,0.028564453125
ETHUSDT,2025-09-07 00:00:00+00:00,4273.15,4336.02,4270.81,4306.19,169620.8372,729149678.760542,88389.9104,379994466.147124,1450115,0.007704602454886356,9.632110595703125e-05,4.1799418530885646e-05,-0.039306640625,-0.022705078125,0.02392578125,0.04052734375
ETHUSDT,2025-09-08 00:00:00+00:00,4306.19,4384.06,4279.0,4306.37,372882.4355,1611402674.924859,185577.5078,801973160.9357901,2889398,4.1799418530885646e-05,-0.000446319580078125,0.0008634637034532489,-0.044677734375,-0.0264892578125,0.0264892578125,0.04638671875
ETHUSDT,2025-09-09 00:00:00+00:00,4306.36,4381.87,4276.76,4310.09,405485.7821,1751903233.455334,197329.24,852710674.591241,3068397,0.0008634637034532489,7.867813110351562e-05,0.009060725473808873,-0.044677734375,-0.02587890625,0.0269775390625,0.047607421875
ETHUSDT,2025-09-10 00:00:00+00:00,4310.08,4453.57,4285.1,4349.32,506633.9098,2207912091.685508,275693.6907,1201067542.577108,3221192,0.009060725473808873,-0.000705718994140625,0.024864645993087464,-0.049072265625,-0.029296875,0.0284423828125,0.049072265625
ETHUSDT,2025-09-11 00:00:00+00:00,4349.33,4481.09,4338.82,4458.82,441259.6649,1949893256.335128,233524.3882,1032162722.674102,3446340,0.024864645993087464,0.00131988525390625,0.05526224459511653,-0.034912109375,-0.01953125,0.022705078125,0.037841796875
ETHUSDT,2025-09-12 00:00:00+00:00,4458.83,4748.4,4450.71,4712.16,510777.5402,2337299050.098691,260127.4464,1190623320.120003,3859691,0.05526224459511653,0.0035400390625,-0.00973064682615643,-0.030029296875,-0.015380859375,0.023193359375,0.03759765625
ETHUSDT,2025-09-13 00:00:00+00:00,4712.16,4769.36,4605.0,4666.53,394393.6869,1850836179.9834833,194348.8388,912698240.496336,2711137,-0.00973064682615643,0.00170135498046875,-0.013383840415569281,-0.038818359375,-0.02197265625,0.02587890625,0.041748046875
ETHUSDT,2025-09-14 00:00:00+00:00,4666.54,4692.36,4576.89,4604.49,278244.3205,1287527692.946413,119825.8078,554538161.069432,2561665,-0.013383840415569281,0.001251220703125,-0.017692829050488967,-0.043212890625,-0.025146484375,0.028564453125,0.046875
ETHUSDT,2025-09-15 00:00:00+00:00,4604.48,4670.28,4466.0,4523.74,412291.9687,1874781946.0150993,203592.7664,925893860.0954301,3889905,-0.017692829050488967,0.00019931793212890625,-0.0049750629760669796,-0.044189453125,-0.02587890625,0.0274658203125,0.04736328125
ETHUSDT,2025-09-16 00:00:00+00:00,4523.74,4538.25,4424.0,4501.29,293307.1099,1315498731.650004,149843.5255,671943724.597036,2967454,-0.0049750629760669796,6.22868537902832e-06,0.019631463454173215,-0.040771484375,-0.02392578125,0.0252685546875,0.044677734375
ETHUSDT,2025-09-17 00:00:00+00:00,4501.3,4616.77,4412.0,4590.53,476981.4561,2149457762.913816,239986.8267,1081954417.390737,3859374,0.019631463454173215,-3.1948089599609375e-05,-0.0006253956593926802,-0.037841796875,-0.02197265625,0.0223388671875,0.038330078125
ETHUSDT,2025-09-18 00:00:00+00:00,4590.54,4644.47,4553.7,4587.66,290660.377,1336761563.704996,146325.1789,673188179.996935,2922079,-0.0006253956593926802,0.0003643035888671875,-0.0262971675332917,-0.029541015625,-0.015869140625,0.01708984375,0.0302734375
ETHUSDT,2025-09-19 00:00:00+00:00,4587.66,4620.72,4435.7,4468.59,331611.1482,1495953132.099773,143873.0695,649024828.8948929,2302227,-0.0262971675332917,0.0003414154052734375,0.0026438694092458803,-0.0289306640625,-0.015869140625,0.0162353515625,0.028076171875
ETHUSDT,2025-09-20 00:00:00+00:00,4468.59,4508.71,4454.45,4480.42,130781.913,585813348.774924,65379.0397,292888970.600943,1094083,0.0026438694092458803,0.000637054443359375,-0.007943672245900757,-0.034423828125,-0.0191650390625,0.0208740234375,0.03515625
ETHUSDT,2025-09-21 00:00:00+00:00,4480.41,4498.16,4443.0,4444.97,149349.8262,668077573.112986,74558.8041,333524523.784046,1098813,-0.007943672245900757,0.0001621246337890625,-0.05690766611089515,-0.0390625,-0.0218505859375,0.0230712890625,0.04150390625
ETHUSDT,2025-09-22 00:00:00+00:00,4444.98,4455.76,4077.0,4199.08,708243.2348,2991392446.130756,343579.0176,1450404524.234355,4143966,-0.05690766611089515,-0.000530242919921875,-0.008326864910836562,-0.0556640625,-0.033203125,0.032470703125,0.053955078125
ETHUSDT,2025-09-23 00:00:00+00:00,4199.09,4229.03,4114.39,4164.26,315227.9057,1318382529.127912,157024.3339,656858840.051957,3449275,-0.008326864910836562,0.0001811981201171875,-0.0027533752231523323,-0.04296875,-0.0244140625,0.0250244140625,0.042236328125
ETHUSDT,2025-09-24 00:00:00+00:00,4164.25,4206.9,4073.74,4152.81,353665.5671,1472276097.667921,166727.3367,694041084.4057449,3119658,-0.0027533752231523323,-0.0007476806640625,-0.06940472566749278,-0.038818359375,-0.0223388671875,0.02197265625,0.0380859375
ETHUSDT,2025-09-25 00:00:00+00:00,4152.81,4161.04,3815.0,3874.36,930327.6951,3702962412.917114,441393.5543,1756048962.795275,7611345,-0.06940472566749278,-0.000732421875,0.03994156493275902,-0.043212890625,-0.0252685546875,0.024658203125,0.0439453125
ETHUSDT,2025-09-26 00:00:00+00:00,3874.35,4068.3,3867.65,4032.24,575711.0859,2275867014.046836,307750.3457,1216442944.06247,5466636,0.03994156493275902,0.00194549560546875,-0.0034432164711226676,-0.034912109375,-0.01953125,0.0238037109375,0.03955078125
ETHUSDT,2025-09-27 00:00:00+00:00,4032.24,4039.01,3972.98,4018.38,172693.2638,692281857.207582,79817.4035,320025622.513547,1940113,-0.0034432164711226676,-0.00024318695068359375,0.030338554573123844,-0.037353515625,-0.0211181640625,0.020263671875,0.03515625
ETHUSDT,2025-09-28 00:00:00+00:00,4018.39,4144.88,3966.0,4142.16,240331.8589,972239151.6275791,140010.7323,566880552.499075,2500609,0.030338554573123844,-0.000217437744140625,0.017448807761484275,-0.042236328125,-0.0238037109375,0.02392578125,0.040771484375
ETHUSDT,2025-09-29 00:00:00+00:00,4142.16,4235.86,4082.25,4215.07,380728.6784,1580732256.801187,199061.7147,826365235.842847,3612246,0.017448807761484275,-0.000408172607421875,-0.016727222559595134,-0.04345703125,-0.0252685546875,0.025390625,0.044921875
ETHUSDT,2025-09-30 00:00:00+00:00,4215.07,4245.0,4092.1,4145.15,391126.6172,1625808124.643462,181458.9958,754666917.7275741,4118784,-0.016727222559595134,0.0002460479736328125,0.04778389284816065,-0.042724609375,-0.0245361328125,0.0257568359375,0.044921875
ETHUSDT,2025-10-01 00:00:00+00:00,4145.15,4355.46,4123.08,4348.03,507026.3822,2165739972.3710446,247673.9891,1059254829.127008,4138481,0.04778389284816065,-0.000576019287109375,0.030870688512347755,-0.041748046875,-0.025146484375,0.0250244140625,0.041748046875
ETHUSDT,2025-10-02 00:00:00+00:00,4348.03,4516.74,4332.73,4484.35,526411.1571,2322911121.293646,270113.997,1192562119.649421,4441183,0.030870688512347755,0.00081634521484375,0.0063397572859535956,-0.0380859375,-0.0220947265625,0.0245361328125,0.041015625
ETHUSDT,2025-10-03 00:00:00+00:00,4484.35,4591.59,4428.0,4512.87,485684.0267,2184423024.582545,234630.1499,1055644644.394335,5149648,0.0063397572859535956,0.00151824951171875,-0.005715558413767141,-0.03369140625,-0.01904296875,0.0228271484375,0.03662109375
ETHUSDT,2025-10-04 00:00:00+00:00,4512.88,4517.93,4440.0,4487.15,199732.7088,895195711.8810791,90161.8179,404217765.196633,2252261,-0.005715558413767141,0.000392913818359375,0.006036810101715417,-0.034423828125,-0.019775390625,0.021240234375,0.035400390625
ETHUSDT,2025-10-05 00:00:00+00:00,4487.16,4618.17,4467.05,4514.32,506587.9614,2305062852.191549,265246.9061,1206877173.081055,3791095,0.006036810101715417,0.0004405975341796875,0.03690001421518474,-0.039794921875,-0.023681640625,0.026123046875,0.043701171875
ETHUSDT,2025-10-06 00:00:00+00:00,4514.32,4735.93,4488.25,4684.01,456200.6528,2107882753.6147287,235462.9488,1087700705.075086,4677655,0.03690001421518474,0.00012493133544921875,-0.05176747203007537,-0.04541015625,-0.0272216796875,0.0284423828125,0.0498046875
ETHUSDT,2025-10-07 00:00:00+00:00,4684.02,4755.0,4430.43,4447.7,640685.9319,2946435862.400838,308407.6086,1419710155.477069,6028668,-0.05176747203007537,0.0023345947265625,0.017389571885848554,-0.04541015625,-0.02587890625,0.03173828125,0.0517578125
ETHUSDT,2025-10-08 00:00:00+00:00,4447.7,4558.0,4410.08,4525.72,399904.3287,1791815622.635745,205585.7695,921332896.435835,4771608,0.017389571885848554,-0.0003147125244140625,-0.035450837890437015,-0.044921875,-0.0267333984375,0.02783203125,0.049560546875
ETHUSDT,2025-10-09 00:00:00+00:00,4525.72,4531.52,4265.06,4368.09,515978.1829,2257574038.66859,242773.6384,1060847514.335138,5181361,-0.035450837890437015,0.0010833740234375,-0.1315341491554456,-0.03759765625,-0.021240234375,0.0244140625,0.04052734375
ETHUSDT,2025-10-10 00:00:00+00:00,4368.09,4393.63,3435.0,3829.72,1493971.0244,5954598988.690315,680600.6897,2723566227.172543,12594514,-0.1315341491554456,0.00102996826171875,-0.02189222006538394,-0.044677734375,-0.0252685546875,0.028076171875,0.046875
ETHUSDT,2025-10-11 00:00:00+00:00,3829.72,3878.3,3643.33,3746.79,789885.6582,2994511140.4092994,362107.5901,1373206442.87708,8794145,-0.02189222006538394,0.0004673004150390625,0.10276051587678658,-0.044677734375,-0.0252685546875,0.0264892578125,0.04443359375
ETHUSDT,2025-10-12 00:00:00+00:00,3746.8,4197.7,3694.74,4152.29,811308.152,3213401552.274956,406500.5487,1607458765.920295,8286691,0.10276051587678658,0.000186920166015625,0.02110373156831713,-0.05126953125,-0.0299072265625,0.0308837890625,0.05322265625
ETHUSDT,2025-10-13 00:00:00+00:00,4152.29,4292.0,4042.29,4240.85,622813.9247,2590697041.4796047,302948.0094,1261092410.082509,8321249,0.02110373156831713,0.000568389892578125,-0.02769285259047649,-0.048828125,-0.0284423828125,0.030029296875,0.0517578125
ETHUSDT,2025-10-14 00:00:00+00:00,4240.86,4263.38,3888.74,4125.02,962996.7658,3894019260.946043,500346.6817,2021620281.2079551,10714712,-0.02769285259047649,0.000637054443359375,-0.03438049370459062,-0.049072265625,-0.0281982421875,0.031005859375,0.0537109375
ETHUSDT,2025-10-15 00:00:00+00:00,4125.01,4217.6,3926.74,3985.61,626081.6966,2543782117.9732566,313175.5389,1273392874.002121,7421801,-0.03438049370459062,-0.00096893310546875,-0.023122505456864673,-0.047607421875,-0.0284423828125,0.027099609375,0.048583984375
ETHUSDT,2025-10-16 00:00:00+00:00,3985.61,4086.49,3826.04,3894.51,643804.6163,2552218455.0188193,319663.4266,1268557283.411159,8451902,-0.023122505456864673,-0.00165557861328125,-0.016293228229644185,-0.04443359375,-0.0262451171875,0.0233154296875,0.04052734375
ETHUSDT,2025-10-17 00:00:00+00:00,3894.5,3950.45,3674.5,3831.57,830127.0885,3147006926.52111,421727.0445,1597875952.217623,9412569,-0.016293228229644185,0.000637054443359375,0.014931411304294429,-0.032958984375,-0.0186767578125,0.020751953125,0.03466796875
ETHUSDT,2025-10-18 00:00:00+00:00,3831.58,3927.73,3819.07,3889.21,250710.6121,971616631.642943,123527.728,478841122.02979,3174247,0.014931411304294429,0.001007080078125,0.02372379831186855,-0.0302734375,-0.0166015625,0.018798828125,0.031982421875
ETHUSDT,2025-10-19 00:00:00+00:00,3889.2,4030.94,3827.04,3982.58,408538.2545,1609546719.154199,210770.829,830019862.215925,4377250,0.02372379831186855,0.00046539306640625,-0.0008440302945231792,-0.03857421875,-0.0224609375,0.023681640625,0.03857421875
ETHUSDT,2025-10-20 00:00:00+00:00,3982.58,4085.3,3908.73,3979.22,511382.3301,2049366257.2948992,237126.1851,950802301.277708,5803391,-0.0008440302945231792,-0.000759124755859375,-0.027043509852020975,-0.046630859375,-0.0281982421875,0.0272216796875,0.0478515625
ETHUSDT,2025-10-21 00:00:00+00:00,3979.22,4110.0,3840.24,3873.05,590594.1382,2335723187.677247,279785.5053,1107257090.995763,7015049,-0.027043509852020975,-1.138448715209961e-05,-0.01758703831725761,-0.044189453125,-0.0257568359375,0.02685546875,0.0478515625
ETHUSDT,2025-10-22 00:00:00+00:00,3873.04,3889.27,3710.0,3805.53,593130.0905,2268706650.109904,263582.8173,1008334927.99178,6834244,-0.01758703831725761,-0.00148773193359375,0.013382552088275546,-0.04638671875,-0.0279541015625,0.0252685546875,0.0458984375
ETHUSDT,2025-10-23 00:00:00+00:00,3805.53,3934.86,3796.54,3856.8,477231.0181,1842438997.006866,210507.9739,813180072.006933,4206428,0.013382552088275546,-0.000339508056640625,0.02004256174235941,-0.040283203125,-0.02294921875,0.022216796875,0.041259765625
ETHUSDT,2025-10-24 00:00:00+00:00,3856.8,4026.39,3845.86,3934.88,425926.9383,1676037250.100214,217754.8375,857155216.561159,4291705,0.02004256174235941,0.00186920166015625,0.004801814340078536,-0.0244140625,-0.01251220703125,0.0179443359375,0.0302734375
ETHUSDT,2025-10-25 00:00:00+00:00,3934.88,3969.22,3912.4,3953.82,138526.3338,545722019.6759751,67667.2793,266617187.890661,1476147,0.004801814340078536,0.0002651214599609375,0.05046261323567869,-0.033203125,-0.0186767578125,0.0191650390625,0.03271484375
ETHUSDT,2025-10-26 00:00:00+00:00,3953.81,4178.78,3919.03,4158.46,344698.0918,1396836816.693465,173720.1856,703491084.2620751,3249487,0.05046261323567869,-0.0003032684326171875,-0.009255242961714316,-0.0458984375,-0.02734375,0.0272216796875,0.045654296875
ETHUSDT,2025-10-27 00:00:00+00:00,4158.46,4253.72,4095.0,4120.15,487131.2291,2035684992.6036072,248999.9729,1040497593.800265,5081784,-0.009255242961714316,-0.0006866455078125,-0.03480877639867508,-0.053466796875,-0.03173828125,0.0311279296875,0.054443359375
ETHUSDT,2025-10-28 00:00:00+00:00,4120.16,4175.55,3931.33,3979.2,472965.8377,1926589295.491682,222962.1579,908763052.717048,5061999,-0.03480877639867508,-0.0003376007080078125,-0.019337868003500347,-0.0498046875,-0.0291748046875,0.0301513671875,0.052734375
ETHUSDT,2025-10-29 00:00:00+00:00,3979.19,4036.66,3840.37,3902.99,486452.3127,1925328091.834018,230694.78,913403769.324608,5571627,-0.019337868003500347,-0.000179290771484375,-0.025403281941541067,-0.046875,-0.02783203125,0.0291748046875,0.051025390625
ETHUSDT,2025-10-30 00:00:00+00:00,3903.0,3948.74,3680.0,3805.09,531455.9923,2028708564.222212,253157.6828,966915641.09658,6906431,-0.025403281941541067,0.000629425048828125,0.011211289925523005,-0.04052734375,-0.02294921875,0.0252685546875,0.04345703125
ETHUSDT,2025-10-31 00:00:00+00:00,3804.95,3906.09,3796.36,3847.99,478636.2995,1843471240.950858,263997.8361,1017255899.859766,5000695,0.011211289925523005,0.002471923828125,0.006677259014800541,-0.032958984375,-0.0179443359375,0.0240478515625,0.038818359375
ETHUSDT,2025-11-01 00:00:00+00:00,3848.0,3909.39,3831.0,3873.77,152998.1626,592459458.761567,75638.8612,292912520.170275,1840903,0.006677259014800541,1.52587890625e-05,0.008434117872054614,-0.03662109375,-0.021240234375,0.021728515625,0.036376953125
ETHUSDT,2025-11-02 00:00:00+00:00,3873.78,3918.23,3839.12,3906.58,216083.1542,837354910.688628,115417.9205,447423699.373431,2433160,0.008434117872054614,-0.000881195068359375,-0.08066514211209963,-0.038818359375,-0.02294921875,0.0220947265625,0.037353515625
ETHUSDT,2025-11-03 00:00:00+00:00,3906.58,3914.29,3558.82,3603.83,877187.3852,3238285047.509506,396065.9448,1462435750.935427,7464333,-0.08066514211209963,-0.0012664794921875,-0.0920066628168481,-0.051513671875,-0.0308837890625,0.0286865234375,0.05078125
ETHUSDT,2025-11-04 00:00:00+00:00,3603.84,3654.54,3057.0,3287.05,1568004.2379,5314450723.763831,730780.3823,2476934144.731218,10283812,-0.0920066628168481,-0.0010528564453125,0.040903644949260354,-0.0615234375,-0.037353515625,0.03466796875,0.0576171875
ETHUSDT,2025-11-05 00:00:00+00:00,3287.05,3480.46,3166.66,3424.29,809591.5132,2699190339.152632,421218.8965,1403027181.859867,6935719,0.040903644949260354,-0.00128173828125,-0.03239429593105747,-0.0537109375,-0.032958984375,0.03125,0.0537109375
ETHUSDT,2025-11-06 00:00:00+00:00,3424.29,3456.46,3245.45,3315.14,566363.7003,1896818057.207791,278569.8569,932497460.9571711,6422367,-0.03239429593105747,0.0002155303955078125,0.03582270079696137,-0.04345703125,-0.025634765625,0.0269775390625,0.04638671875
ETHUSDT,2025-11-07 00:00:00+00:00,3315.14,3473.0,3194.2,3436.05,683417.3854,2269770217.2364273,352056.0459,1169901356.913121,7139239,0.03582270079696137,0.00179290771484375,-0.010103105142434288,-0.0279541015625,-0.01470947265625,0.01904296875,0.03173828125
ETHUSDT,2025-11-08 00:00:00+00:00,3436.04,3488.0,3355.58,3401.51,291532.2881,997076516.0905299,144818.0207,495545476.05733293,3661341,-0.010103105142434288,2.8133392333984375e-05,0.05210936343989481,-0.033935546875,-0.018798828125,0.018310546875,0.0308837890625
ETHUSDT,2025-11-09 00:00:00+00:00,3401.51,3623.25,3358.66,3583.46,464098.052,1616068059.82672,255287.6113,888865168.9269341,4471232,0.05210936343989481,-0.00164031982421875,-0.004365640642719271,-0.048828125,-0.02880859375,0.026611328125,0.046630859375
ETHUSDT,2025-11-10 00:00:00+00:00,3583.46,3658.98,3507.3,3567.85,595273.0298,2130222587.624694,288985.1178,1035700899.574761,5374965,-0.004365640642719271,-0.000934600830078125,-0.04297780774806981,-0.05224609375,-0.03125,0.030029296875,0.0517578125
ETHUSDT,2025-11-11 00:00:00+00:00,3567.85,3648.27,3405.24,3417.76,660283.2747,2334219569.458803,279975.2724,988115425.798087,6239855,-0.04297780774806981,0.00086212158203125,-0.0008312990403620546,-0.052734375,-0.0303955078125,0.0322265625,0.05517578125
ETHUSDT,2025-11-12 00:00:00+00:00,3417.76,3588.19,3371.65,3414.92,553101.9368,1913040553.62282,269502.1432,932258100.3739581,5915987,-0.0008312990403620546,-0.000850677490234375,-0.05519526289010024,-0.0546875,-0.03271484375,0.0301513671875,0.05126953125
ETHUSDT,2025-11-13 00:00:00+00:00,3414.91,3565.84,3154.22,3231.54,951989.1347,3206643011.077227,479288.7197,1611512971.446227,8109562,-0.05519526289010024,0.0004558563232421875,-0.037564671036127706,-0.042724609375,-0.0247802734375,0.026123046875,0.04541015625
ETHUSDT,2025-11-14 00:00:00+00:00,3231.55,3256.71,3070.0,3112.4,890446.1491,2825408309.9258246,444168.0228,1410419310.962096,9563602,-0.037564671036127706,0.000621795654296875,0.017668461686243475,-0.035400390625,-0.0203857421875,0.022216796875,0.036865234375
ETHUSDT,2025-11-15 00:00:00+00:00,3112.4,3230.0,3110.68,3167.88,338463.4782,1076796729.102536,178961.8223,569908112.717186,3329279,0.017668461686243475,0.00014972686767578125,-0.023180993184499954,-0.036865234375,-0.021484375,0.0216064453125,0.03564453125
ETHUSDT,2025-11-16 00:00:00+00:00,3167.87,3249.0,3004.0,3095.29,570633.5809,1779987722.711093,287844.8346,899323831.8419169,5709385,-0.023180993184499954,-0.00213623046875,-0.02084384711068843,-0.047119140625,-0.0283203125,0.0250244140625,0.042724609375
ETHUSDT,2025-11-17 00:00:00+00:00,3095.29,3223.38,2959.46,3031.44,762500.4289,2363337280.765939,387414.7425,1201427058.002213,7450569,-0.02084384711068843,-0.0037689208984375,0.029967637075662523,-0.053955078125,-0.03369140625,0.0255126953125,0.046630859375
ETHUSDT,2025-11-18 00:00:00+00:00,3031.44,3169.95,2946.56,3123.66,766640.1058,2340587460.798044,403280.7886,1232613020.736247,7615241,0.029967637075662523,-0.00141143798828125,-0.03193563464657245,-0.050048828125,-0.0303955078125,0.02783203125,0.04931640625
ETHUSDT,2025-11-19 00:00:00+00:00,3123.65,3125.54,2873.64,3025.48,737926.7146,2216678695.223021,360036.5459,1081978073.162999,7164222,-0.03193563464657245,-0.002227783203125,-0.06530298953202784,-0.05078125,-0.031494140625,0.026611328125,0.048095703125
ETHUSDT,2025-11-20 00:00:00+00:00,3025.48,3063.61,2790.01,2834.22,912524.3718,2661800409.340738,428888.8725,1252889590.169883,7127439,-0.06530298953202784,-0.00139617919921875,-0.024418765211608573,-0.043212890625,-0.02685546875,0.0245361328125,0.042236328125
ETHUSDT,2025-11-21 00:00:00+00:00,2834.21,2886.73,2623.57,2765.85,1180475.4085,3236847819.47923,547922.1099,1502813541.495193,10064748,-0.024418765211608573,-0.0003147125244140625,0.0015426387233992145,-0.032470703125,-0.0189208984375,0.0185546875,0.0311279296875
ETHUSDT,2025-11-22 00:00:00+00:00,2765.86,2799.01,2704.33,2770.12,264691.3089,726992504.445693,130783.3858,359293974.593027,3610746,0.0015426387233992145,-0.000782012939453125,0.011499907793958819,-0.036376953125,-0.021728515625,0.01904296875,0.0322265625
ETHUSDT,2025-11-23 00:00:00+00:00,2770.12,2858.16,2768.29,2802.16,409808.5734,1154902366.816105,206241.2795,581290867.286262,3902263,0.011499907793958819,-0.002105712890625,0.05255972882393767,-0.04736328125,-0.0289306640625,0.0244140625,0.042236328125
ETHUSDT,2025-11-24 00:00:00+00:00,2802.16,2987.0,2763.0,2953.38,715279.7551,2052356496.5525951,341887.1162,979551492.849392,5727108,0.05255972882393767,-0.002166748046875,0.00202275156321452,-0.052001953125,-0.0322265625,0.0279541015625,0.0498046875
ETHUSDT,2025-11-25 00:00:00+00:00,2953.38,2980.82,2857.32,2959.36,427686.4528,1246454120.370332,202476.6298,590249449.8133689,4418266,0.00202275156321452,0.0014190673828125,0.022453632291662196,-0.040771484375,-0.022705078125,0.0260009765625,0.044189453125
ETHUSDT,2025-11-26 00:00:00+00:00,2959.36,3045.0,2888.69,3026.56,364535.326,1079536972.459607,171996.0241,509726234.870356,3911013,0.022453632291662196,-0.000972747802734375,-0.00375054852327672,-0.051025390625,-0.030029296875,0.0281982421875,0.0498046875
ETHUSDT,2025-11-27 00:00:00+00:00,3026.56,3071.37,2985.78,3015.23,274980.3955,831942752.0997089,127744.67,386552391.78453505,2917476,-0.00375054852327672,0.0004558563232421875,0.005265972958721221,-0.0400390625,-0.0230712890625,0.02392578125,0.0400390625
ETHUSDT,2025-11-28 00:00:00+00:00,3015.23,3099.0,2994.36,3031.15,346616.0275,1053857760.714809,172614.6176,525060095.64153504,3662478,0.005265972958721221,0.0011444091796875,-0.013949673991056954,-0.0301513671875,-0.015869140625,0.01904296875,0.03271484375
ETHUSDT,2025-11-29 00:00:00+00:00,3031.14,3052.64,2961.91,2989.16,217904.1303,654348734.599726,93034.0164,279413777.604877,1930588,-0.013949673991056954,0.00081634521484375,0.000702291841147229,-0.033203125,-0.0181884765625,0.0198974609375,0.033447265625
ETHUSDT,2025-11-30 00:00:00+00:00,2989.17,3053.02,2975.3,2991.26,182722.4253,551904047.432645,87143.6579,263255693.67659,1896781,0.000702291841147229,-0.0002346038818359375,-0.06640748416649345,-0.03271484375,-0.01806640625,0.017333984375,0.0302734375
ETHUSDT,2025-12-01 00:00:00+00:00,2991.25,2999.47,2716.04,2799.07,849002.9909,2386884973.982846,383330.5081,1076737868.245771,7108249,-0.06640748416649345,-0.0025634765625,0.06801421071564917,-0.052490234375,-0.031982421875,0.027099609375,0.0498046875
ETHUSDT,2025-12-02 00:00:00+00:00,2799.07,3033.76,2782.19,2996.07,523707.3586,1528447401.324846,263958.3576,770318630.3076781,5821936,0.06801421071564917,-0.00020885467529296875,0.06220524814757056,-0.051025390625,-0.030029296875,0.0306396484375,0.053955078125
ETHUSDT,2025-12-03 00:00:00+00:00,2996.07,3214.99,2985.58,3188.36,553669.8146,1713587615.132564,280795.7429,869390296.0320231,6210489,0.06220524814757056,-0.00160980224609375,-0.017432681936934813,-0.052001953125,-0.031494140625,0.029052734375,0.052978515625
ETHUSDT,2025-12-04 00:00:00+00:00,3188.39,3240.35,3066.37,3133.26,486698.3987,1543790061.952392,238177.9812,755733360.549938,6357509,-0.017432681936934813,-0.000621795654296875,-0.03622793434865734,-0.043701171875,-0.0260009765625,0.025390625,0.046875
ETHUSDT,2025-12-05 00:00:00+00:00,3133.26,3193.33,2983.08,3021.78,530382.8986,1639255389.987769,259028.7578,799899847.557016,6012408,-0.03622793434865734,0.00165557861328125,0.005373092083985398,-0.031494140625,-0.016845703125,0.0211181640625,0.034912109375
ETHUSDT,2025-12-06 00:00:00+00:00,3021.77,3069.0,3012.58,3038.06,159721.2488,485368537.24003106,75279.0803,228817367.459284,2244070,0.005373092083985398,0.00089263916015625,0.007146741340973151,-0.030517578125,-0.0167236328125,0.0184326171875,0.0303955078125
ETHUSDT,2025-12-07 00:00:00+00:00,3038.06,3150.0,2907.52,3059.85,391129.675,1186332501.65101,186555.6398,565678531.959395,4277667,0.007146741340973151,-0.0004749298095703125,0.020799551900223534,-0.037109375,-0.0218505859375,0.0211181640625,0.035400390625
ETHUSDT,2025-12-08 00:00:00+00:00,3059.86,3180.51,3040.87,3124.16,452820.2207,1415589445.039095,224225.6496,701178219.819795,6327207,0.020799551900223534,-0.00021076202392578125,0.06020880009550922,-0.052001953125,-0.03125,0.02978515625,0.048095703125
ETHUSDT,2025-12-09 00:00:00+00:00,3124.16,3397.85,3090.8,3318.04,603859.9458,1962292840.767687,280409.759,911911294.837155,6993282,0.06020880009550922,0.0013580322265625,0.001836746885791385,-0.04248046875,-0.0242919921875,0.029296875,0.050048828125
ETHUSDT,2025-12-10 00:00:00+00:00,3318.04,3447.44,3288.1,3324.14,539585.4535,1810738811.735616,265501.8458,891358758.833009,7155428,0.001836746885791385,-0.0018157958984375,-0.02644354442201724,-0.05908203125,-0.036865234375,0.03564453125,0.057861328125
ETHUSDT,2025-12-11 00:00:00+00:00,3324.14,3327.37,3145.28,3237.39,504114.2391,1619734578.213871,239375.5443,768839628.956444,7267153,-0.02644354442201724,-0.00084686279296875,-0.04826117416204845,-0.050048828125,-0.0299072265625,0.0286865234375,0.048583984375
ETHUSDT,2025-12-12 00:00:00+00:00,3237.38,3265.5,3045.31,3084.86,435686.4435,1371414759.857734,204665.1471,643771575.254284,5948483,-0.04826117416204845,0.00115966796875,0.00960730028486978,-0.034423828125,-0.019287109375,0.0223388671875,0.036865234375
ETHUSDT,2025-12-13 00:00:00+00:00,3084.86,3135.68,3078.6,3114.64,136465.7567,423920604.038122,66698.6327,207214417.642375,1855254,0.00960730028486978,0.002716064453125,-0.016555522553701962,-0.03564453125,-0.0196533203125,0.0252685546875,0.04052734375
ETHUSDT,2025-12-14 00:00:00+00:00,3114.64,3129.54,3024.44,3063.5,279058.3545,862072488.530014,122884.5661,379597137.01443505,3511048,-0.016555522553701962,-0.000457763671875,-0.03273161223283605,-0.04248046875,-0.02490234375,0.0250244140625,0.04248046875
ETHUSDT,2025-12-15 00:00:00+00:00,3063.49,3177.5,2894.57,2964.85,520509.9555,1579982448.239563,260217.0331,790063852.031119,7417115,-0.03273161223283605,-0.00124359130859375,-0.0008604473169500082,-0.046630859375,-0.0283203125,0.0255126953125,0.044189453125
ETHUSDT,2025-12-16 00:00:00+00:00,2964.85,2981.87,2876.0,2962.3,378293.1159,1111582164.804332,177353.9948,521322317.103601,6669623,-0.0008604473169500082,-0.000728607177734375,-0.04445682621664204,-0.045166015625,-0.0269775390625,0.0262451171875,0.0458984375
ETHUSDT,2025-12-17 00:00:00+00:00,2962.3,3030.92,2791.02,2833.49,497630.4162,1446107029.749676,241806.4338,702713292.8754209,6532843,-0.04445682621664204,-0.0036163330078125,-0.0017378838226003168,-0.0546875,-0.034423828125,0.0279541015625,0.050048828125
ETHUSDT,2025-12-18 00:00:00+00:00,2833.5,2997.4,2775.19,2828.57,595253.7997,1712688363.64049,297647.5456,856465294.3772889,7801439,-0.0017378838226003168,-0.001373291015625,0.05198421761035288,-0.039306640625,-0.0238037109375,0.0224609375,0.03857421875
ETHUSDT,2025-12-19 00:00:00+00:00,2828.56,3020.0,2808.63,2979.5,531702.5439,1565878519.31718,265654.992,782773695.892576,6948512,0.05198421761035288,0.0030364990234375,-0.0005270729278725739,-0.033203125,-0.0184326171875,0.0252685546875,0.0400390625
ETHUSDT,2025-12-20 00:00:00+00:00,2979.49,2994.41,2964.17,2977.93,91783.7734,273573678.212581,40641.5192,121155599.008529,1350111,-0.0005270729278725739,0.00115966796875,0.008056967137236803,-0.034912109375,-0.019775390625,0.02294921875,0.037353515625
ETHUSDT,2025-12-21 00:00:00+00:00,2977.93,3013.4,2944.0,3002.02,162244.8067,483780019.527505,78868.2879,235186765.372176,2474808,0.008056967137236803,-0.0016937255859375,0.002485233774809359,-0.040771484375,-0.0245361328125,0.0223388671875,0.038330078125
ETHUSDT,2025-12-22 00:00:00+00:00,3002.03,3077.39,2963.43,3009.49,298443.5633,903056984.466161,142983.3689,432713971.599364,5452069,0.002485233774809359,-0.00072479248046875,-0.014886851399568357,-0.044677734375,-0.02734375,0.0269775390625,0.046875
ETHUSDT,2025-12-23 00:00:00+00:00,3009.48,3035.79,2900.93,2965.02,386465.747,1143899253.062532,206394.4595,610982176.714151,4824322,-0.014886851399568357,-0.000934600830078125,-0.005936602528959334,-0.044189453125,-0.026611328125,0.025634765625,0.045654296875
ETHUSDT,2025-12-24 00:00:00+00:00,2965.03,2978.15,2888.7,2947.47,197035.5598,578209287.858266,101402.5429,297704426.144271,3194683,-0.005936602528959334,-0.00159454345703125,-0.014875296077072164,-0.045654296875,-0.02734375,0.023681640625,0.04296875
ETHUSDT,2025-12-25 00:00:00+00:00,2947.48,2971.46,2891.2,2903.95,188721.2981,554690625.492779,85987.392,252678463.929107,2183611,-0.014875296077072164,-0.000759124755859375,0.008244301609216187,-0.0341796875,-0.0196533203125,0.0179443359375,0.03173828125
ETHUSDT,2025-12-26 00:00:00+00:00,2903.9,2994.38,2894.26,2927.99,314830.9989,928357784.217832,159371.2995,469784292.6982,4062164,0.008244301609216187,0.0015869140625,0.007166903796686164,-0.0201416015625,-0.01019287109375,0.01470947265625,0.025390625
ETHUSDT,2025-12-27 00:00:00+00:00,2928.0,2960.89,2917.13,2949.05,95040.3956,278706096.334518,43285.9713,126936744.905573,1004396,0.007166903796686164,0.0006866455078125,0.0006305127701269342,-0.0283203125,-0.0152587890625,0.0169677734375,0.0286865234375
ETHUSDT,2025-12-28 00:00:00+00:00,2949.05,2961.23,2924.54,2950.91,128834.139,379078145.432578,65373.9915,192352556.018686,1484510,0.0006305127701269342,-0.000804901123046875,-0.004418556946778729,-0.03955078125,-0.0223388671875,0.0216064453125,0.037841796875
ETHUSDT,2025-12-29 00:00:00+00:00,2950.91,3057.78,2910.25,2937.9,485959.1824,1447180217.933539,233555.1583,694845447.7618849,5162535,-0.004418556946778729,-0.0019989013671875,0.012108565473993416,-0.043701171875,-0.026123046875,0.0218505859375,0.039306640625
ETHUSDT,2025-12-30 00:00:00+00:00,2937.91,3009.8,2919.44,2973.69,286583.2879,851498558.489608,146128.2348,434231190.136072,3959890,0.012108565473993416,5.9604644775390625e-05,-0.0006896169199164248,-0.03759765625,-0.0208740234375,0.02099609375,0.03759765625
ETHUSDT,2025-12-31 00:00:00+00:00,2973.69,3028.08,2958.91,2971.64,233729.5887,697600045.700212,116217.5263,346891301.180933,2935432,-0.0006896169199164248,-0.000568389892578125,0.010893991936288039,-0.037353515625,-0.0213623046875,0.0194091796875,0.036865234375
ETHUSDT,2026-01-01 00:00:00+00:00,2971.65,3010.0,2971.15,3004.19,136088.5207,406547667.098154,66477.086,198558579.194668,1338212,0.010893991936288039,0.000823974609375,0.03957029191827388,-0.0245361328125,-0.0130615234375,0.01458740234375,0.0257568359375
ETHUSDT,2026-01-02 00:00:00+00:00,3004.19,3150.01,2992.49,3125.45,369891.2449,1137619077.204739,195057.0391,599510476.371968,5276480,0.03957029191827388,0.0029449462890625,0.000530982522040091,-0.0250244140625,-0.01275634765625,0.0198974609375,0.03271484375
ETHUSDT,2026-01-03 00:00:00+00:00,3125.46,3136.71,3076.0,3127.11,134405.2258,417746796.51213694,66789.8067,207586674.464872,1823251,0.000530982522040091,0.000705718994140625,0.005609240751981659,-0.0301513671875,-0.0166015625,0.0177001953125,0.030517578125
ETHUSDT,2026-01-04 00:00:00+00:00,3127.11,3167.22,3118.75,3144.7,181576.0686,570517585.648554,94783.8698,297836974.892677,2261499,0.005609240751981659,0.0002288818359375,0.025211353372352363,-0.034912109375,-0.0196533203125,0.0205078125,0.03515625
ETHUSDT,2026-01-05 00:00:00+00:00,3144.71,3265.66,3135.02,3224.99,382446.6618,1219648843.481487,188956.4336,602755810.6207991,5401982,0.025211353372352363,-0.00026702880859375,0.022034584478564767,-0.043212890625,-0.0255126953125,0.025390625,0.04443359375
ETHUSDT,2026-01-06 00:00:00+00:00,3224.99,3308.86,3183.27,3296.84,412503.5066,1340863819.954255,204316.7995,664312441.651169,5310071,0.022034584478564767,0.00052642822265625,-0.039636713089381104,-0.039794921875,-0.0228271484375,0.025146484375,0.0439453125
ETHUSDT,2026-01-07 00:00:00+00:00,3296.83,3296.84,3125.42,3168.72,321350.1225,1027448724.687839,154644.9184,494179925.689907,4839276,-0.039636713089381104,-0.00125885009765625,-0.019782745648784683,-0.04541015625,-0.027099609375,0.0240478515625,0.04345703125
ETHUSDT,2026-01-08 00:00:00+00:00,3168.72,3184.39,3054.65,3106.65,343616.1005,1069846020.042703,167834.9366,522450484.02997,4982423,-0.019782745648784683,0.00104522705078125,-0.005891817755609097,-0.03173828125,-0.0177001953125,0.0201416015625,0.033203125
ETHUSDT,2026-01-09 00:00:00+00:00,3106.66,3148.41,3058.69,3088.4,274587.4533,851846982.925553,137269.6714,426011198.68438,4182570,-0.005891817755609097,0.00213623046875,-0.0005441189941084446,-0.02392578125,-0.012451171875,0.0172119140625,0.0281982421875
ETHUSDT,2026-01-10 00:00:00+00:00,3088.4,3104.12,3077.99,3086.72,82341.0546,254495724.002643,44689.1628,138130908.825049,881069,-0.0005441189941084446,0.001373291015625,0.01182912168125938,-0.0257568359375,-0.01361083984375,0.0162353515625,0.027099609375
ETHUSDT,2026-01-11 00:00:00+00:00,3086.72,3147.27,3084.46,3123.45,149381.2965,465227647.583002,77521.2191,241470651.783173,1522502,0.01182912168125938,0.000446319580078125,-0.008907957026604407,-0.03271484375,-0.018310546875,0.01904296875,0.032470703125
ETHUSDT,2026-01-12 00:00:00+00:00,3123.46,3171.49,3065.55,3095.75,297373.4681,928024542.296001,145169.9489,453140052.75455695,4303605,-0.008907957026604407,-0.00128936767578125,0.07168605713123988,-0.04443359375,-0.0263671875,0.0234375,0.041748046875
ETHUSDT,2026-01-13 00:00:00+00:00,3095.75,3367.79,3091.96,3325.82,457782.2816,1470983302.124877,239733.9448,769970312.5922861,4876916,0.07168605713123988,0.00115203857421875,0.008711664887586679,-0.044921875,-0.025146484375,0.0277099609375,0.04833984375
ETHUSDT,2026-01-14 00:00:00+00:00,3325.83,3402.89,3280.48,3354.92,503440.0759,1682648500.339798,242601.2111,811091133.793289,5351410,0.008711664887586679,0.0002002716064453125,-0.01085779838325962,-0.04052734375,-0.0233154296875,0.0230712890625,0.0390625
ETHUSDT,2026-01-15 00:00:00+00:00,3354.92,3384.19,3273.72,3318.69,389993.836,1296628250.56622,182106.0811,605761505.416469,4766390,-0.01085779838325962,0.000209808349609375,-0.006775566853272963,-0.031494140625,-0.0174560546875,0.0177001953125,0.03076171875
ETHUSDT,2026-01-16 00:00:00+00:00,3318.7,3326.79,3253.01,3296.28,223921.7876,737278508.749833,109159.1615,359334304.757938,3528248,-0.006775566853272963,0.00127410888671875,0.004322799473589711,-0.01611328125,-0.0078125,0.01171875,0.0208740234375
ETHUSDT,2026-01-17 00:00:00+00:00,3296.28,3330.26,3283.96,3310.56,124325.0303,411508868.39151,68643.5852,227299910.454937,1229614,0.004322799473589711,0.0012359619140625,-0.008046032619523302,-0.0213623046875,-0.01068115234375,0.01385498046875,0.0244140625
ETHUSDT,2026-01-18 00:00:00+00:00,3310.56,3368.82,3278.86,3284.03,173354.3026,576301516.530256,93056.7992,309424972.081588,2227452,-0.008046032619523302,5.221366882324219e-05,-0.029191485734118672,-0.034423828125,-0.0191650390625,0.0186767578125,0.032958984375
ETHUSDT,2026-01-19 00:00:00+00:00,3284.04,3284.58,3165.38,3189.55,442540.5596,1421588263.898261,225707.6739,725130247.584568,4406164,-0.029191485734118672,-0.00136566162109375,-0.08151107682426151,-0.041015625,-0.0242919921875,0.021484375,0.039794921875
ETHUSDT,2026-01-20 00:00:00+00:00,3189.56,3200.5,2920.0,2939.88,518166.4787,1586973026.80606,251605.1302,770975910.793193,7228638,-0.08151107682426151,-0.0005035400390625,0.014315991312258802,-0.0458984375,-0.0262451171875,0.0252685546875,0.045654296875
ETHUSDT,2026-01-21 00:00:00+00:00,2939.88,3069.07,2866.11,2982.27,577800.2481,1712903183.812053,296961.807,880621251.790689,8064316,0.014315991312258802,-0.0023193359375,-0.00996813624058479,-0.0478515625,-0.029052734375,0.0240478515625,0.04443359375
ETHUSDT,2026-01-22 00:00:00+00:00,2982.28,3038.33,2906.02,2952.69,291660.7349,867206892.2391379,144410.7947,429371629.050317,4696521,-0.00996813624058479,-0.00148773193359375,0.0012590751523697818,-0.03369140625,-0.0196533203125,0.0157470703125,0.0284423828125
ETHUSDT,2026-01-23 00:00:00+00:00,2952.7,3019.26,2892.4,2956.41,318415.3317,939757975.669515,159251.2529,470264718.669184,5479038,0.0012590751523697818,0.000499725341796875,-0.001079593920375821,-0.0159912109375,-0.00811767578125,0.00970458984375,0.0179443359375
ETHUSDT,2026-01-24 00:00:00+00:00,2956.41,2970.41,2943.84,2953.22,92082.9039,272517275.860426,41483.2107,122751060.758119,1185149,-0.001079593920375821,0.0004119873046875,-0.047262660996199024,-0.022705078125,-0.011962890625,0.01300048828125,0.0230712890625
ETHUSDT,2026-01-25 00:00:00+00:00,2953.23,2960.29,2787.0,2816.89,380186.5326,1088137895.952771,165133.7717,473021399.88106495,4637787,-0.047262660996199024,-0.00146484375,0.039488430321318546,-0.052490234375,-0.03125,0.0274658203125,0.046875
ETHUSDT,2026-01-26 00:00:00+00:00,2816.9,2951.21,2812.37,2930.35,485169.3372,1405058143.578595,239396.1448,693731253.124194,5933570,0.039488430321318546,-0.0007476806640625,0.032374174511627274,-0.048828125,-0.0284423828125,0.0260009765625,0.045654296875
ETHUSDT,2026-01-27 00:00:00+00:00,2930.35,3035.08,2899.77,3026.77,478792.3988,1416537368.433361,229630.1728,679191460.936592,5278439,0.032374174511627274,-9.822845458984375e-05,-0.0052968629280449875,-0.036376953125,-0.0206298828125,0.0208740234375,0.037353515625
ETHUSDT,2026-01-28 00:00:00+00:00,3026.77,3045.78,2983.67,3010.78,296607.6549,894057677.7403649,154557.6064,465946305.94887,5061029,-0.0052968629280449875,-0.0009765625,-0.06454427824477627,-0.039306640625,-0.0220947265625,0.0196533203125,0.036376953125
ETHUSDT,2026-01-29 00:00:00+00:00,3010.78,3013.5,2754.53,2822.59,561288.5979,1601894306.039813,270939.8171,772718271.379958,6779608,-0.06454427824477627,-0.0013427734375,-0.04167352557749471,-0.036376953125,-0.020751953125,0.0179443359375,0.03271484375
ETHUSDT,2026-01-30 00:00:00+00:00,2822.6,2828.65,2636.01,2707.38,793279.6252,2161851949.0883846,388766.163,1059467300.875251,10661631,-0.04167352557749471,0.000827789306640625,-0.09909775123222353,-0.03076171875,-0.016845703125,0.0194091796875,0.032958984375
ETHUSDT,2026-01-31 00:00:00+00:00,2707.37,2714.64,2250.0,2451.95,1113097.7132,2759353621.321312,520430.2055,1291798679.952669,9305297,-0.09909775123222353,-0.00127410888671875,-0.07703771774360124,-0.05029296875,-0.0294189453125,0.0267333984375,0.04736328125
ETHUSDT,2026-02-01 00:00:00+00:00,2451.96,2475.98,2222.0,2270.15,1026573.9466,2412828498.6277447,455879.6449,1069127421.804749,11038637,-0.07703771774360124,-0.00469970703125,0.03330052974408382,-0.0703125,-0.043701171875,0.033447265625,0.061279296875
ETHUSDT,2026-02-02 00:00:00+00:00,2270.16,2396.62,2157.14,2347.02,1248535.2114,2842177286.24149,614416.942,1398079659.353768,11149156,0.03330052974408382,-0.0021209716796875,-0.04947808127825848,-0.06689453125,-0.040771484375,0.03857421875,0.06494140625
ETHUSDT,2026-02-03 00:00:00+00:00,2347.01,2359.88,2110.0,2233.72,1321099.3867,2981630480.120865,666418.2157,1505015892.495484,11643770,-0.04947808127825848,-0.002197265625,-0.039010144919084055,-0.0576171875,-0.03369140625,0.0284423828125,0.05224609375
ETHUSDT,2026-02-04 00:00:00+00:00,2233.72,2295.74,2076.68,2148.26,1264743.43,2756607838.332894,609896.0952,1325924462.845477,10912540,-0.039010144919084055,-0.005645751953125,-0.16207598779923504,-0.05615234375,-0.0341796875,0.021728515625,0.041259765625
ETHUSDT,2026-02-05 00:00:00+00:00,2148.25,2173.77,1818.18,1826.83,1952286.6951,3895174109.7858634,967965.2824,1933830694.3629231,13667587,-0.16207598779923504,-0.015380859375,0.12176319054419515,-0.087890625,-0.055419921875,0.0172119140625,0.03857421875
ETHUSDT,2026-02-06 00:00:00+00:00,1826.83,2093.94,1747.8,2063.38,2102311.5573,4099448671.0118394,1189792.5763,2323481388.750452,12362731,0.12176319054419515,-0.0024261474609375,0.011420544998103743,-0.072265625,-0.042724609375,0.03662109375,0.06689453125
ETHUSDT,2026-02-07 00:00:00+00:00,2063.37,2121.7,1994.57,2087.08,1142616.4487,2350131251.111509,548585.9421,1128556150.777751,7938360,0.011420544998103743,-0.0010833740234375,0.001273696429153759,-0.0517578125,-0.0299072265625,0.027099609375,0.046875
ETHUSDT,2026-02-08 00:00:00+00:00,2087.08,2152.03,2064.1,2089.74,482837.2515,1015368967.858894,228020.7596,479809411.995975,4379045,0.001273696429153759,-0.000518798828125,0.007285311952573537,-0.04296875,-0.0240478515625,0.0233154296875,0.040283203125
ETHUSDT,2026-02-09 00:00:00+00:00,2089.73,2147.73,2008.62,2105.02,625378.5569,1299316807.805279,315446.5313,655569971.226274,6331904,0.007285311952573537,-0.0017852783203125,-0.03990654747058642,-0.057861328125,-0.03466796875,0.0296630859375,0.050537109375
ETHUSDT,2026-02-10 00:00:00+00:00,2105.02,2124.71,1989.38,2022.67,574321.6908,1163710989.708572,276990.265,560975011.04426,5159394,-0.03990654747058642,-0.00139617919921875,-0.041122385215841106,-0.0556640625,-0.03271484375,0.0303955078125,0.053466796875
ETHUSDT,2026-02-11 00:00:00+00:00,2022.67,2032.31,1903.19,1941.18,529655.8177,1036100476.102876,259017.7416,506650635.748852,6450810,-0.041122385215841106,-0.006011962890625,0.003430164611715192,-0.0673828125,-0.043212890625,0.033447265625,0.05859375
ETHUSDT,2026-02-12 00:00:00+00:00,1941.19,2001.42,1897.24,1947.85,427567.1469,833481568.532024,212467.499,414232137.149514,5262808,0.003430164611715192,-0.0011749267578125,0.050489007691500554,-0.043212890625,-0.025146484375,0.0223388671875,0.0419921875
ETHUSDT,2026-02-13 00:00:00+00:00,1947.85,2073.68,1924.72,2048.72,425649.7698,850907791.20718,215643.6192,431290771.89200896,4695571,0.050489007691500554,0.000946044921875,0.01831594666121994,-0.026123046875,-0.013671875,0.017333984375,0.0301513671875
ETHUSDT,2026-02-14 00:00:00+00:00,2048.72,2107.67,2042.37,2086.59,220677.2355,458319230.494356,110065.542,228627817.282618,2720271,0.01831594666121994,0.00041961669921875,-0.05923516107892546,-0.028564453125,-0.01531982421875,0.017333984375,0.0306396484375
