symbol,ts_decision,open_t,high_t,low_t,close_t,volume_t,quotevolume_t,activebuyvolume_t,activebuyquotevolume_t,tradenum_t,target_logreturn_t,pred_ret_t+1_mean,y_true_ret_t+1,pred_ret_t+1_q0.1,pred_ret_t+1_q0.2,pred_ret_t+1_q0.8,pred_ret_t+1_q0.9
BNBUSDT,2025-01-01 00:00:00+00:00,702.31,711.5,700.3,707.84,135703.339,95912659.04516,71288.596,50393053.58082,450993,0.007857416288886476,0.00160980224609375,-0.0022487969932099006,-0.0245361328125,-0.0140380859375,0.0179443359375,0.0281982421875
BNBUSDT,2025-01-02 00:00:00+00:00,707.84,715.8,698.04,706.25,292533.811,206642127.74701,148984.461,105250999.91415,715222,-0.0022487969932099006,0.0022735595703125,0.01214541398013047,-0.0220947265625,-0.011962890625,0.0169677734375,0.027099609375
BNBUSDT,2025-01-03 00:00:00+00:00,706.24,715.69,697.03,714.88,291701.675,206214578.80261,159091.006,112481688.30507,703090,0.01214541398013047,0.0016021728515625,-0.0020584062326802766,-0.02294921875,-0.01287841796875,0.0162353515625,0.0263671875
BNBUSDT,2025-01-04 00:00:00+00:00,714.87,721.84,707.82,713.41,167274.262,119663318.91078,86559.128,61934765.70646,477042,-0.0020584062326802766,0.0003604888916015625,-0.005791820506323653,-0.02294921875,-0.0128173828125,0.0137939453125,0.023681640625
BNBUSDT,2025-01-05 00:00:00+00:00,713.41,713.93,702.51,709.29,115144.345,81589551.0974,58981.298,41793844.90639,357365,-0.005791820506323653,-0.0011749267578125,0.027985228093980297,-0.02685546875,-0.01611328125,0.014404296875,0.025390625
BNBUSDT,2025-01-06 00:00:00+00:00,709.29,745.29,705.91,729.42,357347.859,259202689.33863,184530.506,133801847.42062,797928,0.027985228093980297,-0.0002727508544921875,-0.04401626848844664,-0.03125,-0.0184326171875,0.0179443359375,0.0302734375
BNBUSDT,2025-01-07 00:00:00+00:00,729.42,733.33,691.2,698.01,436096.682,311205654.41287,209418.604,149719600.5228,1160929,-0.04401626848844664,0.00020885467529296875,-0.0028406664535429726,-0.032958984375,-0.0194091796875,0.020263671875,0.03369140625
BNBUSDT,2025-01-08 00:00:00+00:00,698.0,707.46,674.72,696.03,427277.957,295988402.30722,207307.09,143686573.49684,1190705,-0.0028406664535429726,0.00130462646484375,-0.015273440061119636,-0.0286865234375,-0.0166015625,0.0203857421875,0.032958984375
BNBUSDT,2025-01-09 00:00:00+00:00,696.03,701.72,675.12,685.48,331906.578,229395154.56301,162954.004,112702855.91574,939316,-0.015273440061119636,0.00152587890625,0.011213660795876379,-0.0264892578125,-0.01507568359375,0.018310546875,0.0296630859375
BNBUSDT,2025-01-10 00:00:00+00:00,685.47,700.69,683.18,693.21,234590.487,162476464.702,126493.746,87614375.51518,738587,0.011213660795876379,0.000804901123046875,0.005021918447548401,-0.0267333984375,-0.0157470703125,0.0177001953125,0.0286865234375
BNBUSDT,2025-01-11 00:00:00+00:00,693.21,701.47,690.39,696.7,87734.79,61027521.95983,47204.381,32838208.15294,334776,0.005021918447548401,0.0006256103515625,-0.004834402670431892,-0.027587890625,-0.0159912109375,0.01708984375,0.02783203125
BNBUSDT,2025-01-12 00:00:00+00:00,696.71,698.63,689.8,693.34,78211.295,54271115.40096,40615.258,28184055.631,300207,-0.004834402670431892,-0.00139617919921875,-0.006801861272331067,-0.03076171875,-0.0184326171875,0.0164794921875,0.0281982421875
BNBUSDT,2025-01-13 00:00:00+00:00,693.35,700.0,660.0,688.64,386629.943,260749933.34469,172285.456,116338970.72958,1119948,-0.006801861272331067,-0.000522613525390625,0.014774724088812086,-0.0294189453125,-0.0177001953125,0.0169677734375,0.0283203125
BNBUSDT,2025-01-14 00:00:00+00:00,688.64,699.97,686.3,698.89,159723.609,110907862.84401,87445.141,60736371.70723,486074,0.014774724088812086,7.104873657226562e-05,0.02221558946656277,-0.0255126953125,-0.01495361328125,0.01544189453125,0.0255126953125
BNBUSDT,2025-01-15 00:00:00+00:00,698.89,715.0,688.45,714.59,282718.752,198505959.43022,154387.94,108432389.39035,792835,0.02221558946656277,0.0003719329833984375,-0.009123624990957424,-0.0250244140625,-0.01470947265625,0.0159912109375,0.0263671875
BNBUSDT,2025-01-16 00:00:00+00:00,714.59,717.5,700.5,708.1,268104.726,190449199.40963,139424.475,99040945.60188,799246,-0.009123624990957424,0.0024566650390625,0.0191073470023575,-0.0177001953125,-0.0093994140625,0.01513671875,0.0240478515625
BNBUSDT,2025-01-17 00:00:00+00:00,708.1,729.97,708.1,721.76,289751.278,208863892.21405,151672.499,109373336.98918,802129,0.0191073470023575,0.0030364990234375,-0.017103988591888886,-0.0198974609375,-0.010498046875,0.0169677734375,0.0263671875
BNBUSDT,2025-01-18 00:00:00+00:00,721.76,723.32,695.0,709.52,370480.456,261042036.22393,176895.96,124655335.76936,837865,-0.017103988591888886,0.000400543212890625,-0.03781567970330002,-0.025390625,-0.01458740234375,0.01611328125,0.02685546875
BNBUSDT,2025-01-19 00:00:00+00:00,709.52,714.6,676.0,683.19,712985.298,494826558.77689,336374.465,233420915.57247,1623738,-0.03781567970330002,3.2901763916015625e-05,-0.0009958263984692906,-0.0311279296875,-0.01806640625,0.0189208984375,0.03173828125
BNBUSDT,2025-01-20 00:00:00+00:00,683.2,709.38,671.0,682.51,668236.487,460253770.23451,335402.821,231130283.09146,2049759,-0.0009958263984692906,0.0001888275146484375,0.014112198822171962,-0.031005859375,-0.0179443359375,0.018798828125,0.03173828125
BNBUSDT,2025-01-21 00:00:00+00:00,682.51,697.0,675.01,692.21,294203.471,201877994.17057,151859.771,104214564.66133,1220430,0.014112198822171962,0.0003299713134765625,0.004770389451882906,-0.0281982421875,-0.0162353515625,0.017333984375,0.02880859375
BNBUSDT,2025-01-22 00:00:00+00:00,692.21,704.13,689.93,695.52,218410.233,152163801.08273,110909.472,77263294.85262,778968,0.004770389451882906,-0.00022792816162109375,-0.008345052254707497,-0.0262451171875,-0.0152587890625,0.01507568359375,0.0260009765625
BNBUSDT,2025-01-23 00:00:00+00:00,695.52,697.65,680.26,689.74,331191.456,227449444.31795,172713.457,118625872.17482,1136767,-0.008345052254707497,-0.00010347366333007812,-0.013560370979448066,-0.0260009765625,-0.01507568359375,0.014892578125,0.025634765625
BNBUSDT,2025-01-24 00:00:00+00:00,689.73,691.31,678.75,680.45,280584.305,192311060.58876,140230.18,96140355.31464,722265,-0.013560370979448066,-0.000164031982421875,0.00870620416742618,-0.026611328125,-0.0155029296875,0.01544189453125,0.026611328125
BNBUSDT,2025-01-25 00:00:00+00:00,680.45,689.56,677.68,686.4,140203.276,96002980.7489,75622.007,51781308.20444,398257,0.00870620416742618,0.00049591064453125,-0.028115933421175576,-0.026611328125,-0.01519775390625,0.0162353515625,0.02734375
BNBUSDT,2025-01-26 00:00:00+00:00,686.4,690.82,664.64,667.37,195887.168,133335964.38517,88543.098,60403895.56732,468081,-0.028115933421175576,0.0005035400390625,0.018365757360875534,-0.02783203125,-0.016357421875,0.0174560546875,0.0289306640625
BNBUSDT,2025-01-27 00:00:00+00:00,667.36,680.53,637.79,679.74,486667.795,319943135.41218,226266.429,149018305.19618,1736427,0.018365757360875534,-3.147125244140625e-05,-0.027517899277096802,-0.0306396484375,-0.0184326171875,0.018310546875,0.0306396484375
BNBUSDT,2025-01-28 00:00:00+00:00,679.75,682.88,659.4,661.29,202591.474,136320412.20259,89814.28,60466034.76642,698982,-0.027517899277096802,-0.000324249267578125,0.010050789512156655,-0.0294189453125,-0.017333984375,0.0172119140625,0.029296875
BNBUSDT,2025-01-29 00:00:00+00:00,661.28,680.01,659.37,667.97,255536.138,171429451.13217,114764.854,76940439.0441,829325,0.010050789512156655,-6.437301635742188e-05,0.014210569867797673,-0.02685546875,-0.0157470703125,0.015869140625,0.026611328125
BNBUSDT,2025-01-30 00:00:00+00:00,667.97,682.99,666.0,677.53,145419.421,98572665.66848,76496.6,51850998.53154,458024,0.014210569867797673,0.0003833770751953125,-8.856088566666642e-05,-0.024658203125,-0.01434326171875,0.01470947265625,0.0245361328125
BNBUSDT,2025-01-31 00:00:00+00:00,677.53,689.44,673.5,677.47,190707.861,129837529.78904,99029.159,67426140.07513,578966,-8.856088566666642e-05,0.00127410888671875,-0.03688002988985861,-0.0201416015625,-0.01092529296875,0.0133056640625,0.0220947265625
BNBUSDT,2025-02-01 00:00:00+00:00,677.48,681.56,650.73,652.94,177371.372,118479169.50354,86308.997,57699722.53868,572608,-0.03688002988985861,0.0001430511474609375,-0.055320460956303386,-0.0294189453125,-0.01708984375,0.017578125,0.0291748046875
BNBUSDT,2025-02-02 00:00:00+00:00,652.94,663.22,600.0,617.8,506728.603,319686544.33016,229809.49,145092458.96521,2193785,-0.055320460956303386,0.00164794921875,-0.0009554579232302629,-0.03955078125,-0.0224609375,0.02587890625,0.04296875
BNBUSDT,2025-02-03 00:00:00+00:00,617.8,619.19,500.0,617.21,1340856.885,761429704.70862,636341.473,361857690.74544,4325820,-0.0009554579232302629,0.001617431640625,-0.07486476446283064,-0.0390625,-0.0218505859375,0.026123046875,0.044677734375
BNBUSDT,2025-02-04 00:00:00+00:00,617.21,619.24,557.88,572.69,549571.473,320290589.1865,269099.031,156835668.31843,1769343,-0.07486476446283064,0.001007080078125,-0.005497982752499908,-0.033203125,-0.0186767578125,0.0213623046875,0.035400390625
BNBUSDT,2025-02-05 00:00:00+00:00,572.69,580.0,561.22,569.55,227055.225,129716884.83023,113084.949,64633093.80792,925294,-0.005497982752499908,-0.000682830810546875,0.0038027856949938155,-0.0296630859375,-0.017333984375,0.0162353515625,0.0281982421875
BNBUSDT,2025-02-06 00:00:00+00:00,569.55,589.99,568.87,571.72,334342.953,193969742.34818,169914.165,98604723.94882,1102386,0.0038027856949938155,0.000301361083984375,0.010422651618991807,-0.0267333984375,-0.01531982421875,0.015869140625,0.02685546875
BNBUSDT,2025-02-07 00:00:00+00:00,571.71,589.9,570.58,577.71,222673.88,129451341.96099,110350.646,64202024.93827,857222,0.010422651618991807,0.000621795654296875,0.05829732179369618,-0.0233154296875,-0.0125732421875,0.01397705078125,0.0240478515625
BNBUSDT,2025-02-08 00:00:00+00:00,577.7,633.73,573.62,612.39,490805.546,297489199.61406,252755.308,153206110.80392,1061209,0.05829732179369618,0.00074005126953125,0.00556913994359487,-0.0289306640625,-0.0167236328125,0.018798828125,0.03125
BNBUSDT,2025-02-09 00:00:00+00:00,612.39,648.13,602.4,615.81,774091.071,486494461.58509,387923.387,243583255.93883,1655609,0.00556913994359487,9.632110595703125e-05,0.004601210262787703,-0.0306396484375,-0.017822265625,0.018310546875,0.03125
BNBUSDT,2025-02-10 00:00:00+00:00,615.81,622.42,596.24,618.65,360129.038,218954195.88323,181866.326,110643924.08079,1383830,0.004601210262787703,2.86102294921875e-05,0.03721994391689254,-0.0272216796875,-0.0159912109375,0.01611328125,0.0272216796875
BNBUSDT,2025-02-11 00:00:00+00:00,618.65,646.94,615.08,642.11,488539.291,310084181.73871,257131.664,163284133.28169,1641560,0.03721994391689254,0.00140380859375,0.08192534672410545,-0.0264892578125,-0.01544189453125,0.0186767578125,0.029541015625
BNBUSDT,2025-02-12 00:00:00+00:00,642.12,705.48,626.88,696.93,822216.623,547344272.16887,457236.551,305075608.5668,2332162,0.08192534672410545,0.0031585693359375,-0.047319075944256994,-0.03515625,-0.02001953125,0.028076171875,0.04443359375
BNBUSDT,2025-02-13 00:00:00+00:00,696.92,732.0,658.28,664.72,1766921.695,1235503153.47365,913886.039,639994821.09695,4414763,-0.047319075944256994,0.0033416748046875,-0.007565554837452915,-0.04052734375,-0.0224609375,0.030517578125,0.048583984375
BNBUSDT,2025-02-14 00:00:00+00:00,664.73,684.86,652.0,659.71,650460.875,435455485.36749,330709.762,221466576.10648,1781548,-0.007565554837452915,0.00136566162109375,0.003782381657742917,-0.036865234375,-0.021484375,0.0247802734375,0.040283203125
BNBUSDT,2025-02-15 00:00:00+00:00,659.72,671.43,653.46,662.21,255950.897,169188074.94996,126083.904,83327781.69396,994231,0.003782381657742917,0.0002994537353515625,0.016311180839651662,-0.03271484375,-0.0191650390625,0.0201416015625,0.033447265625
BNBUSDT,2025-02-16 00:00:00+00:00,662.21,686.04,653.11,673.1,362205.963,242885041.45402,181474.264,121707666.57568,1291598,0.016311180839651662,3.266334533691406e-05,-0.008339535581073143,-0.03173828125,-0.018310546875,0.01904296875,0.031982421875
BNBUSDT,2025-02-17 00:00:00+00:00,673.1,682.29,657.99,667.51,323350.276,217073600.40769,165338.553,111023518.19536,1237030,-0.008339535581073143,0.0004425048828125,-0.02938593587864613,-0.0277099609375,-0.0157470703125,0.016845703125,0.028564453125
BNBUSDT,2025-02-18 00:00:00+00:00,667.52,668.3,629.65,648.18,366356.988,237605531.27277,177257.309,115012941.00804,1391692,-0.02938593587864613,0.0020904541015625,0.007990454020034399,-0.028564453125,-0.0159912109375,0.0208740234375,0.03369140625
BNBUSDT,2025-02-19 00:00:00+00:00,648.19,664.44,636.99,653.38,352798.243,230093608.31893,193133.819,125969321.17783,1191211,0.007990454020034399,0.0012054443359375,0.0045505293299665794,-0.026123046875,-0.01458740234375,0.0174560546875,0.0289306640625
BNBUSDT,2025-02-20 00:00:00+00:00,653.38,659.03,645.88,656.36,215894.368,140683645.98812,106050.773,69114738.66123,881876,0.0045505293299665794,0.00109100341796875,-0.013636958452950765,-0.0223388671875,-0.0120849609375,0.0146484375,0.025390625
BNBUSDT,2025-02-21 00:00:00+00:00,656.36,668.5,635.0,647.47,317327.155,207737127.35011,147783.357,96718918.23002,1188753,-0.013636958452950765,0.00058746337890625,0.032068642647961276,-0.0208740234375,-0.0113525390625,0.01312255859375,0.0230712890625
BNBUSDT,2025-02-22 00:00:00+00:00,647.47,679.9,645.21,668.57,297923.184,197901565.80744,155840.869,103524783.65619,943929,0.032068642647961276,0.00011348724365234375,-0.01529807752974488,-0.0294189453125,-0.0169677734375,0.0179443359375,0.030029296875
BNBUSDT,2025-02-23 00:00:00+00:00,668.57,671.1,648.49,658.42,166658.013,110014935.59318,84848.026,56019771.32977,575895,-0.01529807752974488,-0.0016021728515625,-0.06952241756549338,-0.03564453125,-0.021240234375,0.0184326171875,0.031982421875
BNBUSDT,2025-02-24 00:00:00+00:00,658.41,659.56,610.6,614.2,360147.153,228275603.70987,166933.094,105832570.00856,1455350,-0.06952241756549338,0.000698089599609375,0.015012118492370163,-0.037353515625,-0.02099609375,0.02294921875,0.037841796875
BNBUSDT,2025-02-25 00:00:00+00:00,614.19,628.7,586.0,623.49,647434.612,393335861.56722,318885.089,193882659.92564,2577232,0.015012118492370163,0.0008544921875,-0.019303305315014008,-0.040771484375,-0.023681640625,0.0262451171875,0.04296875
BNBUSDT,2025-02-26 00:00:00+00:00,623.49,632.14,594.07,611.57,428035.431,263292239.55094,219184.862,134818476.5011,1692118,-0.019303305315014008,0.0004329681396484375,-0.010123506728255016,-0.032470703125,-0.018798828125,0.0203857421875,0.0341796875
BNBUSDT,2025-02-27 00:00:00+00:00,611.57,619.77,595.84,605.41,295518.116,180214548.10665,148033.753,90303218.43496,1226636,-0.010123506728255016,0.0004730224609375,-0.029059926023753846,-0.03173828125,-0.0184326171875,0.0196533203125,0.03271484375
BNBUSDT,2025-02-28 00:00:00+00:00,605.41,606.33,559.71,588.07,600999.319,348100030.61127,290649.36,168356328.2758,2432030,-0.029059926023753846,0.0006256103515625,0.03321375532700177,-0.035400390625,-0.020751953125,0.022216796875,0.036376953125
BNBUSDT,2025-03-01 00:00:00+00:00,588.07,609.48,586.4,607.93,292254.356,174627265.35593,138923.865,83069359.86372,907408,0.03321375532700177,-0.000255584716796875,0.02599446614112555,-0.03857421875,-0.022705078125,0.0228271484375,0.03759765625
BNBUSDT,2025-03-02 00:00:00+00:00,607.94,635.01,601.5,623.94,469069.23,290922261.43101,245101.1,152067918.41563,1562454,0.02599446614112555,-0.001434326171875,-0.07977295316185895,-0.04296875,-0.0260009765625,0.023193359375,0.03857421875
BNBUSDT,2025-03-03 00:00:00+00:00,623.94,624.36,567.5,576.1,497949.879,296931073.33352,241553.666,144072117.41662,1973288,-0.07977295316185895,-0.00038909912109375,0.013636849230959314,-0.042724609375,-0.0252685546875,0.0244140625,0.0419921875
BNBUSDT,2025-03-04 00:00:00+00:00,576.09,588.75,546.83,584.01,488869.851,277254366.05704,239364.916,135969624.60744,2272449,0.013636849230959314,0.00323486328125,0.024073905259506923,-0.033935546875,-0.0181884765625,0.0252685546875,0.040771484375
BNBUSDT,2025-03-05 00:00:00+00:00,584.01,606.06,580.57,598.24,206205.988,122536170.87545,109983.898,65363592.43801,1100570,0.024073905259506923,0.00142669677734375,-0.0029127696908330947,-0.0289306640625,-0.016357421875,0.019287109375,0.03173828125
BNBUSDT,2025-03-06 00:00:00+00:00,598.25,612.9,589.2,596.5,223701.39,134753375.22754,115838.986,69810960.69956,988783,-0.0029127696908330947,0.003326416015625,-0.0029044653456864467,-0.0203857421875,-0.010009765625,0.017333984375,0.027587890625
BNBUSDT,2025-03-07 00:00:00+00:00,596.49,610.2,577.23,594.77,289363.933,172750428.92419,139088.377,83079063.06782,1444209,-0.0029044653456864467,0.0022430419921875,-0.00281175734760275,-0.025634765625,-0.01348876953125,0.017822265625,0.0291748046875
BNBUSDT,2025-03-08 00:00:00+00:00,594.77,602.77,590.11,593.1,117220.631,69991200.96482,61572.326,36775210.39153,584699,-0.00281175734760275,-0.00055694580078125,-0.06702573466001294,-0.0301513671875,-0.01708984375,0.0157470703125,0.0274658203125
BNBUSDT,2025-03-09 00:00:00+00:00,593.1,593.1,550.2,554.65,246382.904,140015234.56134,114473.664,65068828.59632,1116177,-0.06702573466001294,-0.0019683837890625,-0.0426529012551109,-0.046875,-0.02783203125,0.022216796875,0.040283203125
BNBUSDT,2025-03-10 00:00:00+00:00,554.65,573.4,523.01,531.49,410154.62,225187261.71934,180204.628,99065035.02858,1870843,-0.0426529012551109,0.0006103515625,0.037156891904301936,-0.041015625,-0.0234375,0.024169921875,0.042236328125
BNBUSDT,2025-03-11 00:00:00+00:00,531.49,566.0,507.0,551.61,691870.521,377448189.6883,356080.306,194509409.31414,2542958,0.037156891904301936,0.0003643035888671875,0.032566989807340185,-0.042236328125,-0.024169921875,0.0247802734375,0.04248046875
BNBUSDT,2025-03-12 00:00:00+00:00,551.61,574.95,544.63,569.87,367224.211,205368085.28517,193847.468,108461303.66392,1256293,0.032566989807340185,0.0003490447998046875,0.01727495184635508,-0.0308837890625,-0.01806640625,0.01904296875,0.031982421875
BNBUSDT,2025-03-13 00:00:00+00:00,569.87,613.71,567.99,579.8,647497.028,379822302.22007,334188.046,196105919.06673,1747273,0.01727495184635508,0.002593994140625,0.013635484824467525,-0.027587890625,-0.01470947265625,0.0203857421875,0.033203125
BNBUSDT,2025-03-14 00:00:00+00:00,579.8,589.81,576.61,587.76,213012.082,124194131.58567,119668.704,69802426.5705,762657,0.013635484824467525,0.001983642578125,0.05312654558080432,-0.030029296875,-0.0166015625,0.020263671875,0.032958984375
BNBUSDT,2025-03-15 00:00:00+00:00,587.76,619.96,587.49,619.83,254324.009,153638521.26638,145822.969,88061716.82361,782849,0.05312654558080432,0.0023651123046875,-0.028855630845193048,-0.032958984375,-0.01904296875,0.0242919921875,0.0380859375
BNBUSDT,2025-03-16 00:00:00+00:00,619.82,622.8,593.06,602.2,255774.316,154620391.15023,128315.116,77571862.18962,894863,-0.028855630845193048,-0.00148773193359375,0.04780915143252784,-0.037109375,-0.023193359375,0.02001953125,0.033447265625
BNBUSDT,2025-03-17 00:00:00+00:00,602.21,643.72,602.04,631.69,591668.184,372213621.75484,315023.627,198094659.14582,1356953,0.04780915143252784,0.000659942626953125,-0.00616119455947306,-0.036376953125,-0.0213623046875,0.0230712890625,0.037841796875
BNBUSDT,2025-03-18 00:00:00+00:00,631.68,643.33,620.28,627.81,443437.833,280327124.87383,234818.226,148510772.63949,1122369,-0.00616119455947306,0.0035400390625,-0.014617070383745379,-0.0296630859375,-0.0162353515625,0.023681640625,0.036376953125
BNBUSDT,2025-03-19 00:00:00+00:00,627.81,628.2,604.36,618.7,399993.645,246061914.58732,198921.712,122395842.79462,1063862,-0.014617070383745379,0.00136566162109375,0.01884507045131123,-0.03125,-0.017822265625,0.0208740234375,0.03369140625
BNBUSDT,2025-03-20 00:00:00+00:00,618.71,637.75,616.55,630.47,578472.125,363283126.57964,303161.499,190477016.38663,1595124,0.01884507045131123,0.004425048828125,0.0074271066101934125,-0.0233154296875,-0.01171875,0.02099609375,0.031982421875
BNBUSDT,2025-03-21 00:00:00+00:00,630.47,637.8,624.92,635.17,262205.569,165876355.89652,142825.787,90374452.49758,898550,0.0074271066101934125,0.0019378662109375,-0.012930190129393004,-0.0257568359375,-0.01422119140625,0.01806640625,0.0284423828125
BNBUSDT,2025-03-22 00:00:00+00:00,635.16,636.1,623.79,627.01,140206.083,88175594.70204,72429.096,45550910.32958,553359,-0.012930190129393004,-0.00139617919921875,-0.00514871620294155,-0.03515625,-0.020751953125,0.01806640625,0.030517578125
BNBUSDT,2025-03-23 00:00:00+00:00,627.01,629.14,619.5,623.79,155602.578,96944430.59188,74107.911,46168947.43786,554919,-0.00514871620294155,-0.0021209716796875,0.021081463117467614,-0.03759765625,-0.0225830078125,0.0169677734375,0.0303955078125
BNBUSDT,2025-03-24 00:00:00+00:00,623.8,639.5,618.0,637.08,307575.991,193512028.36247,159195.813,100185500.4603,946889,0.021081463117467614,-0.00077056884765625,-0.011461172107819273,-0.0308837890625,-0.0177001953125,0.0162353515625,0.0279541015625
BNBUSDT,2025-03-25 00:00:00+00:00,637.08,644.88,627.05,629.82,554571.557,353137599.65513,279526.624,178017544.75809,1145565,-0.011461172107819273,0.00090789794921875,-0.018961788178761374,-0.025390625,-0.013671875,0.0159912109375,0.0272216796875
BNBUSDT,2025-03-26 00:00:00+00:00,629.82,634.01,615.3,617.99,222093.835,139017120.22607,107003.361,67014650.57561,598142,-0.018961788178761374,0.00037384033203125,0.030862368975110854,-0.0284423828125,-0.015869140625,0.0172119140625,0.0289306640625
BNBUSDT,2025-03-27 00:00:00+00:00,618.0,642.5,617.2,637.36,743401.847,471692258.54266,404853.991,257031844.97872,1409175,0.030862368975110854,0.002288818359375,-0.027921665611767565,-0.0289306640625,-0.015380859375,0.0203857421875,0.033203125
BNBUSDT,2025-03-28 00:00:00+00:00,637.36,637.51,616.0,619.81,317817.16,199721001.67967,162209.954,102012816.82467,815115,-0.027921665611767565,9.965896606445312e-05,-0.027512366618596573,-0.03271484375,-0.0189208984375,0.0189208984375,0.03125
BNBUSDT,2025-03-29 00:00:00+00:00,619.81,623.84,596.97,602.99,254422.261,154421898.07789,117317.848,71147891.75337,821221,-0.027512366618596573,-0.0013885498046875,-0.0013109967941131728,-0.043701171875,-0.0263671875,0.023193359375,0.038818359375
BNBUSDT,2025-03-30 00:00:00+00:00,603.0,613.37,593.58,602.2,195649.405,118304368.03307,94617.905,57226801.24544,645314,-0.0013109967941131728,-0.000782012939453125,0.004324743072532833,-0.040771484375,-0.0242919921875,0.0220947265625,0.03662109375
BNBUSDT,2025-03-31 00:00:00+00:00,602.2,608.89,587.26,604.81,254764.269,152922764.81958,124962.911,75032301.51448,884465,0.004324743072532833,-0.0002765655517578125,0.010395343377409993,-0.0390625,-0.0234375,0.022216796875,0.035888671875
BNBUSDT,2025-04-01 00:00:00+00:00,604.81,618.54,604.46,611.13,565603.069,346421089.82224,290668.752,178031689.04563,1089355,0.010395343377409993,0.000843048095703125,-0.03403528689200286,-0.032470703125,-0.0191650390625,0.020751953125,0.033447265625
BNBUSDT,2025-04-02 00:00:00+00:00,611.12,614.0,584.85,590.68,399507.957,240612013.9548,193292.74,116485587.68892,1295784,-0.03403528689200286,0.00057220458984375,0.0033633360813132285,-0.035888671875,-0.0211181640625,0.0220947265625,0.035888671875
BNBUSDT,2025-04-03 00:00:00+00:00,590.67,610.58,578.46,592.67,507928.514,303406596.77059,249191.245,148930615.97128,1371430,0.0033633360813132285,0.0011444091796875,0.00846793480476915,-0.03466796875,-0.0201416015625,0.0224609375,0.036376953125
BNBUSDT,2025-04-04 00:00:00+00:00,592.68,600.0,585.0,597.71,177145.405,105181815.22505,90706.293,53859108.42922,810433,0.00846793480476915,0.000835418701171875,-0.0076920872367569615,-0.032470703125,-0.0184326171875,0.019775390625,0.0322265625
BNBUSDT,2025-04-05 00:00:00+00:00,597.71,599.0,588.71,593.13,85938.079,51106827.24289,42255.817,25136751.779,380314,-0.0076920872367569615,-0.000934600830078125,-0.0654729855668883,-0.0341796875,-0.0198974609375,0.0179443359375,0.030517578125
BNBUSDT,2025-04-06 00:00:00+00:00,593.13,593.78,544.17,555.54,332256.265,189035699.70554,158081.268,89897358.89043,1118055,-0.0654729855668883,-0.00138092041015625,-0.0016934805063328895,-0.048095703125,-0.0286865234375,0.02490234375,0.04296875
BNBUSDT,2025-04-07 00:00:00+00:00,555.55,567.6,520.0,554.6,727293.86,397028708.94978,359672.824,196528892.59089,2220788,-0.0016934805063328895,-0.000621795654296875,-0.0015879893621431052,-0.043212890625,-0.025634765625,0.0228271484375,0.038818359375
BNBUSDT,2025-04-08 00:00:00+00:00,554.6,566.0,547.64,553.72,212191.86,118512835.45122,108115.704,60396930.94729,1049822,-0.0015879893621431052,0.0011749267578125,0.05036098099046793,-0.030029296875,-0.016845703125,0.018798828125,0.03125
BNBUSDT,2025-04-09 00:00:00+00:00,553.72,585.97,534.3,582.32,378370.127,213004910.74643,193982.128,109219970.2604,1609476,0.05036098099046793,0.0020751953125,-0.0073943543703585135,-0.0247802734375,-0.01336669921875,0.017822265625,0.0291748046875
BNBUSDT,2025-04-10 00:00:00+00:00,582.32,583.58,566.17,578.03,369219.863,212832786.45699,186081.31,107293864.22683,1138171,-0.0073943543703585135,0.00107574462890625,0.013574558077265486,-0.0240478515625,-0.0130615234375,0.0150146484375,0.02490234375
BNBUSDT,2025-04-11 00:00:00+00:00,578.03,590.36,575.7,585.93,174700.72,101866043.54306,96173.418,56083928.04283,606797,0.013574558077265486,0.000522613525390625,0.019202429075509286,-0.0272216796875,-0.015625,0.0169677734375,0.02783203125
BNBUSDT,2025-04-12 00:00:00+00:00,585.93,600.48,584.0,597.29,151268.708,89655284.516,86887.103,51515080.10647,557934,0.019202429075509286,-0.0014495849609375,-0.0220224376098086,-0.03466796875,-0.0205078125,0.0172119140625,0.0306396484375
BNBUSDT,2025-04-13 00:00:00+00:00,597.3,598.67,580.32,584.28,144896.285,85200185.56801,76113.352,44756998.9664,690159,-0.0220224376098086,-0.0019073486328125,0.000444893147427905,-0.0322265625,-0.019775390625,0.0155029296875,0.0269775390625
BNBUSDT,2025-04-14 00:00:00+00:00,584.29,593.1,583.14,584.54,153827.795,90513576.06251,80178.549,47177512.21977,734997,0.000444893147427905,-8.630752563476562e-05,-0.00862503843498974,-0.0262451171875,-0.0157470703125,0.015869140625,0.0263671875
BNBUSDT,2025-04-15 00:00:00+00:00,584.53,590.84,579.38,579.52,141640.579,83039414.125,73221.639,42939464.38349,536522,-0.00862503843498974,0.00014781951904296875,0.005643899626001314,-0.022705078125,-0.01318359375,0.01373291015625,0.023193359375
BNBUSDT,2025-04-16 00:00:00+00:00,579.52,587.0,576.0,582.8,174537.948,101484755.50647,86959.904,50570922.85495,657295,0.005643899626001314,0.0002574920654296875,0.013108626371955978,-0.02099609375,-0.0123291015625,0.01336669921875,0.02197265625
BNBUSDT,2025-04-17 00:00:00+00:00,582.8,592.97,581.0,590.49,151848.259,89134723.84238,80958.213,47523386.93926,484906,0.013108626371955978,0.00084686279296875,0.0020639493031442413,-0.019287109375,-0.01104736328125,0.01287841796875,0.021240234375
BNBUSDT,2025-04-18 00:00:00+00:00,590.5,596.08,587.08,591.71,191575.748,113223034.09646,103011.453,60878054.0929,437839,0.0020639493031442413,0.00058746337890625,3.379977016493285e-05,-0.0186767578125,-0.01055908203125,0.01220703125,0.02099609375
BNBUSDT,2025-04-19 00:00:00+00:00,591.7,594.49,587.7,591.73,96609.003,57098589.6793,47094.893,27841129.52672,302829,3.379977016493285e-05,-0.0010833740234375,0.0017560156475209254,-0.02587890625,-0.01531982421875,0.01324462890625,0.02294921875
BNBUSDT,2025-04-20 00:00:00+00:00,591.74,595.23,587.5,592.77,115343.598,68276647.28278,61438.772,36373336.59498,355346,0.0017560156475209254,-0.0004863739013671875,0.007680000104936191,-0.0247802734375,-0.0147705078125,0.013671875,0.0234375
BNBUSDT,2025-04-21 00:00:00+00:00,592.77,608.52,592.53,597.34,171926.422,103304762.56314,96639.431,58078847.87047,606843,0.007680000104936191,0.000263214111328125,0.03482689433181463,-0.0230712890625,-0.0130615234375,0.01348876953125,0.0228271484375
BNBUSDT,2025-04-22 00:00:00+00:00,597.32,619.9,595.0,618.51,285468.164,173308242.979,143772.387,87320127.76024,720292,0.03482689433181463,0.0008392333984375,-0.020912036176625293,-0.0245361328125,-0.0140380859375,0.0157470703125,0.0257568359375
BNBUSDT,2025-04-23 00:00:00+00:00,618.5,619.99,601.38,605.71,314125.448,191839028.68921,154607.709,94425950.10554,931184,-0.020912036176625293,0.00130462646484375,-0.006891666194428048,-0.020751953125,-0.011474609375,0.01483154296875,0.0244140625
BNBUSDT,2025-04-24 00:00:00+00:00,605.72,606.78,592.59,601.55,204214.28,122518204.22908,100792.489,60468356.25663,688342,-0.006891666194428048,0.00177001953125,-0.002730013514511853,-0.0191650390625,-0.01025390625,0.01458740234375,0.02392578125
BNBUSDT,2025-04-25 00:00:00+00:00,601.56,610.35,597.2,599.91,257426.554,155796837.88555,125451.263,75941840.30518,804129,-0.002730013514511853,0.00089263916015625,0.012127988010532498,-0.0218505859375,-0.01214599609375,0.01422119140625,0.02392578125
BNBUSDT,2025-04-26 00:00:00+00:00,599.9,609.25,599.34,607.23,137533.142,83138818.02772,67820.807,40997359.68962,496928,0.012127988010532498,-0.0004062652587890625,-0.006227873667725703,-0.031982421875,-0.018310546875,0.017578125,0.029541015625
BNBUSDT,2025-04-27 00:00:00+00:00,607.23,608.68,597.0,603.46,121784.476,73282794.69697,59758.166,35960993.53884,445823,-0.006227873667725703,-0.000789642333984375,0.004464219315289952,-0.03564453125,-0.021240234375,0.01953125,0.033935546875
BNBUSDT,2025-04-28 00:00:00+00:00,603.46,608.27,598.2,606.16,143778.008,86833971.50822,76423.695,46165668.28541,558813,0.004464219315289952,0.000576019287109375,-0.00854904308791049,-0.032958984375,-0.0186767578125,0.01953125,0.03271484375
BNBUSDT,2025-04-29 00:00:00+00:00,606.16,610.75,598.1,601.0,236809.997,143146651.13683,115028.198,69546774.25076,618674,-0.00854904308791049,0.0001926422119140625,-0.0018652993217278535,-0.030029296875,-0.01708984375,0.017333984375,0.02880859375
BNBUSDT,2025-04-30 00:00:00+00:00,601.0,604.44,591.42,599.88,210580.664,126352033.11528,102515.522,61516465.80972,579043,-0.0018652993217278535,0.000392913818359375,-0.00041683688109284134,-0.02587890625,-0.0147705078125,0.0155029296875,0.02587890625
BNBUSDT,2025-05-01 00:00:00+00:00,599.88,605.28,598.14,599.63,156229.229,94008927.36652,76624.754,46106226.36805,462918,-0.00041683688109284134,0.0007171630859375,0.0017661961402808402,-0.0240478515625,-0.0133056640625,0.01434326171875,0.024169921875
BNBUSDT,2025-05-02 00:00:00+00:00,599.64,603.61,595.12,600.69,141344.865,84772654.30253,75828.994,45473472.17316,400361,0.0017661961402808402,0.000446319580078125,-0.0022165752169440722,-0.023681640625,-0.01312255859375,0.0135498046875,0.0228271484375
BNBUSDT,2025-05-03 00:00:00+00:00,600.69,601.2,595.23,599.36,100770.294,60296742.70511,47275.805,28287838.71476,302618,-0.0022165752169440722,-0.00057220458984375,-0.022491436449857183,-0.02197265625,-0.0125732421875,0.01141357421875,0.0203857421875
BNBUSDT,2025-05-04 00:00:00+00:00,599.36,600.49,584.7,586.03,143960.835,85298964.66439,56633.176,33528296.63366,425251,-0.022491436449857183,-0.00128936767578125,0.019567384473806904,-0.0296630859375,-0.017578125,0.014892578125,0.025634765625
BNBUSDT,2025-05-05 00:00:00+00:00,586.02,599.98,583.55,597.61,201100.589,119371782.25071,121764.427,72279230.42811,493859,0.019567384473806904,-0.000621795654296875,0.008265473909078835,-0.0294189453125,-0.017578125,0.0157470703125,0.0264892578125
BNBUSDT,2025-05-06 00:00:00+00:00,597.61,603.18,593.23,602.57,214613.107,128368850.19364,110867.174,66320706.46383,557571,0.008265473909078835,0.00048828125,0.00021571930024588681,-0.0238037109375,-0.0135498046875,0.01434326171875,0.0238037109375
BNBUSDT,2025-05-07 00:00:00+00:00,602.57,609.07,597.89,602.7,194088.591,117132375.09366,95123.861,57386101.54186,519932,0.00021571930024588681,0.000797271728515625,0.04298192996528272,-0.019775390625,-0.01092529296875,0.01220703125,0.0205078125
BNBUSDT,2025-05-08 00:00:00+00:00,602.7,629.33,600.8,629.17,384267.525,236647691.95012,213749.387,131672616.58335,939619,0.04298192996528272,0.003082275390625,0.05732352074704572,-0.0225830078125,-0.011474609375,0.017822265625,0.0281982421875
BNBUSDT,2025-05-09 00:00:00+00:00,629.17,671.15,623.12,666.29,480734.869,306980185.05931,267177.721,170693063.01934,1362546,0.05732352074704572,0.00122833251953125,-0.003593475476212582,-0.0291748046875,-0.0162353515625,0.0196533203125,0.032470703125
BNBUSDT,2025-05-10 00:00:00+00:00,666.29,678.95,648.83,663.9,444595.43,294150052.77147,205655.434,136104919.11429,1321115,-0.003593475476212582,0.0004062652587890625,-0.019391505311401325,-0.032470703125,-0.0185546875,0.0198974609375,0.033935546875
BNBUSDT,2025-05-11 00:00:00+00:00,663.9,668.49,647.83,651.15,319998.959,210577921.77225,161132.058,106081184.90481,965437,-0.019391505311401325,0.00042724609375,0.013605859588790459,-0.03125,-0.0177001953125,0.0185546875,0.03173828125
BNBUSDT,2025-05-12 00:00:00+00:00,651.15,693.0,647.31,660.07,586386.945,392542282.91301,295553.825,197899426.73381,1658320,0.013605859588790459,-0.000324249267578125,0.006132023443444545,-0.033935546875,-0.0196533203125,0.0189208984375,0.033935546875
BNBUSDT,2025-05-13 00:00:00+00:00,660.08,672.0,640.66,664.13,416309.75,272901658.76016,202178.273,132530521.2148,1236144,0.006132023443444545,0.00045013427734375,-0.017712752317568636,-0.0281982421875,-0.01611328125,0.0174560546875,0.03076171875
BNBUSDT,2025-05-14 00:00:00+00:00,664.12,667.33,647.15,652.47,290029.994,190546608.72786,132285.555,86895899.86184,986450,-0.017712752317568636,0.000385284423828125,-0.0009046652205908501,-0.0250244140625,-0.013916015625,0.0152587890625,0.0264892578125
BNBUSDT,2025-05-15 00:00:00+00:00,652.47,661.0,642.29,651.88,313560.813,204057655.69996,155958.471,101509971.87388,1164772,-0.0009046652205908501,0.00115203857421875,-0.007885213036174399,-0.0206298828125,-0.0111083984375,0.01373291015625,0.023193359375
BNBUSDT,2025-05-16 00:00:00+00:00,651.88,659.97,644.0,646.76,200793.607,131210358.66972,99557.406,65094079.1123,766260,-0.007885213036174399,0.000598907470703125,-0.011273024758400751,-0.0186767578125,-0.0103759765625,0.01214599609375,0.0211181640625
BNBUSDT,2025-05-17 00:00:00+00:00,646.76,646.9,635.05,639.51,141777.711,90893253.2512,65178.49,41795523.47777,656073,-0.011273024758400751,-0.000629425048828125,0.018621184974031202,-0.0250244140625,-0.01458740234375,0.01361083984375,0.024169921875
BNBUSDT,2025-05-18 00:00:00+00:00,639.5,655.19,634.39,651.53,189475.296,122348372.20883,96290.237,62221467.1999,690151,0.018621184974031202,0.0003795623779296875,-0.0029358665363821146,-0.025146484375,-0.0145263671875,0.0152587890625,0.0252685546875
BNBUSDT,2025-05-19 00:00:00+00:00,651.54,653.53,633.51,649.62,210901.52,135603856.35643,106737.212,68647027.87929,806175,-0.0029358665363821146,-0.0004711151123046875,0.000584786338820642,-0.0245361328125,-0.01422119140625,0.01373291015625,0.023681640625
BNBUSDT,2025-05-20 00:00:00+00:00,649.62,653.75,640.14,650.0,169584.291,109772099.60261,85465.73,55334610.84733,632029,0.000584786338820642,-0.000843048095703125,0.03523348477166621,-0.0224609375,-0.0128173828125,0.0113525390625,0.02099609375
BNBUSDT,2025-05-21 00:00:00+00:00,650.0,678.0,648.49,673.31,470531.895,311660393.95119,250336.215,165844964.38723,1133569,0.03523348477166621,0.00011301040649414062,0.01950233884516983,-0.027587890625,-0.0159912109375,0.0164794921875,0.0277099609375
BNBUSDT,2025-05-22 00:00:00+00:00,673.31,690.02,673.0,686.57,390007.996,266404901.15309,218945.112,149577785.12489,992245,0.01950233884516983,0.00128173828125,-0.044054609885561646,-0.025390625,-0.0140380859375,0.01611328125,0.0262451171875
BNBUSDT,2025-05-23 00:00:00+00:00,686.57,691.35,652.19,656.98,343668.707,231427488.3675,158745.455,107053575.69443,1142401,-0.044054609885561646,0.00171661376953125,0.016649566863518928,-0.0262451171875,-0.01416015625,0.0177001953125,0.029052734375
BNBUSDT,2025-05-24 00:00:00+00:00,656.99,677.47,655.4,668.01,165142.039,110606139.47037,86453.281,57901683.06552,627945,0.016649566863518928,-0.0009307861328125,0.002138398511973172,-0.0301513671875,-0.0174560546875,0.01519775390625,0.026611328125
BNBUSDT,2025-05-25 00:00:00+00:00,668.0,671.67,657.1,669.44,169208.322,112315213.63574,79479.263,52774960.16916,606622,0.002138398511973172,-0.0010528564453125,0.007218743439842967,-0.035400390625,-0.020751953125,0.0179443359375,0.030517578125
BNBUSDT,2025-05-26 00:00:00+00:00,669.45,678.33,668.22,674.29,180148.252,121339916.24473,93070.041,62697205.16877,575205,0.007218743439842967,0.000492095947265625,0.018542993837423083,-0.0308837890625,-0.0169677734375,0.0177001953125,0.0302734375
BNBUSDT,2025-05-27 00:00:00+00:00,674.3,697.73,666.56,686.91,326163.491,223248228.18154,172052.347,117719891.80567,914236,0.018542993837423083,0.0003490447998046875,-2.911631969926276e-05,-0.030517578125,-0.017333984375,0.017822265625,0.0299072265625
BNBUSDT,2025-05-28 00:00:00+00:00,686.9,689.22,680.04,686.89,211875.743,145022738.54658,101541.228,69514686.82641,713128,-2.911631969926276e-05,0.0004730224609375,-0.01743184289080535,-0.02880859375,-0.015625,0.016357421875,0.0281982421875
BNBUSDT,2025-05-29 00:00:00+00:00,686.89,691.24,673.33,675.02,260985.136,178247626.81514,127245.772,86956236.96873,844624,-0.01743184289080535,0.001007080078125,-0.02955761709217697,-0.0264892578125,-0.01416015625,0.016357421875,0.0277099609375
BNBUSDT,2025-05-30 00:00:00+00:00,675.02,678.5,653.22,655.36,218723.509,146064088.43998,103160.773,68918403.8607,990495,-0.02955761709217697,0.000568389892578125,0.004035425807190407,-0.0274658203125,-0.01507568359375,0.016357421875,0.027587890625
BNBUSDT,2025-05-31 00:00:00+00:00,655.36,661.42,645.04,658.01,158379.39,103495185.93207,79462.083,51951227.40387,770569,0.004035425807190407,-7.963180541992188e-05,0.004185692882216152,-0.031494140625,-0.017822265625,0.0177001953125,0.0301513671875
BNBUSDT,2025-06-01 00:00:00+00:00,658.01,662.48,647.58,660.77,131807.448,86198532.12636,65702.628,42976218.78148,571836,0.004185692882216152,-0.000652313232421875,0.007778738250914685,-0.03369140625,-0.019775390625,0.018310546875,0.031494140625
BNBUSDT,2025-06-02 00:00:00+00:00,660.77,667.0,650.05,665.93,143785.605,94585715.4531,76180.348,50141238.09459,676770,0.007778738250914685,0.0004482269287109375,-0.00653853118913883,-0.0264892578125,-0.01495361328125,0.0157470703125,0.0264892578125
BNBUSDT,2025-06-03 00:00:00+00:00,665.93,673.43,657.11,661.59,158377.459,105542302.93054,80831.241,53866672.0269,615491,-0.00653853118913883,0.0005035400390625,0.002475809298947418,-0.025634765625,-0.0146484375,0.0155029296875,0.0257568359375
BNBUSDT,2025-06-04 00:00:00+00:00,661.6,671.76,660.84,663.23,124473.802,83119492.0917,63265.708,42246496.19477,514423,0.002475809298947418,-0.0003070831298828125,-0.0461460143879302,-0.023193359375,-0.0133056640625,0.01287841796875,0.0223388671875
BNBUSDT,2025-06-05 00:00:00+00:00,663.24,670.92,625.44,633.32,271543.149,176686621.86037,123287.944,80275011.91504,1013492,-0.0461460143879302,0.00099945068359375,0.014702228744007506,-0.025634765625,-0.01446533203125,0.0167236328125,0.028076171875
BNBUSDT,2025-06-06 00:00:00+00:00,633.33,651.51,629.38,642.7,169535.957,108901056.43203,83399.453,53596316.79005,625128,0.014702228744007506,0.00119781494140625,0.01255505390294065,-0.0235595703125,-0.012939453125,0.01513671875,0.0245361328125
BNBUSDT,2025-06-07 00:00:00+00:00,642.71,653.81,639.69,650.82,90666.37,58781736.18277,49907.574,32350539.12435,329816,0.01255505390294065,-6.818771362304688e-05,0.0018114556464716713,-0.0255126953125,-0.0146484375,0.01446533203125,0.0245361328125
BNBUSDT,2025-06-08 00:00:00+00:00,650.82,656.39,646.49,652.0,72300.314,47052170.18367,36504.743,23761407.7351,304842,0.0018114556464716713,-2.014636993408203e-05,0.020614279051970108,-0.0262451171875,-0.0150146484375,0.01422119140625,0.024169921875
BNBUSDT,2025-06-09 00:00:00+00:00,652.0,667.74,648.01,665.58,127272.158,83644611.37634,71132.304,46751967.88595,508179,0.020614279051970108,0.001220703125,0.01184400257151541,-0.0247802734375,-0.0137939453125,0.015869140625,0.0260009765625
BNBUSDT,2025-06-10 00:00:00+00:00,665.58,674.0,657.26,673.51,176645.056,117408553.72931,94622.168,62906912.08037,713456,0.01184400257151541,0.00107574462890625,-0.009068327688720679,-0.02490234375,-0.0140380859375,0.0159912109375,0.027099609375
BNBUSDT,2025-06-11 00:00:00+00:00,673.51,674.8,662.2,667.43,177934.085,119080780.42267,93709.304,62726358.54729,642930,-0.009068327688720679,0.0009307861328125,-0.019181032473596815,-0.0228271484375,-0.01251220703125,0.01409912109375,0.02392578125
BNBUSDT,2025-06-12 00:00:00+00:00,667.42,669.93,651.91,654.75,152793.975,101339742.7784,78906.502,52350087.72165,651576,-0.019181032473596815,0.0010223388671875,0.000915960677733807,-0.0186767578125,-0.0101318359375,0.012451171875,0.021240234375
BNBUSDT,2025-06-13 00:00:00+00:00,654.76,659.42,639.01,655.35,223303.917,145072177.3044,109433.385,71125227.6146,954080,0.000915960677733807,0.0010223388671875,-0.014973837762614295,-0.014892578125,-0.0076904296875,0.01025390625,0.0179443359375
BNBUSDT,2025-06-14 00:00:00+00:00,655.35,655.36,639.0,645.61,93690.143,60587334.88062,43548.354,28172901.36118,370153,-0.014973837762614295,-8.20159912109375e-05,0.003988256948262325,-0.0225830078125,-0.0126953125,0.01251220703125,0.0220947265625
BNBUSDT,2025-06-15 00:00:00+00:00,645.61,652.0,642.77,648.19,79324.646,51386018.57671,43002.477,27862311.42077,346804,0.003988256948262325,6.151199340820312e-05,0.003926313621035682,-0.02392578125,-0.0135498046875,0.01336669921875,0.0228271484375
BNBUSDT,2025-06-16 00:00:00+00:00,648.19,659.46,646.26,650.74,124203.787,81319264.39316,66639.21,43639278.63302,476014,0.003926313621035682,0.0002231597900390625,-0.0040960313500031376,-0.0213623046875,-0.011962890625,0.0120849609375,0.0208740234375
BNBUSDT,2025-06-17 00:00:00+00:00,650.74,659.0,640.11,648.08,182982.263,119391370.60418,93305.68,60896545.51886,708532,-0.0040960313500031376,-0.00064849853515625,-0.005120481466778237,-0.0205078125,-0.01165771484375,0.01025390625,0.0184326171875
BNBUSDT,2025-06-18 00:00:00+00:00,648.09,654.31,637.35,644.77,143725.674,92747657.02993,68928.378,44521329.66059,604528,-0.005120481466778237,-0.000759124755859375,-0.00018613019861035696,-0.0203857421875,-0.01177978515625,0.01043701171875,0.0186767578125
BNBUSDT,2025-06-19 00:00:00+00:00,644.77,646.5,638.66,644.65,80404.985,51715724.58785,41891.758,26943480.56684,340969,-0.00018613019861035696,-0.0002918243408203125,-0.004726891391090504,-0.0174560546875,-0.00982666015625,0.009033203125,0.01611328125
BNBUSDT,2025-06-20 00:00:00+00:00,644.65,651.02,638.0,641.61,143279.622,92391446.73424,73593.981,47472329.10628,479084,-0.004726891391090504,-0.00054931640625,-0.019897081656323756,-0.01458740234375,-0.00811767578125,0.00714111328125,0.013671875
BNBUSDT,2025-06-21 00:00:00+00:00,641.61,644.84,621.94,628.97,143508.116,91039970.44005,63032.846,40017461.26449,502284,-0.019897081656323756,-0.0008087158203125,-0.021145086412235337,-0.0225830078125,-0.01318359375,0.01177978515625,0.0211181640625
BNBUSDT,2025-06-22 00:00:00+00:00,628.98,635.51,601.25,615.81,243515.033,150461464.40226,122960.512,76010086.43996,908458,-0.021145086412235337,-0.0002536773681640625,0.03929503401521206,-0.023681640625,-0.0135498046875,0.01324462890625,0.0235595703125
BNBUSDT,2025-06-23 00:00:00+00:00,615.81,642.79,615.05,640.49,219674.329,137434002.16861,124908.767,78171326.59485,824397,0.03929503401521206,0.000194549560546875,0.0047351375837116905,-0.02734375,-0.0159912109375,0.01611328125,0.0272216796875
BNBUSDT,2025-06-24 00:00:00+00:00,640.5,644.09,636.17,643.53,131607.231,84247712.66687,70736.207,45289926.30111,495451,0.0047351375837116905,-0.0003795623779296875,0.003939211049180713,-0.027099609375,-0.01544189453125,0.0145263671875,0.02587890625
BNBUSDT,2025-06-25 00:00:00+00:00,643.53,652.64,641.85,646.07,169433.154,109446216.98338,88789.139,57364110.64727,588673,0.003939211049180713,0.00057220458984375,-0.0058523727815549265,-0.024169921875,-0.01336669921875,0.014404296875,0.02490234375
BNBUSDT,2025-06-26 00:00:00+00:00,646.06,650.0,641.12,642.3,103057.286,66552033.67641,52458.679,33883609.08383,455413,-0.0058523727815549265,0.00046539306640625,0.005295002317049047,-0.023681640625,-0.0128173828125,0.01348876953125,0.0235595703125
BNBUSDT,2025-06-27 00:00:00+00:00,642.3,648.44,639.16,645.71,81302.955,52434499.65195,42624.895,27493903.09161,393437,0.005295002317049047,0.0002346038818359375,0.004465707292421683,-0.0244140625,-0.0133056640625,0.013671875,0.0240478515625
BNBUSDT,2025-06-28 00:00:00+00:00,645.72,649.18,644.25,648.6,57714.965,37311567.0011,33296.17,21525993.96798,219864,0.004465707292421683,3.147125244140625e-05,0.009666358350790105,-0.0235595703125,-0.012939453125,0.01263427734375,0.0220947265625
BNBUSDT,2025-06-29 00:00:00+00:00,648.61,656.0,646.72,654.9,73235.796,47617946.51691,41366.507,26905582.17645,274297,0.009666358350790105,0.000751495361328125,0.0030492476744194974,-0.0216064453125,-0.01129150390625,0.012451171875,0.021728515625
BNBUSDT,2025-06-30 00:00:00+00:00,654.9,660.0,651.17,656.9,110702.196,72511068.06305,61584.054,40347533.51983,424941,0.0030492476744194974,0.0006256103515625,-0.016221590634759586,-0.021484375,-0.01141357421875,0.0125732421875,0.0218505859375
BNBUSDT,2025-07-01 00:00:00+00:00,656.9,659.1,644.0,646.33,85803.055,55853408.99266,43354.558,28218323.51521,381179,-0.016221590634759586,7.295608520507812e-05,0.0204901352556055,-0.0255126953125,-0.01416015625,0.01422119140625,0.025390625
BNBUSDT,2025-07-02 00:00:00+00:00,646.34,664.85,643.71,659.71,112807.955,74257373.93229,60680.488,39942211.09364,413737,0.0204901352556055,0.000545501708984375,0.005864144364606361,-0.0234375,-0.0130615234375,0.013916015625,0.0235595703125
BNBUSDT,2025-07-03 00:00:00+00:00,659.7,664.57,656.7,663.59,99001.436,65465622.82548,53387.419,35307661.39323,401632,0.005864144364606361,0.000644683837890625,-0.015168945338086104,-0.0205078125,-0.0111083984375,0.011962890625,0.0206298828125
BNBUSDT,2025-07-04 00:00:00+00:00,663.58,664.17,650.21,653.6,89027.412,58469301.0502,45990.386,30213865.09146,377665,-0.015168945338086104,0.0002593994140625,0.003909118097955577,-0.020263671875,-0.0113525390625,0.0115966796875,0.0201416015625
BNBUSDT,2025-07-05 00:00:00+00:00,653.6,656.75,652.0,656.16,51648.289,33813242.68712,27125.56,17759606.18324,217046,0.003909118097955577,0.0003204345703125,0.010566387752622752,-0.0205078125,-0.0115966796875,0.01190185546875,0.0201416015625
BNBUSDT,2025-07-06 00:00:00+00:00,656.17,664.99,653.54,663.13,82399.119,54387999.31117,43769.749,28891139.34737,299084,0.010566387752622752,0.00014972686767578125,-0.0031264421059287173,-0.021240234375,-0.011962890625,0.01226806640625,0.0211181640625
BNBUSDT,2025-07-07 00:00:00+00:00,663.13,663.5,656.77,661.06,83232.984,55019317.81961,46158.134,30512777.27437,316562,-0.0031264421059287173,0.0003032684326171875,-0.0006506821042329136,-0.02099609375,-0.011474609375,0.01220703125,0.021240234375
BNBUSDT,2025-07-08 00:00:00+00:00,661.06,662.6,657.36,660.63,86374.042,57014603.7036,45563.488,30079117.88889,333828,-0.0006506821042329136,0.000396728515625,0.012111694648219817,-0.01904296875,-0.0103759765625,0.0111083984375,0.0191650390625
BNBUSDT,2025-07-09 00:00:00+00:00,660.63,671.5,659.05,668.68,123551.595,82087015.33234,68125.236,45265314.99711,421990,0.012111694648219817,0.000598907470703125,0.02528042019438992,-0.020751953125,-0.0113525390625,0.01214599609375,0.020263671875
BNBUSDT,2025-07-10 00:00:00+00:00,668.69,687.7,667.25,685.8,214967.536,145245124.55052,122022.416,82421428.01374,623891,0.02528042019438992,0.0006561279296875,0.00609106470384102,-0.022705078125,-0.01239013671875,0.01348876953125,0.02294921875
BNBUSDT,2025-07-11 00:00:00+00:00,685.8,697.24,682.83,689.99,268353.904,185244954.90644,139119.038,96075578.59943,951072,0.00609106470384102,0.0012969970703125,-0.0060035794669186515,-0.020751953125,-0.0108642578125,0.01318359375,0.0220947265625
BNBUSDT,2025-07-12 00:00:00+00:00,689.98,697.0,679.63,685.86,134785.185,92906122.92625,65050.928,44843700.45464,632277,-0.0060035794669186515,0.00041961669921875,0.008912430351927014,-0.0225830078125,-0.01239013671875,0.0130615234375,0.0224609375
BNBUSDT,2025-07-13 00:00:00+00:00,685.86,694.12,685.12,692.0,84925.723,58641223.00475,46825.281,32334806.12707,420139,0.008912430351927014,0.0009765625,-0.0041705343118687566,-0.0224609375,-0.01214599609375,0.0140380859375,0.023681640625
BNBUSDT,2025-07-14 00:00:00+00:00,692.01,707.54,686.05,689.12,253634.996,177173266.8273,134377.942,93874042.34544,916315,-0.0041705343118687566,0.00093841552734375,0.0011602275347222246,-0.0191650390625,-0.01019287109375,0.011962890625,0.0203857421875
BNBUSDT,2025-07-15 00:00:00+00:00,689.13,693.21,675.3,689.92,188962.491,129048003.51493,89996.592,61473697.73873,862340,0.0011602275347222246,0.000766754150390625,0.02672965582545128,-0.01953125,-0.01031494140625,0.01141357421875,0.0196533203125
BNBUSDT,2025-07-16 00:00:00+00:00,689.93,715.56,685.2,708.61,238334.938,167032328.53935,133975.782,93916445.27647,890354,0.02672965582545128,0.00067138671875,0.016848277863137362,-0.021728515625,-0.01177978515625,0.01324462890625,0.0224609375
BNBUSDT,2025-07-17 00:00:00+00:00,708.61,727.85,706.14,720.65,409572.675,294063734.31481,214098.341,153742987.20536,1476504,0.016848277863137362,0.00136566162109375,0.012781356566911484,-0.0198974609375,-0.01031494140625,0.0133056640625,0.0228271484375
BNBUSDT,2025-07-18 00:00:00+00:00,720.64,765.56,718.73,729.92,556430.085,412241488.29112,288947.069,214026467.4416,1898312,0.012781356566911484,0.0012359619140625,0.0044835768695268285,-0.02490234375,-0.01312255859375,0.0157470703125,0.0269775390625
BNBUSDT,2025-07-19 00:00:00+00:00,729.92,742.5,718.76,733.2,188095.81,137599574.21818,97498.014,71328905.63282,852649,0.0044835768695268285,0.0004119873046875,0.03170692848424128,-0.02294921875,-0.01263427734375,0.01361083984375,0.023681640625
BNBUSDT,2025-07-20 00:00:00+00:00,733.2,761.29,731.5,756.82,253255.203,189589685.25925,136482.485,102190298.31837,1009318,0.03170692848424128,0.0011138916015625,0.01234389032129446,-0.0286865234375,-0.015869140625,0.0186767578125,0.031494140625
BNBUSDT,2025-07-21 00:00:00+00:00,756.82,781.99,746.06,766.22,338419.952,259224085.92258,175311.776,134309474.71688,1384348,0.01234389032129446,0.0019989013671875,0.026352223589367618,-0.0257568359375,-0.0137939453125,0.0179443359375,0.0291748046875
BNBUSDT,2025-07-22 00:00:00+00:00,766.22,788.35,745.0,786.68,359074.056,274410540.66907,189051.432,144596434.92893,1533013,0.026352223589367618,0.0016326904296875,-0.012715884325302795,-0.0269775390625,-0.0150146484375,0.0189208984375,0.0306396484375
BNBUSDT,2025-07-23 00:00:00+00:00,786.69,809.84,752.47,776.74,709087.1566,558758062.2097089,363308.6893,286636589.352119,2200934,-0.012715884325302795,0.00115203857421875,-0.007754581728666388,-0.027587890625,-0.0150146484375,0.017822265625,0.0301513671875
BNBUSDT,2025-07-24 00:00:00+00:00,776.74,786.16,742.62,770.74,363436.737,279037336.76837,177916.133,136701763.8453,1671053,-0.007754581728666388,0.0015716552734375,0.018905709639464696,-0.0230712890625,-0.01220703125,0.01531982421875,0.025390625
BNBUSDT,2025-07-25 00:00:00+00:00,770.74,786.0,752.22,785.45,284068.121,218078862.99362,143185.404,109985208.90641,1384684,0.018905709639464696,0.001373291015625,0.009932052710895256,-0.02294921875,-0.01214599609375,0.0146484375,0.024658203125
BNBUSDT,2025-07-26 00:00:00+00:00,785.44,798.0,778.28,793.29,128764.391,101212044.16622,67212.865,52833457.7638,550872,0.009932052710895256,0.00069427490234375,0.06196363993911369,-0.0247802734375,-0.0130615234375,0.01409912109375,0.024169921875
BNBUSDT,2025-07-27 00:00:00+00:00,793.3,847.12,791.04,844.0,397296.2555,324733711.4765263,223367.1295,182603893.10905632,1227811,0.06196363993911369,0.00194549560546875,-0.023897016838345664,-0.033935546875,-0.018310546875,0.02294921875,0.03857421875
BNBUSDT,2025-07-28 00:00:00+00:00,844.0,861.1,820.64,824.07,517734.6912,436930876.44892704,270394.3298,228409553.048597,1777923,-0.023897016838345664,0.0022125244140625,-0.023288984451676598,-0.03173828125,-0.01708984375,0.0216064453125,0.0361328125
BNBUSDT,2025-07-29 00:00:00+00:00,824.07,835.06,800.12,805.1,427366.132,349478646.03652,200895.06,164406656.81907,1731840,-0.023288984451676598,0.0017242431640625,-0.014500351024426372,-0.0308837890625,-0.0162353515625,0.02001953125,0.03369140625
BNBUSDT,2025-07-30 00:00:00+00:00,805.11,811.64,766.21,793.51,369598.736,292598414.78571,185037.996,146591446.45198,1494587,-0.014500351024426372,0.00104522705078125,-0.013154662784285343,-0.029296875,-0.0159912109375,0.017822265625,0.030029296875
BNBUSDT,2025-07-31 00:00:00+00:00,793.51,814.8,781.38,783.14,335026.145,268061917.80243,170066.862,136035312.43748,1282644,-0.013154662784285343,0.0011444091796875,-0.033842551326505266,-0.0235595703125,-0.01214599609375,0.01416015625,0.0245361328125
BNBUSDT,2025-08-01 00:00:00+00:00,783.13,795.4,744.69,757.08,393831.558,303104688.78998,182408.196,140519509.09347,1865479,-0.033842551326505266,0.000926971435546875,-0.027668320027964377,-0.031494140625,-0.016845703125,0.0181884765625,0.031982421875
BNBUSDT,2025-08-02 00:00:00+00:00,757.08,770.11,732.36,736.42,209282.992,157038728.0959,99390.666,74658809.81908,1112572,-0.027668320027964377,0.00069427490234375,0.019884631696774235,-0.032958984375,-0.018798828125,0.020263671875,0.034912109375
BNBUSDT,2025-08-03 00:00:00+00:00,736.43,755.53,730.01,751.21,142700.965,106592055.52365,67936.621,50736940.57058,668939,0.019884631696774235,0.0001888275146484375,0.022924469535731795,-0.0322265625,-0.0184326171875,0.0185546875,0.03125
BNBUSDT,2025-08-04 00:00:00+00:00,751.21,770.0,750.47,768.63,171505.406,130422799.09016,85212.824,64806460.40334,719115,0.022924469535731795,0.001068115234375,-0.017719789517981255,-0.028076171875,-0.015625,0.0174560546875,0.028564453125
BNBUSDT,2025-08-05 00:00:00+00:00,768.62,769.79,745.11,755.13,179458.96,135631922.09486,90442.157,68318390.94219,978941,-0.017719789517981255,0.0010223388671875,0.01891600856868436,-0.025390625,-0.01416015625,0.0166015625,0.02783203125
BNBUSDT,2025-08-06 00:00:00+00:00,755.13,774.84,746.26,769.55,163684.71,124894215.68082,90487.242,69129781.73795,768132,0.01891600856868436,0.001373291015625,0.024542053978015232,-0.022216796875,-0.012451171875,0.01544189453125,0.0247802734375
BNBUSDT,2025-08-07 00:00:00+00:00,769.55,788.68,764.17,788.67,188106.802,145543031.21357,95229.39,73741019.20331,691791,0.024542053978015232,0.00140380859375,0.006105557562485764,-0.021728515625,-0.0123291015625,0.015625,0.025390625
BNBUSDT,2025-08-08 00:00:00+00:00,788.67,798.5,780.74,793.5,195309.718,154082425.69663,102280.523,80686328.59771,900983,0.006105557562485764,0.000804901123046875,0.006694617204476394,-0.0223388671875,-0.0125732421875,0.0145263671875,0.0244140625
BNBUSDT,2025-08-09 00:00:00+00:00,793.5,819.44,792.81,798.83,202384.753,163260549.46883,106002.525,85496702.02823,747875,0.006694617204476394,0.000743865966796875,0.010448088568451475,-0.021728515625,-0.01251220703125,0.0140380859375,0.02294921875
BNBUSDT,2025-08-10 00:00:00+00:00,798.83,815.5,793.68,807.22,162735.303,130869121.4424,84194.255,67729891.56969,744916,0.010448088568451475,0.0009918212890625,-0.002642173327885189,-0.019775390625,-0.01104736328125,0.01312255859375,0.0216064453125
BNBUSDT,2025-08-11 00:00:00+00:00,807.22,827.59,792.0,805.09,316220.572,255934175.20574,159105.54,128905517.82569,1304619,-0.002642173327885189,0.00080108642578125,0.03344311275774281,-0.0194091796875,-0.0107421875,0.01239013671875,0.020751953125
BNBUSDT,2025-08-12 00:00:00+00:00,805.09,839.9,797.73,832.47,268762.259,219773129.75768,136756.863,111921691.07628,1077867,0.03344311275774281,0.00165557861328125,0.018495243005953732,-0.0216064453125,-0.0120849609375,0.01556396484375,0.0247802734375
BNBUSDT,2025-08-13 00:00:00+00:00,832.48,858.89,828.23,848.01,395861.313,334799833.79984,213368.7,180437594.27409,1373115,0.018495243005953732,0.0015869140625,-0.008990661296192748,-0.0198974609375,-0.0107421875,0.01422119140625,0.02294921875
BNBUSDT,2025-08-14 00:00:00+00:00,848.02,869.4,820.6,840.42,592656.9793,502655557.96402895,307421.7693,260924537.574609,2131970,-0.008990661296192748,0.0020599365234375,-0.01511810742473152,-0.0205078125,-0.0108642578125,0.01513671875,0.0245361328125
BNBUSDT,2025-08-15 00:00:00+00:00,840.42,853.53,812.57,827.81,252091.108,210411186.81867,125371.357,104746279.14708,1250650,-0.01511810742473152,0.00109100341796875,0.013081337679504479,-0.0223388671875,-0.01202392578125,0.01409912109375,0.0233154296875
BNBUSDT,2025-08-16 00:00:00+00:00,827.8,839.79,825.06,838.71,114512.1,95367308.35974,57741.789,48092809.98405,558186,0.013081337679504479,0.0009918212890625,0.019680817511242843,-0.024169921875,-0.01324462890625,0.01495361328125,0.0247802734375
BNBUSDT,2025-08-17 00:00:00+00:00,838.71,864.0,838.04,855.38,164953.856,140814256.94088,85941.178,73361835.19066,711532,0.019680817511242843,0.00125885009765625,-0.009856926438110314,-0.0255126953125,-0.0142822265625,0.0167236328125,0.027099609375
BNBUSDT,2025-08-18 00:00:00+00:00,855.38,858.51,825.0,846.99,233741.603,196010871.99911,112962.378,94741227.49797,1162125,-0.009856926438110314,0.0015869140625,-0.027384872061497312,-0.0244140625,-0.0133056640625,0.0167236328125,0.0269775390625
BNBUSDT,2025-08-19 00:00:00+00:00,847.0,851.95,823.0,824.11,211802.026,177598520.77224,101328.613,85012948.38965,1210799,-0.027384872061497312,0.0021820068359375,0.05309664486407062,-0.024658203125,-0.01348876953125,0.0177001953125,0.028076171875
BNBUSDT,2025-08-20 00:00:00+00:00,824.1,881.02,818.57,869.05,392159.8615,332759264.4561456,229884.3725,195163841.0113056,1503538,0.05309664486407062,0.002777099609375,-0.03460609641513379,-0.02734375,-0.01483154296875,0.02099609375,0.03271484375
BNBUSDT,2025-08-21 00:00:00+00:00,869.05,883.86,833.46,839.49,277889.676,237896920.484744,134901.034,115559615.091434,1224435,-0.03460609641513379,0.001953125,0.06983350484530071,-0.027587890625,-0.015380859375,0.01953125,0.03125
BNBUSDT,2025-08-22 00:00:00+00:00,839.49,900.71,839.23,900.21,430842.5317,375716244.24275506,229741.1065,200771625.313155,1822909,0.06983350484530071,0.0026702880859375,-0.022229003098533262,-0.033203125,-0.018798828125,0.0247802734375,0.03857421875
BNBUSDT,2025-08-23 00:00:00+00:00,900.2,900.21,875.55,880.42,209279.872,185676260.6218,103983.507,92276333.96207,1034502,-0.022229003098533262,0.00167083740234375,-0.00445095303179599,-0.03271484375,-0.0189208984375,0.0223388671875,0.035400390625
BNBUSDT,2025-08-24 00:00:00+00:00,880.42,886.66,859.34,876.51,289492.317,252241190.9115,140966.984,122826473.16471,1153575,-0.00445095303179599,0.001495361328125,-0.043356073122832406,-0.0322265625,-0.017822265625,0.0213623046875,0.03466796875
BNBUSDT,2025-08-25 00:00:00+00:00,876.51,880.75,832.76,839.32,320570.155,275451434.76334,150312.587,129269289.85963,1681385,-0.043356073122832406,0.00128173828125,0.02863344609974572,-0.035400390625,-0.0198974609375,0.0228271484375,0.037109375
BNBUSDT,2025-08-26 00:00:00+00:00,839.32,868.0,829.59,863.7,194882.089,164870874.5443,100778.366,85259956.41962,1093286,0.02863344609974572,0.0015869140625,-0.009913513191246004,-0.03271484375,-0.017822265625,0.0211181640625,0.0341796875
BNBUSDT,2025-08-27 00:00:00+00:00,863.7,867.1,852.9,855.18,135243.457,116374619.66615,67510.656,58101264.69142,889218,-0.009913513191246004,0.001556396484375,0.021161811298600952,-0.0274658203125,-0.01513671875,0.018310546875,0.02978515625
BNBUSDT,2025-08-28 00:00:00+00:00,855.18,881.36,850.85,873.47,232414.922,202249121.93069,119041.244,103607827.66997,1156281,0.021161811298600952,0.00167083740234375,-0.012870546435316044,-0.0252685546875,-0.01361083984375,0.016845703125,0.0272216796875
BNBUSDT,2025-08-29 00:00:00+00:00,873.48,878.0,850.19,862.3,180524.219,155483294.41144,89373.108,76991374.71728,1018319,-0.012870546435316044,0.001800537109375,-0.0003479672945863044,-0.0267333984375,-0.01446533203125,0.0179443359375,0.0289306640625
BNBUSDT,2025-08-30 00:00:00+00:00,862.3,864.0,851.61,862.0,101039.981,86722431.33024,50717.436,43534276.9814,565600,-0.0003479672945863044,-1.704692840576172e-05,-0.005059179807858527,-0.028076171875,-0.01611328125,0.016357421875,0.0272216796875
BNBUSDT,2025-08-31 00:00:00+00:00,862.0,867.7,857.0,857.65,94241.193,81214520.85845,46655.065,40207234.55687,556584,-0.005059179807858527,0.0006103515625,-0.014055053395426675,-0.026611328125,-0.01495361328125,0.0162353515625,0.027099609375
BNBUSDT,2025-09-01 00:00:00+00:00,857.66,869.15,840.0,845.68,254185.715,217105498.75903,122408.211,104558867.42947,1222034,-0.014055053395426675,0.00103759765625,0.007210720028705708,-0.0267333984375,-0.01483154296875,0.0172119140625,0.0284423828125
BNBUSDT,2025-09-02 00:00:00+00:00,845.68,856.68,840.71,851.8,164333.169,139702195.82979,83243.64,70781670.94246,786975,0.007210720028705708,0.000606536865234375,0.0034689702891492757,-0.0255126953125,-0.01446533203125,0.0159912109375,0.0267333984375
BNBUSDT,2025-09-03 00:00:00+00:00,851.8,864.06,848.91,854.76,116453.022,99662265.22545,58595.216,50147647.78493,518178,0.0034689702891492757,0.0001773834228515625,-0.01310671792828444,-0.02294921875,-0.01312255859375,0.013671875,0.0230712890625
BNBUSDT,2025-09-04 00:00:00+00:00,854.76,856.72,841.1,843.63,108195.902,91679289.64725,52506.212,44499283.92529,512461,-0.01310671792828444,0.00063323974609375,0.007687031954212387,-0.02197265625,-0.0125732421875,0.01373291015625,0.02294921875
BNBUSDT,2025-09-05 00:00:00+00:00,843.62,857.73,842.22,850.14,120856.951,102670054.02438,61679.728,52394158.76185,515156,0.007687031954212387,0.00049591064453125,0.012519231418290921,-0.0203857421875,-0.01141357421875,0.012451171875,0.020751953125
BNBUSDT,2025-09-06 00:00:00+00:00,850.14,865.0,849.55,860.85,144234.054,123901879.62194,79139.511,67983868.76774,468263,0.012519231418290921,0.000682830810546875,0.022058450817497466,-0.022216796875,-0.01275634765625,0.014404296875,0.0240478515625
BNBUSDT,2025-09-07 00:00:00+00:00,860.86,884.05,860.55,880.05,136538.058,118996279.84708,78818.684,68690117.28428,463226,0.022058450817497466,0.00183868408203125,-0.002241018382568072,-0.0225830078125,-0.01300048828125,0.0169677734375,0.026611328125
BNBUSDT,2025-09-08 00:00:00+00:00,880.05,885.85,870.01,878.08,177574.781,156027069.01887,88857.799,78090749.53226,604041,-0.002241018382568072,0.00104522705078125,0.002195565386639231,-0.0223388671875,-0.01275634765625,0.015380859375,0.0250244140625
BNBUSDT,2025-09-09 00:00:00+00:00,878.08,884.83,871.38,880.01,150610.03,132237315.63281,77396.475,67956595.57889,534537,0.002195565386639231,0.000789642333984375,0.015515200336169599,-0.0216064453125,-0.0123291015625,0.01409912109375,0.0234375
BNBUSDT,2025-09-10 00:00:00+00:00,880.0,907.38,877.04,893.77,306830.178,274181538.835692,167609.242,149803130.191702,870907,0.015515200336169599,0.00121307373046875,0.01001934305977148,-0.0233154296875,-0.0133056640625,0.015869140625,0.0255126953125
BNBUSDT,2025-09-11 00:00:00+00:00,893.77,904.53,888.38,902.77,179913.182,161378078.80814,97118.251,87126782.63552,594895,0.01001934305977148,0.0015411376953125,0.024109683478122257,-0.02001953125,-0.01080322265625,0.013916015625,0.0225830078125
BNBUSDT,2025-09-12 00:00:00+00:00,902.77,929.9,901.41,924.8,240267.9372,219285340.43978608,137603.5602,125603906.3691561,864607,0.024109683478122257,0.0019989013671875,0.009556269185984512,-0.02197265625,-0.01226806640625,0.0162353515625,0.0255126953125
BNBUSDT,2025-09-13 00:00:00+00:00,924.81,943.86,922.11,933.68,251751.2324,234836986.2596412,136074.6784,126943924.0752412,951149,0.009556269185984512,0.0020904541015625,-0.007708928128781878,-0.0223388671875,-0.0123291015625,0.016845703125,0.0263671875
BNBUSDT,2025-09-14 00:00:00+00:00,933.68,944.95,921.91,926.51,159814.975,149043322.80995,78121.958,72879175.20157,733414,-0.007708928128781878,0.001373291015625,-0.0073990555247105405,-0.0245361328125,-0.0140380859375,0.01708984375,0.027099609375
BNBUSDT,2025-09-15 00:00:00+00:00,926.51,935.72,910.64,919.68,175249.087,161428141.25427,83975.303,77357811.00672,887020,-0.0073990555247105405,0.0020904541015625,0.038365953780001405,-0.0211181640625,-0.0115966796875,0.015869140625,0.0247802734375
BNBUSDT,2025-09-16 00:00:00+00:00,919.68,959.0,916.66,955.65,284918.8385,267637447.7470392,155360.5685,146006363.5283392,1095803,0.038365953780001405,0.002166748046875,0.03529300367376287,-0.025146484375,-0.0140380859375,0.0186767578125,0.029052734375
BNBUSDT,2025-09-17 00:00:00+00:00,955.65,995.44,946.1,989.98,362193.1958,348652678.6945979,193355.2128,186224816.39194793,1312915,0.03529300367376287,0.0020751953125,-0.00907150745059937,-0.026611328125,-0.0150146484375,0.019775390625,0.031494140625
BNBUSDT,2025-09-18 00:00:00+00:00,989.97,1006.88,979.48,981.04,402672.5617,400199947.4299975,210970.1108,209746900.34663847,1191548,-0.00907150745059937,0.0026702880859375,0.003114284451169347,-0.025390625,-0.013671875,0.0194091796875,0.0301513671875
BNBUSDT,2025-09-19 00:00:00+00:00,981.05,1002.99,973.9,984.1,333582.761,329790921.50354,161324.09,159544427.46312,1203920,0.003114284451169347,0.00189971923828125,0.05886691975318925,-0.0255126953125,-0.01416015625,0.01806640625,0.0283203125
BNBUSDT,2025-09-20 00:00:00+00:00,984.1,1048.0,982.9,1043.77,380966.0766,385737171.3124027,204009.3126,206539358.8270727,1387842,0.05886691975318925,0.0020294189453125,0.003853569315990235,-0.033447265625,-0.019287109375,0.0240478515625,0.03759765625
BNBUSDT,2025-09-21 00:00:00+00:00,1043.77,1083.47,1039.2,1047.8,464411.2823,492520656.67600095,234433.9103,248564632.999053,1957353,0.003853569315990235,0.00159454345703125,-0.05381805293457109,-0.03173828125,-0.0184326171875,0.0218505859375,0.034423828125
BNBUSDT,2025-09-22 00:00:00+00:00,1047.8,1050.55,976.89,992.9,588730.396,596953882.44591,302464.673,306745884.65365,2238187,-0.05381805293457109,0.002532958984375,0.022978988865755667,-0.03662109375,-0.0208740234375,0.026611328125,0.04150390625
BNBUSDT,2025-09-23 00:00:00+00:00,992.9,1027.37,962.38,1015.98,420071.07,421467277.89249,206907.383,207590168.43541,1841480,0.022978988865755667,0.0027618408203125,0.0024674743530228582,-0.03271484375,-0.0189208984375,0.0245361328125,0.03759765625
BNBUSDT,2025-09-24 00:00:00+00:00,1015.98,1034.5,991.46,1018.49,363049.882,369092358.89094,175023.361,177929332.39975,1604582,0.0024674743530228582,0.0017242431640625,-0.07393956203920204,-0.0311279296875,-0.0181884765625,0.021728515625,0.033935546875
BNBUSDT,2025-09-25 00:00:00+00:00,1018.49,1019.9,939.55,945.9,635121.254,621318167.97413,341635.077,333745502.85461,2137489,-0.07393956203920204,0.0020904541015625,0.015629415546649206,-0.03515625,-0.020263671875,0.0245361328125,0.0380859375
BNBUSDT,2025-09-26 00:00:00+00:00,945.9,966.23,932.01,960.8,384757.514,364408611.11634,188127.474,178247962.08749,1633419,0.015629415546649206,0.00170135498046875,0.00793058452247486,-0.03466796875,-0.02001953125,0.022705078125,0.03564453125
BNBUSDT,2025-09-27 00:00:00+00:00,960.81,985.79,955.56,968.45,245246.415,238037235.70271,129612.976,125820005.85085,1042251,0.00793058452247486,0.000934600830078125,0.02504387919967055,-0.03515625,-0.0198974609375,0.02099609375,0.033935546875
BNBUSDT,2025-09-28 00:00:00+00:00,968.46,993.65,962.68,993.01,188486.48,183624760.07743,97493.143,95003694.12573,890962,0.02504387919967055,0.00049591064453125,0.03636944245355167,-0.03369140625,-0.0196533203125,0.0203857421875,0.033447265625
BNBUSDT,2025-09-29 00:00:00+00:00,993.01,1036.0,991.12,1029.79,291982.5,295253054.46815,152387.587,154108704.62624,1569259,0.03636944245355167,0.0026702880859375,-0.020880903879954005,-0.0302734375,-0.0167236328125,0.022216796875,0.03515625
BNBUSDT,2025-09-30 00:00:00+00:00,1029.79,1034.01,992.93,1008.51,258830.971,261981911.10553,125550.314,127115998.78195,1437959,-0.020880903879954005,0.0026702880859375,0.017680963397471494,-0.0284423828125,-0.01556396484375,0.021484375,0.033447265625
BNBUSDT,2025-10-01 00:00:00+00:00,1008.51,1036.2,1003.35,1026.5,269007.811,274516783.81454,134619.181,137409284.13043,1361838,0.017680963397471494,0.003204345703125,0.06022455326067089,-0.0269775390625,-0.0150146484375,0.0220947265625,0.033447265625
BNBUSDT,2025-10-02 00:00:00+00:00,1026.5,1099.22,1022.01,1090.22,380679.445,401900249.30658,206307.66,217870288.54631,1876448,0.06022455326067089,0.002777099609375,0.08706946755283429,-0.0308837890625,-0.0172119140625,0.0235595703125,0.036376953125
BNBUSDT,2025-10-03 00:00:00+00:00,1090.22,1192.42,1083.84,1189.4,744996.7206,842965061.361557,382953.0906,433406447.509357,3184974,0.08706946755283429,0.005615234375,-0.03303507457514243,-0.0390625,-0.0208740234375,0.033447265625,0.0517578125
BNBUSDT,2025-10-04 00:00:00+00:00,1189.4,1190.47,1134.93,1150.75,337438.509,390930674.94389,168230.68,194923733.44062,1735291,-0.03303507457514243,0.002899169921875,0.014348017837182425,-0.040283203125,-0.022705078125,0.029052734375,0.045166015625
BNBUSDT,2025-10-05 00:00:00+00:00,1150.75,1189.0,1143.14,1167.38,306730.178,357420641.03322,156620.124,182505689.04852,1748354,0.014348017837182425,0.0031280517578125,0.04670027876894167,-0.037353515625,-0.021484375,0.029052734375,0.045166015625
BNBUSDT,2025-10-06 00:00:00+00:00,1167.38,1239.94,1161.85,1223.19,587477.5601,711781233.380627,322533.0891,390607090.402837,2594739,0.04670027876894167,0.005828857421875,0.06430396342725064,-0.035400390625,-0.0191650390625,0.03271484375,0.0498046875
BNBUSDT,2025-10-07 00:00:00+00:00,1223.17,1349.99,1204.61,1304.43,1351678.4887,1737403256.538668,692309.3967,889580569.553248,5035273,0.06430396342725064,0.005645751953125,0.0022742684479037933,-0.0419921875,-0.022705078125,0.0361328125,0.0556640625
BNBUSDT,2025-10-08 00:00:00+00:00,1304.43,1334.19,1264.32,1307.4,826555.123,1076913281.89229,400565.316,522191363.78719,3491480,0.0022742684479037933,0.00634765625,-0.04062601403163679,-0.037353515625,-0.019775390625,0.03466796875,0.052001953125
BNBUSDT,2025-10-09 00:00:00+00:00,1307.4,1320.0,1224.38,1255.35,925627.604,1178510754.12517,461892.518,588360855.32562,3147403,-0.04062601403163679,0.00555419921875,-0.12986130108056848,-0.041259765625,-0.0224609375,0.035400390625,0.0537109375
BNBUSDT,2025-10-10 00:00:00+00:00,1255.35,1278.52,860.11,1102.47,1505025.673,1738588911.96338,711133.822,823393500.64635,4860775,-0.12986130108056848,0.00634765625,0.029141205956126015,-0.05908203125,-0.0303955078125,0.04296875,0.06591796875
BNBUSDT,2025-10-11 00:00:00+00:00,1102.57,1182.76,1073.0,1135.07,1050905.245,1181376420.04246,519123.14,583886221.52459,4839241,0.029141205956126015,0.004486083984375,0.13770632812199768,-0.05078125,-0.0269775390625,0.03662109375,0.05712890625
BNBUSDT,2025-10-12 00:00:00+00:00,1135.07,1319.8,1107.43,1302.65,1205248.016,1490023746.48351,639014.778,790166542.3460301,5001950,0.13770632812199768,0.00830078125,-0.00623750674716117,-0.06787109375,-0.035400390625,0.05615234375,0.08544921875
BNBUSDT,2025-10-13 00:00:00+00:00,1302.65,1375.11,1251.28,1294.55,1483076.9719,1944702007.14038,736421.5489,966457857.04594,5971974,-0.00623750674716117,0.0018463134765625,-0.06876667394933378,-0.058837890625,-0.032958984375,0.037353515625,0.0615234375
BNBUSDT,2025-10-14 00:00:00+00:00,1294.54,1318.26,1143.01,1208.52,1398659.782,1691229151.13683,704859.515,851941399.37234,6244627,-0.06876667394933378,0.00885009765625,-0.038763398745632394,-0.047119140625,-0.0234375,0.043701171875,0.06689453125
BNBUSDT,2025-10-15 00:00:00+00:00,1208.55,1222.76,1148.92,1162.57,707327.747,836699442.9499699,345787.78,408999532.8602,3590517,-0.038763398745632394,0.003814697265625,-0.015376917352802444,-0.044189453125,-0.0240478515625,0.03271484375,0.051513671875
BNBUSDT,2025-10-16 00:00:00+00:00,1162.57,1195.0,1122.31,1144.83,716826.497,835695242.85643,365700.312,426479644.71843,3898793,-0.015376917352802444,0.0032196044921875,-0.06652331668638922,-0.039794921875,-0.0218505859375,0.029052734375,0.045654296875
BNBUSDT,2025-10-17 00:00:00+00:00,1144.83,1156.3,1021.0,1071.15,1066221.771,1143128765.33737,517215.239,553985769.84914,5122105,-0.06652331668638922,0.005645751953125,0.019671735027194437,-0.045654296875,-0.0242919921875,0.03662109375,0.056640625
BNBUSDT,2025-10-18 00:00:00+00:00,1071.15,1131.05,1069.41,1092.43,419996.517,462124290.22768,211480.182,232741879.61023,2270208,0.019671735027194437,0.002899169921875,0.01584732866374594,-0.0400390625,-0.0218505859375,0.028076171875,0.04443359375
BNBUSDT,2025-10-19 00:00:00+00:00,1092.42,1133.76,1068.04,1109.88,409987.572,451830662.14455,200360.571,220873346.28155,2153017,0.01584732866374594,0.00080108642578125,-0.008769009210618073,-0.043212890625,-0.0240478515625,0.025146484375,0.041015625
BNBUSDT,2025-10-20 00:00:00+00:00,1109.88,1143.2,1088.19,1100.19,481311.055,535214259.16311,240131.899,267060352.48514,2579921,-0.008769009210618073,0.00098419189453125,-0.0398968249218683,-0.0419921875,-0.0238037109375,0.0260009765625,0.04248046875
BNBUSDT,2025-10-21 00:00:00+00:00,1100.2,1114.53,1052.46,1057.16,541524.501,586956054.55562,274216.398,297231090.64,2763340,-0.0398968249218683,0.00189208984375,0.013772070862765773,-0.0400390625,-0.0224609375,0.0272216796875,0.043701171875
BNBUSDT,2025-10-22 00:00:00+00:00,1057.16,1083.8,1053.25,1071.82,397249.062,424924796.09075,199920.66,213900404.13212,2326963,0.013772070862765773,0.0020904541015625,0.04995261888223901,-0.034912109375,-0.019775390625,0.024658203125,0.039306640625
BNBUSDT,2025-10-23 00:00:00+00:00,1071.83,1161.9,1071.83,1126.72,774946.718,864047274.9668701,404035.954,450611405.9494,3416697,0.04995261888223901,0.0025787353515625,-0.015843031524423346,-0.04296875,-0.024169921875,0.0302734375,0.047607421875
BNBUSDT,2025-10-24 00:00:00+00:00,1126.71,1144.17,1097.39,1109.01,342712.642,385108586.81592,163399.027,183665207.63432,1924437,-0.015843031524423346,0.0023956298828125,0.006757936159006661,-0.034912109375,-0.0198974609375,0.025146484375,0.0400390625
BNBUSDT,2025-10-25 00:00:00+00:00,1109.0,1120.89,1100.96,1116.53,162716.583,181193804.95172,83427.024,92946786.86058,845838,0.006757936159006661,0.00176239013671875,0.01921361972701341,-0.033935546875,-0.019287109375,0.0235595703125,0.037353515625
BNBUSDT,2025-10-26 00:00:00+00:00,1116.53,1143.35,1114.48,1138.19,240939.545,272038928.2965,126021.899,142331655.24916,1275693,0.01921361972701341,0.0013427734375,0.0006060419935431938,-0.035400390625,-0.0205078125,0.0235595703125,0.037109375
BNBUSDT,2025-10-27 00:00:00+00:00,1138.19,1182.6,1131.44,1138.88,494467.695,569610822.72901,244914.989,282359009.8745,2424722,0.0006060419935431938,0.00144195556640625,-0.03160368802765845,-0.033447265625,-0.019287109375,0.0225830078125,0.036376953125
BNBUSDT,2025-10-28 00:00:00+00:00,1138.88,1148.94,1074.0,1103.45,351579.17,395192652.3363,166518.049,187396501.34634,2071891,-0.03160368802765845,0.0026702880859375,0.0038441582287180864,-0.032958984375,-0.0186767578125,0.0245361328125,0.038330078125
BNBUSDT,2025-10-29 00:00:00+00:00,1103.45,1121.35,1082.59,1107.7,459713.496,510072430.34674,239150.865,265443635.42243,2344960,0.0038441582287180864,0.00225830078125,-0.026204769135414807,-0.031494140625,-0.0174560546875,0.022705078125,0.036376953125
BNBUSDT,2025-10-30 00:00:00+00:00,1107.7,1129.55,1043.48,1079.05,508291.657,554615753.48928,235298.16,257309667.9614,2818780,-0.026204769135414807,0.00274658203125,0.009086987964542992,-0.031982421875,-0.017578125,0.0234375,0.037353515625
BNBUSDT,2025-10-31 00:00:00+00:00,1079.06,1104.93,1071.43,1088.9,537669.646,584994779.09792,274414.773,298625330.04871,2726472,0.009086987964542992,0.0036468505859375,0.0051570350114147345,-0.0242919921875,-0.01239013671875,0.0196533203125,0.0303955078125
BNBUSDT,2025-11-01 00:00:00+00:00,1088.9,1096.93,1081.8,1094.53,163493.548,178160836.27944,83188.166,90662232.28008,851250,0.0051570350114147345,0.001007080078125,-0.010359265743411505,-0.0308837890625,-0.017578125,0.019287109375,0.03125
BNBUSDT,2025-11-02 00:00:00+00:00,1094.54,1094.92,1071.74,1083.25,132402.548,143615965.50532,62500.153,67818669.70905,808562,-0.010359265743411505,0.000652313232421875,-0.08644673773757106,-0.032958984375,-0.018798828125,0.0198974609375,0.032470703125
BNBUSDT,2025-11-03 00:00:00+00:00,1083.25,1087.24,960.18,993.54,685198.885,695307374.09516,309069.793,313383637.02508,3297405,-0.08644673773757106,0.00238037109375,-0.05883653502290365,-0.0400390625,-0.02197265625,0.027099609375,0.04443359375
BNBUSDT,2025-11-04 00:00:00+00:00,993.54,1002.12,880.8,936.77,985275.518,924046511.24224,470001.869,441064484.81879,4907198,-0.05883653502290365,0.0028839111328125,0.02379733627845937,-0.04345703125,-0.0235595703125,0.030029296875,0.048583984375
BNBUSDT,2025-11-05 00:00:00+00:00,936.79,969.27,900.39,959.33,526144.027,497402208.36976,260609.721,246595929.00892,2910960,0.02379733627845937,0.0031890869140625,-0.009352175529622642,-0.033935546875,-0.0181884765625,0.0252685546875,0.040283203125
BNBUSDT,2025-11-06 00:00:00+00:00,959.32,965.23,925.07,950.4,312622.425,295927015.25126,145839.988,138115238.75317,1985255,-0.009352175529622642,0.0022735595703125,0.04198293652783924,-0.0294189453125,-0.0159912109375,0.0211181640625,0.03369140625
BNBUSDT,2025-11-07 00:00:00+00:00,950.4,995.6,925.7,991.15,452713.504,434871852.02567,229360.696,220497299.67699,2719761,0.04198293652783924,0.0035247802734375,-0.00012107881236467222,-0.033203125,-0.01806640625,0.025390625,0.039306640625
BNBUSDT,2025-11-08 00:00:00+00:00,991.14,1007.41,980.05,991.03,301705.689,300155965.29685,157480.253,156707937.67593,1766264,-0.00012107881236467222,0.002166748046875,0.0056347814183652645,-0.034912109375,-0.01953125,0.0238037109375,0.037841796875
BNBUSDT,2025-11-09 00:00:00+00:00,991.01,1007.16,975.84,996.63,256660.748,254503411.11084,127015.174,126001516.43329,1363066,0.0056347814183652645,0.00045013427734375,-0.004676641950911886,-0.037841796875,-0.021728515625,0.0228271484375,0.037353515625
BNBUSDT,2025-11-10 00:00:00+00:00,996.63,1019.56,976.22,991.98,281128.796,280689673.13887,142152.536,142012713.98966,1713723,-0.004676641950911886,0.002288818359375,-0.034771664000100344,-0.031494140625,-0.0177001953125,0.022705078125,0.03564453125
BNBUSDT,2025-11-11 00:00:00+00:00,991.99,1008.6,956.08,958.08,283951.869,278122345.76054,137190.324,134393641.90685,1791482,-0.034771664000100344,0.0030059814453125,-0.005463293440597816,-0.029296875,-0.016357421875,0.022705078125,0.035888671875
BNBUSDT,2025-11-12 00:00:00+00:00,958.08,978.61,937.9,952.86,216987.116,207895272.16893,103578.757,99314240.33867,1541836,-0.005463293440597816,0.00177764892578125,-0.027352623577218793,-0.02685546875,-0.01483154296875,0.0185546875,0.029541015625
BNBUSDT,2025-11-13 00:00:00+00:00,952.87,972.2,905.72,927.15,334345.078,314259121.5093,157981.142,148567800.50126,2155736,-0.027352623577218793,0.0024566650390625,-0.012918112773045998,-0.0289306640625,-0.0159912109375,0.020751953125,0.032470703125
BNBUSDT,2025-11-14 00:00:00+00:00,927.15,934.04,887.88,915.25,438193.008,401204627.31223,212559.627,194718210.24603,2900970,-0.012918112773045998,0.00225830078125,0.0184359467499835,-0.02734375,-0.0146484375,0.0189208984375,0.02978515625
BNBUSDT,2025-11-15 00:00:00+00:00,915.26,945.22,914.91,932.28,161984.705,151171632.97185,83545.162,77975615.54439,1147540,0.0184359467499835,0.0011749267578125,-0.0061543952728495555,-0.029541015625,-0.0166015625,0.0184326171875,0.02978515625
BNBUSDT,2025-11-16 00:00:00+00:00,932.27,949.77,908.16,926.56,252157.877,233987143.9429,123974.103,115036406.07924,1826002,-0.0061543952728495555,-0.00015163421630859375,-0.020939519211761848,-0.0341796875,-0.0196533203125,0.0194091796875,0.0322265625
BNBUSDT,2025-11-17 00:00:00+00:00,926.59,939.55,891.72,907.36,332891.856,305134278.30436,164328.162,150687378.48676,2543671,-0.020939519211761848,0.0007781982421875,0.02764081086138237,-0.035400390625,-0.0201416015625,0.0216064453125,0.03564453125
BNBUSDT,2025-11-18 00:00:00+00:00,907.36,939.99,884.4,932.79,357275.458,326663851.75577,174818.151,160001834.86441,2340875,0.02764081086138237,0.0016937255859375,-0.03826618435204221,-0.0341796875,-0.01953125,0.0228271484375,0.0361328125
BNBUSDT,2025-11-19 00:00:00+00:00,932.79,941.06,872.38,897.77,296358.274,268307936.85822,140186.734,127014889.22146,2057310,-0.03826618435204221,0.00098419189453125,-0.03544026100509079,-0.032958984375,-0.0186767578125,0.0211181640625,0.034423828125
BNBUSDT,2025-11-20 00:00:00+00:00,897.78,917.0,865.57,866.51,301802.981,269032673.70796,145347.842,129622654.84345,2087055,-0.03544026100509079,0.00156402587890625,-0.04249388563330214,-0.029541015625,-0.0162353515625,0.0194091796875,0.031494140625
BNBUSDT,2025-11-21 00:00:00+00:00,866.51,877.33,790.79,830.46,654486.049,542979217.98351,295511.992,244915626.95955,3636424,-0.04249388563330214,0.0020599365234375,0.003989814454826934,-0.037109375,-0.0205078125,0.02490234375,0.039794921875
BNBUSDT,2025-11-22 00:00:00+00:00,830.47,842.93,813.77,833.78,167225.62,138427266.23421,85229.796,70577104.07508,1454706,0.003989814454826934,0.000431060791015625,0.011708870013127815,-0.0390625,-0.0225830078125,0.023193359375,0.037109375
BNBUSDT,2025-11-23 00:00:00+00:00,833.78,855.46,833.28,843.6,167524.177,141704290.78926,85621.415,72427378.55116,1017588,0.011708870013127815,-0.000339508056640625,0.024958568501074474,-0.039306640625,-0.0235595703125,0.0223388671875,0.0361328125
BNBUSDT,2025-11-24 00:00:00+00:00,843.6,876.3,830.01,864.92,248464.802,211511619.02536,122761.453,104595413.37978,1555651,0.024958568501074474,-0.00011587142944335938,-0.002720712073137399,-0.037109375,-0.0218505859375,0.021240234375,0.03515625
BNBUSDT,2025-11-25 00:00:00+00:00,864.9,867.66,837.47,862.57,158750.859,135823380.71101,81815.914,70017508.5813,1086897,-0.002720712073137399,0.00104522705078125,0.03330316035630165,-0.033935546875,-0.0194091796875,0.02099609375,0.0341796875
BNBUSDT,2025-11-26 00:00:00+00:00,862.58,897.25,851.72,891.78,159649.392,139460353.89772,85460.975,74679484.24214,1047100,0.03330316035630165,0.00183868408203125,0.004430726904694815,-0.03564453125,-0.0205078125,0.02392578125,0.037353515625
BNBUSDT,2025-11-27 00:00:00+00:00,891.77,904.86,883.8,895.74,141249.084,126273074.47225,70142.174,62702913.74777,811084,0.004430726904694815,0.0020751953125,-0.009591027736608915,-0.0322265625,-0.0181884765625,0.02197265625,0.034912109375
BNBUSDT,2025-11-28 00:00:00+00:00,895.75,906.5,876.15,887.19,174843.677,155822041.55361,86675.713,77279996.72268,1120706,-0.009591027736608915,0.00182342529296875,-0.0162381628156405,-0.030029296875,-0.0166015625,0.02001953125,0.0322265625
BNBUSDT,2025-11-29 00:00:00+00:00,887.2,889.0,868.25,872.9,80059.932,70344820.67889,40731.398,35789496.16716,540333,-0.0162381628156405,0.000667572021484375,0.0027571075862313776,-0.032470703125,-0.018798828125,0.0196533203125,0.0322265625
BNBUSDT,2025-11-30 00:00:00+00:00,872.9,899.75,869.56,875.31,106230.587,94178228.95986,49757.223,44105291.16189,654131,0.0027571075862313776,0.0009613037109375,-0.057245109573262454,-0.03125,-0.0177001953125,0.01904296875,0.03125
BNBUSDT,2025-12-01 00:00:00+00:00,875.3,877.12,801.7,826.61,342746.385,283999640.0346,163235.526,135225010.56878,1933181,-0.057245109573262454,0.000751495361328125,0.05872919587698178,-0.037109375,-0.021484375,0.0224609375,0.036376953125
BNBUSDT,2025-12-02 00:00:00+00:00,826.6,885.0,820.46,876.61,233149.68,199034705.02779,114697.369,97959855.65734,1487908,0.05872919587698178,0.00168609619140625,0.049137220346318955,-0.036376953125,-0.020751953125,0.0242919921875,0.038330078125
BNBUSDT,2025-12-03 00:00:00+00:00,876.6,922.63,873.6,920.76,227309.929,204499249.05121,119458.345,107497858.30637,1408052,0.049137220346318955,0.001983642578125,-0.022893545493003487,-0.03662109375,-0.020751953125,0.0255126953125,0.040283203125
BNBUSDT,2025-12-04 00:00:00+00:00,920.77,928.24,886.79,899.92,165779.563,150836824.66394,77610.018,70634698.06641,1257410,-0.022893545493003487,0.00146484375,-0.018335351529477073,-0.036376953125,-0.020751953125,0.02392578125,0.0380859375
BNBUSDT,2025-12-05 00:00:00+00:00,899.92,907.92,870.18,883.57,137493.999,122346994.84129,66251.008,58961517.16322,1186200,-0.018335351529477073,0.00171661376953125,0.007677818939057168,-0.032470703125,-0.017822265625,0.0211181640625,0.03466796875
BNBUSDT,2025-12-06 00:00:00+00:00,883.57,897.9,878.01,890.38,81289.981,72211284.20858,41775.598,37113496.91795,708493,0.007677818939057168,0.000560760498046875,0.004471221904781331,-0.03173828125,-0.0179443359375,0.0189208984375,0.03125
BNBUSDT,2025-12-07 00:00:00+00:00,890.38,906.0,870.23,894.37,131888.814,117366943.71489,63160.206,56211422.09879,1094327,0.004471221904781331,0.000213623046875,0.003070072576430327,-0.03759765625,-0.021240234375,0.02197265625,0.036376953125
BNBUSDT,2025-12-08 00:00:00+00:00,894.38,913.29,888.93,897.12,121354.06,109535418.55455,60892.304,54967902.64749,1140074,0.003070072576430327,0.00055694580078125,0.00020062192865033524,-0.033447265625,-0.019287109375,0.020751953125,0.03369140625
BNBUSDT,2025-12-09 00:00:00+00:00,897.13,928.0,881.78,897.3,209645.573,189336040.76546,106836.521,96534270.99141,1384532,0.00020062192865033524,0.00118255615234375,-0.004322266366162175,-0.0279541015625,-0.0157470703125,0.018310546875,0.0296630859375
BNBUSDT,2025-12-10 00:00:00+00:00,897.3,915.0,884.27,893.43,186333.021,166693561.34981,91267.131,81682306.99892,1320366,-0.004322266366162175,0.00046539306640625,-0.008452622627820539,-0.02880859375,-0.016357421875,0.0177001953125,0.029541015625
BNBUSDT,2025-12-11 00:00:00+00:00,893.43,894.7,859.54,885.91,182476.864,159114587.16925,89551.251,78087246.61168,1436206,-0.008452622627820539,0.0004482269287109375,-0.004899613194119468,-0.025390625,-0.01416015625,0.01531982421875,0.0263671875
BNBUSDT,2025-12-12 00:00:00+00:00,885.92,896.07,870.58,881.58,110640.466,97852155.11364,55359.369,48960825.04721,973955,-0.004899613194119468,-5.0961971282958984e-06,0.017139420909868086,-0.0247802734375,-0.0140380859375,0.0142822265625,0.0247802734375
BNBUSDT,2025-12-13 00:00:00+00:00,881.59,904.22,880.32,896.82,92401.054,82431393.00693,45648.034,40719760.75081,650049,0.017139420909868086,0.000751495361328125,-0.022040360304239393,-0.02685546875,-0.01513671875,0.0164794921875,0.02734375
BNBUSDT,2025-12-14 00:00:00+00:00,896.82,899.5,870.11,877.27,110914.028,98442378.82563,53288.164,47297859.89274,858682,-0.022040360304239393,0.000308990478515625,-0.021511656931078704,-0.031005859375,-0.0179443359375,0.018798828125,0.031494140625
BNBUSDT,2025-12-15 00:00:00+00:00,877.27,895.42,840.75,858.6,210867.871,182971113.85925,102082.212,88569487.21228,1586386,-0.021511656931078704,-0.00011301040649414062,0.019640471491503497,-0.0299072265625,-0.0177001953125,0.017333984375,0.029296875
BNBUSDT,2025-12-16 00:00:00+00:00,858.61,878.44,847.0,875.63,240835.336,208552022.88205,120674.012,104517730.37088,1573030,0.019640471491503497,0.00153350830078125,-0.03789363595404183,-0.0306396484375,-0.016845703125,0.0196533203125,0.0322265625
BNBUSDT,2025-12-17 00:00:00+00:00,875.64,876.16,833.39,843.07,378073.209,324665474.7502,186513.854,160271429.96388,2026373,-0.03789363595404183,0.000759124755859375,-0.015539956744074601,-0.03515625,-0.0205078125,0.02197265625,0.03564453125
BNBUSDT,2025-12-18 00:00:00+00:00,843.07,853.49,818.39,830.07,432024.878,361452776.1874,212515.734,177839240.82406,2203650,-0.015539956744074601,0.00109100341796875,0.030958919970737853,-0.031982421875,-0.0181884765625,0.020263671875,0.032958984375
BNBUSDT,2025-12-19 00:00:00+00:00,830.08,862.33,822.38,856.17,1227346.957,1035735760.17278,611085.359,515719442.03958,2543581,0.030958919970737853,0.0019989013671875,-0.0023387173446209886,-0.03515625,-0.01953125,0.023193359375,0.037109375
BNBUSDT,2025-12-20 00:00:00+00:00,856.17,859.7,850.9,854.17,57015.132,48685094.40048,26548.828,22671232.73591,389041,-0.0023387173446209886,0.000255584716796875,0.005219504963305255,-0.035400390625,-0.0201416015625,0.0203857421875,0.03369140625
BNBUSDT,2025-12-21 00:00:00+00:00,854.17,859.91,845.5,858.64,69986.817,59650811.23645,36114.111,30794152.845,577502,0.005219504963305255,-0.00020694732666015625,2.3292377569816836e-05,-0.03466796875,-0.01953125,0.01904296875,0.032470703125
BNBUSDT,2025-12-22 00:00:00+00:00,858.63,871.0,850.85,858.66,147275.988,127026489.4655,73524.19,63422387.81425,994531,2.3292377569816836e-05,0.000881195068359375,-0.01686515287538537,-0.032958984375,-0.01806640625,0.01904296875,0.031982421875
BNBUSDT,2025-12-23 00:00:00+00:00,858.67,861.46,838.24,844.3,103894.874,88114840.52677,49716.2,42169275.33845,770380,-0.01686515287538537,0.00079345703125,0.0026968222249266205,-0.03125,-0.0172119140625,0.0189208984375,0.031494140625
BNBUSDT,2025-12-24 00:00:00+00:00,844.3,850.0,835.21,846.58,84917.781,71413872.14449,38828.17,32662728.83526,769130,0.0026968222249266205,0.00018024444580078125,-0.02021283213970282,-0.032958984375,-0.018798828125,0.019287109375,0.03173828125
BNBUSDT,2025-12-25 00:00:00+00:00,846.57,847.99,826.81,829.64,72777.087,61067016.30325,32470.977,27255146.58131,602493,-0.02021283213970282,0.000514984130859375,0.006104467513405432,-0.0281982421875,-0.0159912109375,0.0169677734375,0.028564453125
BNBUSDT,2025-12-26 00:00:00+00:00,829.63,847.16,821.21,834.72,120232.786,100443874.53481,58978.158,49269471.08936,1020709,0.006104467513405432,0.0007476806640625,0.01228762424082408,-0.0255126953125,-0.0142822265625,0.015380859375,0.0260009765625
BNBUSDT,2025-12-27 00:00:00+00:00,834.72,846.54,834.0,845.04,89882.366,75505665.25729,44539.639,37414508.36878,602676,0.01228762424082408,9.834766387939453e-06,0.016757415291941413,-0.028076171875,-0.0162353515625,0.0157470703125,0.0272216796875
BNBUSDT,2025-12-28 00:00:00+00:00,845.05,867.22,839.2,859.32,91601.986,78245545.48423,49261.813,42081221.77039,640033,0.016757415291941413,0.0004520416259765625,-0.008015091571107469,-0.0269775390625,-0.01544189453125,0.016357421875,0.027587890625
BNBUSDT,2025-12-29 00:00:00+00:00,859.32,872.12,846.0,852.46,127151.447,109137090.48325,67983.02,58347935.3399,901806,-0.008015091571107469,0.0003719329833984375,0.010722868491845006,-0.02587890625,-0.01507568359375,0.0157470703125,0.026611328125
BNBUSDT,2025-12-30 00:00:00+00:00,852.46,864.05,848.7,861.65,73233.047,62791986.8921,36371.56,31187458.21071,583039,0.010722868491845006,0.000885009765625,0.0030707750310066118,-0.0255126953125,-0.01422119140625,0.0157470703125,0.0262451171875
BNBUSDT,2025-12-31 00:00:00+00:00,861.66,877.29,857.69,864.3,149994.618,129779137.07024,76703.12,66376872.20347,803509,0.0030707750310066118,0.00025177001953125,0.00010412508903367979,-0.0244140625,-0.01397705078125,0.01422119140625,0.0244140625
BNBUSDT,2026-01-01 00:00:00+00:00,864.31,874.51,856.14,864.39,80713.662,69705177.29618,38671.274,33399332.81613,492045,0.00010412508903367979,0.001129150390625,0.019317298278852313,-0.0194091796875,-0.0101318359375,0.01202392578125,0.0206298828125
BNBUSDT,2026-01-02 00:00:00+00:00,864.4,891.14,859.64,881.25,129071.742,112918887.64463,65998.248,57744814.80021,855739,0.019317298278852313,0.00135040283203125,-0.0029774779366853465,-0.0250244140625,-0.01361083984375,0.0157470703125,0.02587890625
BNBUSDT,2026-01-03 00:00:00+00:00,881.25,884.24,868.65,878.63,79965.205,70042659.0416,40425.968,35412887.44276,496690,-0.0029774779366853465,0.00121307373046875,0.018940173634764967,-0.0230712890625,-0.01251220703125,0.01470947265625,0.0245361328125
BNBUSDT,2026-01-04 00:00:00+00:00,878.64,902.85,878.47,895.43,118687.107,105626153.85529,61488.124,54729999.20338,679228,0.018940173634764967,0.001312255859375,0.016481151015778295,-0.029296875,-0.016357421875,0.0184326171875,0.030029296875
BNBUSDT,2026-01-05 00:00:00+00:00,895.43,916.55,890.59,910.31,140352.785,126791973.03969,76401.107,69035346.07709,902286,0.016481151015778295,0.00156402587890625,0.008019956003797901,-0.0294189453125,-0.01611328125,0.0194091796875,0.03125
BNBUSDT,2026-01-06 00:00:00+00:00,910.31,923.93,891.66,917.64,166897.189,152112813.16727,85118.886,77620429.52403,980125,0.008019956003797901,0.00147247314453125,-0.019077115729703387,-0.02392578125,-0.01263427734375,0.015625,0.0262451171875
BNBUSDT,2026-01-07 00:00:00+00:00,917.64,920.27,892.64,900.3,148651.79,135043755.77855,77070.016,70047482.07327,945321,-0.019077115729703387,0.00152587890625,-0.008970471185784312,-0.0235595703125,-0.012451171875,0.01556396484375,0.02587890625
BNBUSDT,2026-01-08 00:00:00+00:00,900.31,905.0,875.1,892.26,134522.755,119360812.46211,67296.322,59719521.70349,864836,-0.008970471185784312,0.0013885498046875,0.0051422041408031305,-0.02099609375,-0.01104736328125,0.01373291015625,0.0228271484375
BNBUSDT,2026-01-09 00:00:00+00:00,892.27,901.06,885.28,896.86,81581.367,72871176.25689,44058.998,39362730.00733,626159,0.0051422041408031305,0.001739501953125,0.012267509049049607,-0.01904296875,-0.01007080078125,0.013427734375,0.021728515625
BNBUSDT,2026-01-10 00:00:00+00:00,896.87,915.91,896.81,907.93,124912.493,113143829.40285,60489.086,54780867.73386,720398,0.012267509049049607,0.00152587890625,-0.003984003062391217,-0.0213623046875,-0.0115966796875,0.01446533203125,0.023193359375
BNBUSDT,2026-01-11 00:00:00+00:00,907.93,917.33,898.75,904.32,98621.081,89755695.35323,48956.102,44564691.69234,551818,-0.003984003062391217,0.001129150390625,0.001613170892896143,-0.0225830078125,-0.01263427734375,0.01470947265625,0.024169921875
BNBUSDT,2026-01-12 00:00:00+00:00,904.32,910.81,894.0,905.78,108522.173,98140526.01559,58438.712,52870006.46245,729122,0.001613170892896143,0.001190185546875,0.04104365733669546,-0.0213623046875,-0.01171875,0.01385498046875,0.0228271484375
BNBUSDT,2026-01-13 00:00:00+00:00,905.79,952.96,902.25,943.73,311914.997,287537661.4946,171151.84,157938319.61699,1182451,0.04104365733669546,0.0021209716796875,0.005010051701447971,-0.0277099609375,-0.0155029296875,0.0196533203125,0.03125
BNBUSDT,2026-01-14 00:00:00+00:00,943.73,954.68,928.5,948.47,183208.698,172676671.03025,93058.324,87776302.34324,1013997,0.005010051701447971,0.00173187255859375,-0.018376083009974842,-0.0262451171875,-0.0146484375,0.0179443359375,0.028564453125
BNBUSDT,2026-01-15 00:00:00+00:00,948.48,948.85,924.05,931.2,131201.468,122818352.97477,64545.323,60443814.79394,838980,-0.018376083009974842,0.001708984375,0.007446433175635647,-0.02587890625,-0.01409912109375,0.0174560546875,0.028076171875
BNBUSDT,2026-01-16 00:00:00+00:00,931.21,939.43,923.69,938.16,77470.383,72238110.191,39861.235,37172331.41307,542202,0.007446433175635647,0.00162506103515625,0.009505290950571954,-0.0245361328125,-0.01336669921875,0.01611328125,0.02587890625
BNBUSDT,2026-01-17 00:00:00+00:00,938.17,959.52,935.5,947.12,86187.331,81544127.02514,47898.476,45314044.36417,486259,0.009505290950571954,0.0018463134765625,-0.015545925782320502,-0.0262451171875,-0.01397705078125,0.0169677734375,0.02734375
BNBUSDT,2026-01-18 00:00:00+00:00,947.11,953.33,931.7,932.51,76848.25,72695033.76926,38693.922,36627876.08985,500379,-0.015545925782320502,0.0012054443359375,-0.009600797840719544,-0.02880859375,-0.0162353515625,0.01806640625,0.029296875
BNBUSDT,2026-01-19 00:00:00+00:00,932.51,932.51,901.0,923.6,209440.56,193182830.06014,106777.172,98514086.74366,1093909,-0.009600797840719544,0.0013885498046875,-0.04359579608819786,-0.02880859375,-0.0159912109375,0.0185546875,0.0302734375
BNBUSDT,2026-01-20 00:00:00+00:00,923.6,933.13,884.0,884.2,163760.229,148812503.80793,80329.911,73067904.95212,1078653,-0.04359579608819786,0.00173187255859375,-0.0009504628564078743,-0.031494140625,-0.0177001953125,0.0211181640625,0.03369140625
BNBUSDT,2026-01-21 00:00:00+00:00,884.19,893.69,864.54,883.36,201618.221,177017116.38232,95725.14,84080128.93753,1266425,-0.0009504628564078743,0.00124359130859375,0.005306489741417231,-0.028564453125,-0.0162353515625,0.0185546875,0.02978515625
BNBUSDT,2026-01-22 00:00:00+00:00,883.35,897.58,878.18,888.06,98786.472,87897354.20676,48146.366,42831815.33447,652610,0.005306489741417231,0.00096893310546875,0.004011940044006401,-0.0242919921875,-0.013427734375,0.01507568359375,0.0250244140625
BNBUSDT,2026-01-23 00:00:00+00:00,888.06,904.99,883.1,891.63,96135.61,85731004.65856,49308.358,43971852.13853,744307,0.004011940044006401,0.00128173828125,-0.005014627103784974,-0.0185546875,-0.00946044921875,0.011962890625,0.0201416015625
BNBUSDT,2026-01-24 00:00:00+00:00,891.62,894.24,886.53,887.17,51272.563,45676993.9904,24974.232,22249623.64456,323050,-0.005014627103784974,0.000675201416015625,-0.024128618233395294,-0.0234375,-0.012939453125,0.01397705078125,0.0234375
BNBUSDT,2026-01-25 00:00:00+00:00,887.18,887.75,856.0,866.02,120780.226,105238816.20596,57269.775,49889322.25928,741112,-0.024128618233395294,0.000568389892578125,0.01534322508766195,-0.0299072265625,-0.0169677734375,0.018310546875,0.02978515625
BNBUSDT,2026-01-26 00:00:00+00:00,866.02,881.44,864.91,879.41,102700.704,89665450.66266,50373.112,43985430.34772,629068,0.01534322508766195,0.000850677490234375,0.02131965076388198,-0.026123046875,-0.014892578125,0.0164794921875,0.026611328125
BNBUSDT,2026-01-27 00:00:00+00:00,879.41,901.22,876.2,898.36,138529.639,122795528.3296,58333.252,51753928.57541,712731,0.02131965076388198,0.001220703125,0.00505200184021426,-0.0257568359375,-0.0147705078125,0.0172119140625,0.0277099609375
BNBUSDT,2026-01-28 00:00:00+00:00,898.35,909.43,894.41,902.91,110273.24,99488384.44138,52283.922,47172863.83388,638568,0.00505200184021426,0.00103759765625,-0.03863655093001572,-0.023681640625,-0.013427734375,0.0152587890625,0.0247802734375
BNBUSDT,2026-01-29 00:00:00+00:00,902.92,906.67,852.81,868.69,270228.686,238573056.22689,137421.519,121392282.76294,1294083,-0.03863655093001572,0.0009918212890625,-0.011438619654253301,-0.0301513671875,-0.0174560546875,0.0194091796875,0.031494140625
BNBUSDT,2026-01-30 00:00:00+00:00,868.69,869.77,831.83,858.81,295951.354,250705099.01046,142775.004,120939279.88237,1700475,-0.011438619654253301,0.00125885009765625,-0.09448612288380076,-0.0311279296875,-0.017578125,0.0198974609375,0.0322265625
BNBUSDT,2026-01-31 00:00:00+00:00,858.81,860.85,750.0,781.38,407306.151,325750149.78876,187865.876,150274368.06224,2051467,-0.09448612288380076,0.000484466552734375,-0.029666054147064358,-0.0419921875,-0.0238037109375,0.0245361328125,0.042236328125
BNBUSDT,2026-02-01 00:00:00+00:00,781.39,789.72,739.63,758.54,259125.52,197918631.20065,129427.893,98914837.09684,1778205,-0.029666054147064358,-0.0004482269287109375,0.020098818144497876,-0.03662109375,-0.0216064453125,0.020263671875,0.0341796875
BNBUSDT,2026-02-02 00:00:00+00:00,758.54,781.58,728.44,773.94,306663.484,231808183.90377,148561.588,112412565.06347,2070386,0.020098818144497876,0.00023174285888671875,-0.025068035147080003,-0.037109375,-0.02099609375,0.021240234375,0.035888671875
BNBUSDT,2026-02-03 00:00:00+00:00,773.94,783.57,736.08,754.78,243948.823,186179880.26269,114966.792,87854784.81936,2021233,-0.025068035147080003,0.0016937255859375,-0.07925360584563279,-0.029052734375,-0.0159912109375,0.01953125,0.03173828125
BNBUSDT,2026-02-04 00:00:00+00:00,754.78,765.33,687.3,697.27,424472.167,307855228.98581,189408.598,137616590.7343,2681978,-0.07925360584563279,0.001678466796875,-0.13650452888572762,-0.03662109375,-0.0205078125,0.023681640625,0.038330078125
BNBUSDT,2026-02-05 00:00:00+00:00,697.27,703.0,602.17,608.3,799178.67,522394593.78958,359020.409,234284590.32864,3847910,-0.13650452888572762,-0.003204345703125,0.07733542078885858,-0.0654296875,-0.036865234375,0.0244140625,0.041259765625
BNBUSDT,2026-02-06 00:00:00+00:00,608.3,669.65,570.06,657.21,593322.593,372108743.10323,297410.542,186921669.411,3501250,0.07733542078885858,0.00106048583984375,-0.015657307614617366,-0.054931640625,-0.0302734375,0.031494140625,0.051025390625
BNBUSDT,2026-02-07 00:00:00+00:00,657.21,663.88,630.83,647.0,217520.601,140501322.95354,109075.411,70477301.57061,1196386,-0.015657307614617366,-4.410743713378906e-05,-0.01098749912906527,-0.039794921875,-0.022705078125,0.0220947265625,0.037109375
BNBUSDT,2026-02-08 00:00:00+00:00,647.01,653.0,632.3,639.93,124172.092,79946063.82796,63666.146,40999988.6418,868821,-0.01098749912906527,-0.000675201416015625,-0.005547212419466874,-0.04052734375,-0.022705078125,0.020263671875,0.034912109375
BNBUSDT,2026-02-09 00:00:00+00:00,639.93,646.15,616.01,636.39,148751.241,94018464.11116,78085.959,49352728.60872,1033241,-0.005547212419466874,-0.0004596710205078125,-0.026334069668212834,-0.03759765625,-0.021240234375,0.019775390625,0.033447265625
BNBUSDT,2026-02-10 00:00:00+00:00,636.38,642.0,613.8,619.85,153549.27,96192842.4738,77740.169,48700880.80463,931193,-0.026334069668212834,-0.00023555755615234375,-0.019121726629597546,-0.036376953125,-0.0206298828125,0.02001953125,0.033447265625
BNBUSDT,2026-02-11 00:00:00+00:00,619.85,624.14,587.14,608.11,236351.539,141941652.44398,114159.871,68578559.51766,1068249,-0.019121726629597546,-0.00107574462890625,0.010111342691630831,-0.03564453125,-0.020751953125,0.01806640625,0.03076171875
BNBUSDT,2026-02-12 00:00:00+00:00,608.11,620.87,600.6,614.29,121298.457,74239627.08287,64829.559,39695942.72187,792593,0.010111342691630831,8.20159912109375e-05,0.007541208107221031,-0.0291748046875,-0.016357421875,0.0159912109375,0.027099609375
BNBUSDT,2026-02-13 00:00:00+00:00,614.29,622.81,592.49,618.94,211419.814,128466424.29734,108867.452,66171421.4498,992789,0.007541208107221031,-0.0002536773681640625,0.02209866953235462,-0.029296875,-0.016845703125,0.015625,0.026611328125
BNBUSDT,2026-02-14 00:00:00+00:00,618.93,637.24,615.7,632.77,113845.924,71434358.34732,61221.915,38421104.00124,625588,0.02209866953235462,0.00028228759765625,-0.028224610414041784,-0.0283203125,-0.0162353515625,0.0164794921875,0.0269775390625
