symbol,ts_decision,open_t,high_t,low_t,close_t,volume_t,quotevolume_t,activebuyvolume_t,activebuyquotevolume_t,tradenum_t,target_logreturn_t,pred_ret_t+1_mean,y_true_ret_t+1,pred_ret_t+1_q0.1,pred_ret_t+1_q0.2,pred_ret_t+1_q0.8,pred_ret_t+1_q0.9
BTCUSDT,2025-01-01 00:00:00+00:00,93576.0,95151.15,92888.0,94591.79,10373.32613,975444194.1379983,5347.73648,502914035.6405907,1516556,0.010796745473918179,0.00011110305786132812,0.024983476262296023,-0.03076171875,-0.01806640625,0.0189208984375,0.031494140625
BTCUSDT,2025-01-02 00:00:00+00:00,94591.78,97839.5,94392.0,96984.79,21970.48948,2118411852.6812797,10915.96986,1052226710.3336716,3569079,0.024983476262296023,0.0014190673828125,0.012189085912689634,-0.02685546875,-0.01556396484375,0.0189208984375,0.0302734375
BTCUSDT,2025-01-03 00:00:00+00:00,96984.79,98976.91,96100.01,98174.18,15253.82936,1486610768.5907917,7468.60797,727787246.8965588,2851164,0.012189085912689634,0.00179290771484375,0.0004717032137406818,-0.0255126953125,-0.01446533203125,0.0181884765625,0.0289306640625
BTCUSDT,2025-01-04 00:00:00+00:00,98174.17,98778.43,97514.79,98220.5,8990.05651,881223751.6353604,4350.80221,426524714.1305539,1559982,0.0004717032137406818,0.00135040283203125,0.0014559673747882584,-0.0234375,-0.0128173828125,0.015869140625,0.0262451171875
BTCUSDT,2025-01-05 00:00:00+00:00,98220.51,98836.85,97276.79,98363.61,8095.63723,793931715.9546323,3877.90985,380355340.4686036,1685799,0.0014559673747882584,0.000682830810546875,0.038609035123570834,-0.0281982421875,-0.01611328125,0.0181884765625,0.0302734375
BTCUSDT,2025-01-06 00:00:00+00:00,98363.61,102480.0,97920.0,102235.6,25263.43375,2540561688.7771435,12539.59534,1260943259.4662561,3853702,0.038609035123570834,0.0013580322265625,-0.053037022867576056,-0.0299072265625,-0.01708984375,0.0206298828125,0.033447265625
BTCUSDT,2025-01-07 00:00:00+00:00,102235.6,102724.38,96181.81,96954.61,32059.87537,3170421659.717236,14815.11453,1464336049.7055345,4480562,-0.053037022867576056,0.00183868408203125,-0.01972824267676998,-0.033203125,-0.0186767578125,0.0230712890625,0.036865234375
BTCUSDT,2025-01-08 00:00:00+00:00,96954.6,97268.65,92500.9,95060.61,33704.67894,3205849081.112962,15803.85091,1503791328.6993084,5171208,-0.01972824267676998,0.000850677490234375,-0.026738745131460462,-0.032470703125,-0.0186767578125,0.0208740234375,0.0341796875
BTCUSDT,2025-01-09 00:00:00+00:00,95060.61,95382.32,91203.67,92552.49,34544.83685,3217669887.2453976,15323.62663,1427812152.272761,6027161,-0.026738745131460462,0.00099945068359375,0.023213731933838133,-0.0272216796875,-0.01556396484375,0.01806640625,0.029541015625
BTCUSDT,2025-01-10 00:00:00+00:00,92552.49,95836.0,92206.02,94726.11,31482.86424,2962085343.283704,15617.43823,1469711545.6571271,5531444,0.023213731933838133,0.0021514892578125,-0.0013323046178594922,-0.026611328125,-0.014404296875,0.019287109375,0.030517578125
BTCUSDT,2025-01-11 00:00:00+00:00,94726.1,95050.94,93831.73,94599.99,7047.9043,665685994.93301,3412.37671,322346977.43545526,1496191,-0.0013323046178594922,0.00188446044921875,-0.000580824098165067,-0.02783203125,-0.01507568359375,0.01953125,0.031494140625
BTCUSDT,2025-01-12 00:00:00+00:00,94599.99,95450.1,93711.19,94545.06,8606.86622,813278829.6583949,4028.33031,380691769.9184427,1658863,-0.000580824098165067,0.00010013580322265625,-9.477411717462303e-05,-0.032470703125,-0.0184326171875,0.020263671875,0.03466796875
BTCUSDT,2025-01-13 00:00:00+00:00,94545.07,95940.0,89256.69,94536.1,42619.56423,3930666134.3474574,19473.88042,1797888178.849608,5740963,-9.477411717462303e-05,0.000576019287109375,0.02119171099482564,-0.03125,-0.017578125,0.02001953125,0.033447265625
BTCUSDT,2025-01-14 00:00:00+00:00,94536.11,97371.0,94346.22,96560.86,27846.61753,2676048470.3569503,14248.69616,1369464111.693496,4532923,0.02119171099482564,0.00070953369140625,0.03995787586321242,-0.0306396484375,-0.017578125,0.0203857421875,0.0341796875
BTCUSDT,2025-01-15 00:00:00+00:00,96560.85,100681.94,96500.0,100497.35,30509.99179,3006242382.8867946,15494.17873,1527728226.3083327,3487945,0.03995787586321242,0.00115966796875,-0.0050881810693717,-0.030029296875,-0.017578125,0.0206298828125,0.033203125
BTCUSDT,2025-01-16 00:00:00+00:00,100497.35,100866.66,97335.13,99987.3,27832.85317,2765162040.639799,13513.53707,1342462621.6273284,3762755,-0.0050881810693717,0.0013427734375,0.040092443843718684,-0.0281982421875,-0.0166015625,0.020263671875,0.0322265625
BTCUSDT,2025-01-17 00:00:00+00:00,99987.3,105865.22,99950.77,104077.48,39171.85292,4040993985.475047,20673.213,2131223293.2048464,3886907,0.040092443843718684,0.0012359619140625,0.004589391046213365,-0.030029296875,-0.0177001953125,0.02099609375,0.032958984375
BTCUSDT,2025-01-18 00:00:00+00:00,104077.47,104988.88,102277.55,104556.23,24307.82998,2521522119.379525,11607.51274,1204170928.374812,3403162,0.004589391046213365,0.001922607421875,-0.03132700154192314,-0.027587890625,-0.0162353515625,0.0208740234375,0.032470703125
BTCUSDT,2025-01-19 00:00:00+00:00,104556.23,106422.43,99651.6,101331.57,43397.28298,4513423971.410252,21079.51082,2193270771.0019445,5271920,-0.03132700154192314,0.0029754638671875,0.009120676170878639,-0.0289306640625,-0.016357421875,0.023193359375,0.035888671875
BTCUSDT,2025-01-20 00:00:00+00:00,101331.57,109588.0,99550.0,102260.01,89529.231732,9398787064.320717,44770.529492,4704453254.515383,11597937,0.009120676170878639,0.0024261474609375,0.03727627951194101,-0.032958984375,-0.018310546875,0.0245361328125,0.0390625
BTCUSDT,2025-01-21 00:00:00+00:00,102260.0,107240.81,100119.04,106143.82,45941.02002,4768512258.156501,23227.02741,2411854258.5127187,6842980,0.03727627951194101,0.0020599365234375,-0.0232286300582345,-0.034912109375,-0.019775390625,0.02490234375,0.04052734375
BTCUSDT,2025-01-22 00:00:00+00:00,106143.82,106394.46,103339.12,103706.66,22248.69254,2331144640.658579,10501.59306,1100173331.9876585,4364035,-0.0232286300582345,0.0014190673828125,0.0019620750260607167,-0.03173828125,-0.0184326171875,0.0218505859375,0.03466796875
BTCUSDT,2025-01-23 00:00:00+00:00,103706.66,106850.0,101262.28,103910.34,53953.12031,5610760848.131639,27045.92646,2813824950.5718837,6961383,0.0019620750260607167,0.002288818359375,0.009197843721146626,-0.0279541015625,-0.015625,0.0208740234375,0.03271484375
BTCUSDT,2025-01-24 00:00:00+00:00,103910.35,107120.0,102750.0,104870.5,23609.24017,2483818574.373748,11893.4605,1251601023.3484685,4798886,0.009197843721146626,0.00154876708984375,-0.0011797688916672655,-0.02587890625,-0.01458740234375,0.0179443359375,0.02880859375
BTCUSDT,2025-01-25 00:00:00+00:00,104870.51,105286.52,104106.09,104746.85,9068.32377,949511531.3578016,4462.60438,467284996.37609667,1770765,-0.0011797688916672655,0.00146484375,-0.020513641237224434,-0.02734375,-0.01507568359375,0.0184326171875,0.0301513671875
BTCUSDT,2025-01-26 00:00:00+00:00,104746.86,105500.0,102520.44,102620.0,9812.51238,1024352365.4715524,4642.17247,484871090.3361497,1813011,-0.020513641237224434,0.000942230224609375,-0.005248302947391537,-0.029052734375,-0.016357421875,0.01904296875,0.031494140625
BTCUSDT,2025-01-27 00:00:00+00:00,102620.01,103260.0,97777.77,102082.83,50758.1341,5092886322.829244,23529.22433,2361569760.8418937,9368910,-0.005248302947391537,0.0010986328125,-0.0073475511137690575,-0.02978515625,-0.016845703125,0.0203857421875,0.033447265625
BTCUSDT,2025-01-28 00:00:00+00:00,102082.83,103800.0,100272.68,101335.52,22022.05765,2253977324.0362086,10756.64741,1101357650.2919877,5428644,-0.0073475511137690575,0.000335693359375,0.023385612440133485,-0.030517578125,-0.0174560546875,0.0194091796875,0.033447265625
BTCUSDT,2025-01-29 00:00:00+00:00,101335.52,104782.68,101328.01,103733.24,23155.35802,2380383694.772136,11675.17182,1200636637.8143668,5189699,0.023385612440133485,0.0003337860107421875,0.009495592181071544,-0.0284423828125,-0.016357421875,0.0181884765625,0.0306396484375
BTCUSDT,2025-01-30 00:00:00+00:00,103733.25,106457.44,103278.54,104722.94,19374.07472,2038112603.5126407,10140.92834,1066933244.9920208,3990075,0.009495592181071544,0.000896453857421875,-0.022142853251164496,-0.0240478515625,-0.01348876953125,0.015869140625,0.0264892578125
BTCUSDT,2025-01-31 00:00:00+00:00,104722.94,106012.0,101560.0,102429.56,21983.18193,2282174002.1952176,10697.39968,1111485874.1292844,4331904,-0.022142853251164496,0.00011444091796875,-0.01766877417515289,-0.02587890625,-0.0150146484375,0.0159912109375,0.02734375
BTCUSDT,2025-02-01 00:00:00+00:00,102429.56,102783.71,100279.51,100635.65,12290.95747,1250354228.2372296,5625.89331,572540016.1490111,2588786,-0.01766877417515289,5.036592483520508e-06,-0.029598970722467755,-0.028076171875,-0.0166015625,0.0177001953125,0.02978515625
BTCUSDT,2025-02-02 00:00:00+00:00,100635.66,101456.6,96150.0,97700.59,34619.49939,3412084312.583628,15587.16669,1536076091.303013,7202339,-0.029598970722467755,0.0012054443359375,0.03646031368487357,-0.0286865234375,-0.0167236328125,0.020751953125,0.03369140625
BTCUSDT,2025-02-03 00:00:00+00:00,97700.59,102500.01,91231.0,101328.52,75164.7385,7228589180.71162,36736.56946,3537845694.4812655,10625262,0.03646031368487357,0.0023345947265625,-0.035820399514262746,-0.0283203125,-0.016357421875,0.0225830078125,0.035888671875
BTCUSDT,2025-02-04 00:00:00+00:00,101328.51,101732.31,96150.0,97763.13,40267.98697,3989698644.2649302,19091.58154,1891457194.3598328,6618911,-0.035820399514262746,0.001800537109375,-0.011840104206886082,-0.0289306640625,-0.0167236328125,0.021240234375,0.033447265625
BTCUSDT,2025-02-05 00:00:00+00:00,97763.14,99149.0,96155.0,96612.43,26233.30444,2562342153.829685,11032.55174,1078316288.1425588,4471763,-0.011840104206886082,-9.72747802734375e-05,-0.000601345653224783,-0.0306396484375,-0.0184326171875,0.01904296875,0.031494140625
BTCUSDT,2025-02-06 00:00:00+00:00,96612.44,99120.0,95676.64,96554.35,23515.20405,2289071921.21756,11261.53049,1096611639.3760087,4242807,-0.000601345653224783,0.000522613525390625,-0.0004925900520280635,-0.02685546875,-0.0157470703125,0.0174560546875,0.0286865234375
BTCUSDT,2025-02-07 00:00:00+00:00,96554.35,100137.99,95620.34,96506.8,31794.22065,3107592434.6738343,15249.3537,1491114588.559852,5012456,-0.0004925900520280635,3.695487976074219e-05,-0.0006432703479841706,-0.0255126953125,-0.01470947265625,0.01507568359375,0.025634765625
BTCUSDT,2025-02-08 00:00:00+00:00,96506.8,96880.0,95688.0,96444.74,10147.24294,977040267.5158632,4450.52682,428452764.9047411,1757892,-0.0006432703479841706,-0.00014495849609375,0.00018672162550359417,-0.0269775390625,-0.015869140625,0.01611328125,0.02685546875
BTCUSDT,2025-02-09 00:00:00+00:00,96444.75,97323.09,94713.0,96462.75,14120.91613,1359495152.3107975,6663.72875,641795598.1752762,2293192,0.00018672162550359417,-0.0002613067626953125,0.009985664239644976,-0.027099609375,-0.015625,0.016357421875,0.028076171875
BTCUSDT,2025-02-10 00:00:00+00:00,96462.75,98345.0,95256.0,97430.82,20572.87537,1999112052.6687863,9607.62329,933665618.5050192,3475919,0.009985664239644976,5.269050598144531e-05,-0.01710748603028911,-0.0252685546875,-0.0146484375,0.01556396484375,0.0267333984375
BTCUSDT,2025-02-11 00:00:00+00:00,97430.82,98478.42,94876.88,95778.2,18647.76379,1806534846.3863196,8594.50066,832320054.8763715,3716586,-0.01710748603028911,-0.000308990478515625,0.021604863590942713,-0.0269775390625,-0.015625,0.01611328125,0.02783203125
BTCUSDT,2025-02-12 00:00:00+00:00,95778.21,98119.99,94088.23,97869.99,29151.16625,2800142168.3943653,13820.70553,1328044257.0401335,4992737,0.021604863590942713,1.9311904907226562e-05,-0.012976962582639473,-0.02783203125,-0.01611328125,0.017333984375,0.029296875
BTCUSDT,2025-02-13 00:00:00+00:00,97870.0,98083.91,95217.36,96608.14,19921.77616,1916988246.3921185,8852.16215,851823567.0939348,3909456,-0.012976962582639473,-0.00025177001953125,0.009194298389878952,-0.02490234375,-0.01470947265625,0.01519775390625,0.026123046875
BTCUSDT,2025-02-14 00:00:00+00:00,96608.13,98826.0,96252.82,97500.48,18173.02646,1768073218.8690155,9061.31682,881925349.6444213,3499564,0.009194298389878952,-0.0005950927734375,0.0007092833675130805,-0.025634765625,-0.01495361328125,0.0150146484375,0.026611328125
BTCUSDT,2025-02-15 00:00:00+00:00,97500.47,97972.26,97223.58,97569.66,7349.37683,717245393.778092,3579.14202,349322778.2339769,1694327,0.0007092833675130805,-0.0002002716064453125,-0.014988732643857361,-0.0233154296875,-0.01336669921875,0.0137939453125,0.024169921875
BTCUSDT,2025-02-16 00:00:00+00:00,97569.67,97704.47,96046.18,96118.12,8191.4249,794694242.2949731,3719.73063,360842416.66441673,1596701,-0.014988732643857361,-0.0001926422119140625,-0.0035239568777996055,-0.0245361328125,-0.01422119140625,0.0146484375,0.025390625
BTCUSDT,2025-02-17 00:00:00+00:00,96118.12,97046.59,95205.0,95780.0,16492.0451,1584593526.1754677,8010.41565,769979077.1361973,2831237,-0.0035239568777996055,-0.000461578369140625,-0.0011309378701795936,-0.0255126953125,-0.01519775390625,0.0150146484375,0.026123046875
BTCUSDT,2025-02-18 00:00:00+00:00,95780.01,96753.91,93388.09,95671.74,23368.19471,2223994802.892005,11432.47367,1088319233.5219896,4234248,-0.0011309378701795936,0.0001697540283203125,0.010114995490717149,-0.0255126953125,-0.01470947265625,0.0159912109375,0.027587890625
BTCUSDT,2025-02-19 00:00:00+00:00,95671.74,96899.99,95029.99,96644.37,16438.50954,1576817572.1032505,7173.61807,688586919.9759259,2784225,0.010114995490717149,0.00011777877807617188,0.01703693802445372,-0.0228271484375,-0.01348876953125,0.0145263671875,0.0250244140625
BTCUSDT,2025-02-20 00:00:00+00:00,96644.37,98711.36,96415.09,98305.0,17057.39177,1663386824.7315507,8356.42859,815056614.173827,2386973,0.01703693802445372,0.0004711151123046875,-0.021832868521334703,-0.0234375,-0.013427734375,0.01446533203125,0.0244140625
BTCUSDT,2025-02-21 00:00:00+00:00,98305.01,99475.0,94871.95,96181.98,32249.2814,3143975917.573464,15313.58184,1493403646.8483028,4528525,-0.021832868521334703,0.0002231597900390625,0.0038294476827758217,-0.02392578125,-0.01348876953125,0.0145263671875,0.0250244140625
BTCUSDT,2025-02-22 00:00:00+00:00,96181.99,96980.0,95770.49,96551.01,11268.17708,1087077133.8226364,5293.28051,510722895.1675426,1506418,0.0038294476827758217,-0.0003566741943359375,-0.003039383123901729,-0.0252685546875,-0.0145263671875,0.0147705078125,0.025634765625
BTCUSDT,2025-02-23 00:00:00+00:00,96551.01,96650.0,95227.94,96258.0,10884.84913,1044392011.791024,4619.93267,443381984.4110255,1457368,-0.003039383123901729,-2.300739288330078e-05,-0.05011535775172149,-0.0257568359375,-0.0146484375,0.0157470703125,0.0272216796875
BTCUSDT,2025-02-24 00:00:00+00:00,96258.0,96500.0,91349.26,91552.88,31550.10299,2981809595.445377,14438.63366,1366473567.8747733,4972684,-0.05011535775172149,0.000209808349609375,-0.03187783350742457,-0.0296630859375,-0.0172119140625,0.0186767578125,0.03125
BTCUSDT,2025-02-25 00:00:00+00:00,91552.88,92540.69,86050.99,88680.4,78333.11111,6962982500.904473,35822.15275,3183981371.4750504,10289145,-0.03187783350742457,0.00055694580078125,-0.05124925785668921,-0.03369140625,-0.01953125,0.02197265625,0.037353515625
BTCUSDT,2025-02-26 00:00:00+00:00,88680.39,89414.15,82256.01,84250.09,56893.54409,4898429925.636476,28077.1845,2417690848.8189874,8490006,-0.05124925785668921,0.0006866455078125,0.005427257747781411,-0.0308837890625,-0.018310546875,0.020751953125,0.0341796875
BTCUSDT,2025-02-27 00:00:00+00:00,84250.09,87078.46,82716.49,84708.58,42505.45439,3618738891.222162,20355.71969,1732725913.2817628,6357581,0.005427257747781411,0.0002803802490234375,-0.004242797559088629,-0.029296875,-0.0169677734375,0.0184326171875,0.031005859375
BTCUSDT,2025-02-28 00:00:00+00:00,84708.57,85120.0,78258.52,84349.94,83648.03969,6806705236.69068,40224.85287,3274291175.8104,11344216,-0.004242797559088629,0.000270843505859375,0.020123266049919764,-0.02783203125,-0.0157470703125,0.017578125,0.0302734375
BTCUSDT,2025-03-01 00:00:00+00:00,84349.95,86558.0,83824.78,86064.53,25785.05464,2194003507.852643,11748.10769,1000093822.5383524,3700728,0.020123266049919764,0.0003204345703125,0.09106564168828868,-0.02978515625,-0.0167236328125,0.01904296875,0.031982421875
BTCUSDT,2025-03-02 00:00:00+00:00,86064.54,95000.0,85050.6,94270.0,54889.09045,4972549515.788669,29273.81031,2652973441.154539,7403218,0.09106564168828868,0.00299072265625,-0.08925376118948591,-0.03369140625,-0.018798828125,0.0269775390625,0.04443359375
BTCUSDT,2025-03-03 00:00:00+00:00,94269.99,94416.46,85117.11,86220.61,59171.10218,5321123743.471923,27915.4365,2513464571.356911,9797860,-0.08925376118948591,0.0020904541015625,0.01223478265846012,-0.03857421875,-0.0213623046875,0.027099609375,0.046875
BTCUSDT,2025-03-04 00:00:00+00:00,86221.16,88967.52,81500.0,87281.98,55609.10706,4704901219.590436,27584.7159,2335087296.239287,10326631,0.01223478265846012,0.0013275146484375,0.03737651951263388,-0.033447265625,-0.0191650390625,0.0228271484375,0.036865234375
BTCUSDT,2025-03-05 00:00:00+00:00,87281.98,91000.0,86334.53,90606.01,38264.01163,3400243670.304976,19230.28436,1709708737.4698937,8070266,0.03737651951263388,0.00135040283203125,-0.0074679403380368825,-0.032958984375,-0.0194091796875,0.0234375,0.037353515625
BTCUSDT,2025-03-06 00:00:00+00:00,90606.0,92810.64,87836.0,89931.89,34342.44902,3105145628.3993993,17283.99411,1563426526.4289935,7643526,-0.0074679403380368825,0.0010986328125,-0.03542582329824029,-0.031005859375,-0.0179443359375,0.0208740234375,0.033935546875
BTCUSDT,2025-03-07 00:00:00+00:00,89931.88,91283.02,84667.03,86801.75,57980.35713,5097554826.613157,28394.41537,2497922400.4504447,9510442,-0.03542582329824029,0.000598907470703125,-0.006696198157303712,-0.03125,-0.0184326171875,0.0205078125,0.033447265625
BTCUSDT,2025-03-08 00:00:00+00:00,86801.74,86897.25,85218.47,86222.45,12989.23054,1119358968.6520057,6491.56581,559581591.3470743,2553974,-0.006696198157303712,0.0004558563232421875,-0.06576620160006463,-0.0306396484375,-0.0177001953125,0.01904296875,0.031494140625
BTCUSDT,2025-03-09 00:00:00+00:00,86222.46,86500.0,80000.0,80734.37,26115.39345,2173552660.4544797,12093.87232,1006299692.7104127,5189138,-0.06576620160006463,-0.00037384033203125,-0.026845356703791623,-0.0419921875,-0.0245361328125,0.0242919921875,0.041259765625
BTCUSDT,2025-03-10 00:00:00+00:00,80734.48,84123.46,77459.91,78595.86,47633.38405,3834924947.7581854,22898.57072,1846606255.3521488,8701538,-0.026845356703791623,-0.0003490447998046875,0.053713906024732694,-0.04052734375,-0.02392578125,0.02294921875,0.039794921875
BTCUSDT,2025-03-11 00:00:00+00:00,78595.86,83617.4,76606.0,82932.99,48770.06853,3927000827.110792,24029.1677,1935950413.2018197,6983310,0.053713906024732694,0.000728607177734375,0.008968502033038561,-0.037841796875,-0.021484375,0.023193359375,0.0390625
BTCUSDT,2025-03-12 00:00:00+00:00,82932.99,84539.85,80607.65,83680.12,31933.986,2638600996.825396,15749.41702,1301890518.499408,5253577,0.008968502033038561,0.00037384033203125,-0.03112391755655608,-0.033447265625,-0.0194091796875,0.0203857421875,0.033447265625
BTCUSDT,2025-03-13 00:00:00+00:00,83680.12,84336.33,79939.9,81115.78,27546.27412,2260870111.2393894,13013.18135,1067945431.1219468,4367093,-0.03112391755655608,0.000896453857421875,0.034739262047200015,-0.0301513671875,-0.0172119140625,0.0194091796875,0.0322265625
BTCUSDT,2025-03-14 00:00:00+00:00,81115.78,85309.71,80818.84,83983.2,26858.52755,2244729595.541172,14082.88688,1177807467.01818,3290987,0.034739262047200015,0.00092315673828125,0.004220972745168083,-0.031005859375,-0.017822265625,0.0198974609375,0.0322265625
BTCUSDT,2025-03-15 00:00:00+00:00,83983.19,84676.28,83618.0,84338.44,11324.7332,953445671.8337504,5195.29128,437551330.253166,1329670,0.004220972745168083,0.00032806396484375,-0.021136472120495853,-0.0303955078125,-0.017822265625,0.0189208984375,0.03125
BTCUSDT,2025-03-16 00:00:00+00:00,84338.44,85117.04,81981.12,82574.53,17596.12531,1468056556.2967227,8505.95317,710037465.075748,2767947,-0.021136472120495853,-4.744529724121094e-05,0.017234917011720086,-0.031494140625,-0.018310546875,0.0191650390625,0.0322265625
BTCUSDT,2025-03-17 00:00:00+00:00,82574.52,84756.83,82456.0,84010.03,17214.74358,1437716814.046874,8387.89111,700505421.7877294,3014756,0.017234917011720086,-0.0004787445068359375,-0.015534869726955947,-0.03173828125,-0.0184326171875,0.0181884765625,0.0311279296875
BTCUSDT,2025-03-18 00:00:00+00:00,84010.02,84021.74,81134.66,82715.03,17610.89883,1450813055.479726,8047.23418,662808749.3427887,3126371,-0.015534869726955947,-0.00096893310546875,0.048734417578945255,-0.0311279296875,-0.0185546875,0.0174560546875,0.0303955078125
BTCUSDT,2025-03-19 00:00:00+00:00,82715.03,87000.0,82547.16,86845.94,28151.05374,2375813941.9437623,13804.24847,1166238970.2811463,3774761,0.048734417578945255,-0.0014190673828125,-0.0306630706836426,-0.033203125,-0.019775390625,0.017822265625,0.031005859375
BTCUSDT,2025-03-20 00:00:00+00:00,86845.93,87453.67,83655.23,84223.39,22090.30463,1885241921.155652,10163.59262,867440339.2962606,3252595,-0.0306630706836426,0.00015735626220703125,-0.001599409248855821,-0.0294189453125,-0.0172119140625,0.0179443359375,0.030029296875
BTCUSDT,2025-03-21 00:00:00+00:00,84223.38,84850.33,83175.25,84088.79,11956.97443,1005135519.2560016,5466.41961,459501348.0817583,2360005,-0.001599409248855821,-0.00148773193359375,-0.002956006634818209,-0.0299072265625,-0.0184326171875,0.016357421875,0.028564453125
BTCUSDT,2025-03-22 00:00:00+00:00,84088.79,84539.17,83625.1,83840.59,5420.22114,456235443.80165213,2284.19178,192291026.7874248,864481,-0.002956006634818209,-0.000766754150390625,0.02638888098096004,-0.0301513671875,-0.0181884765625,0.0172119140625,0.029296875
BTCUSDT,2025-03-23 00:00:00+00:00,83840.59,86129.64,83809.75,86082.5,8461.97813,718692319.1499039,4424.81013,376007261.5213597,1206533,0.02638888098096004,-0.0003643035888671875,0.01631162582836687,-0.0306396484375,-0.0185546875,0.0184326171875,0.0306396484375
BTCUSDT,2025-03-24 00:00:00+00:00,86082.5,88765.43,85519.09,87498.16,30115.62111,2636765917.9518437,14379.95578,1258638667.112904,2916713,0.01631162582836687,0.0003910064697265625,-0.001204064184658904,-0.03076171875,-0.0181884765625,0.0194091796875,0.031494140625
BTCUSDT,2025-03-25 00:00:00+00:00,87498.16,88539.63,86310.0,87392.87,22643.25248,1979571590.8982935,9440.56294,825308072.6337814,2802815,-0.001204064184658904,-9.72747802734375e-05,-0.005550150091920614,-0.03125,-0.0184326171875,0.0189208984375,0.031982421875
BTCUSDT,2025-03-26 00:00:00+00:00,87392.88,88275.0,85860.0,86909.17,18408.78485,1606406955.5864632,8590.97753,749604853.2968135,2380154,-0.005550150091920614,-0.0003528594970703125,0.003707800416433926,-0.030517578125,-0.0181884765625,0.0177001953125,0.030517578125
BTCUSDT,2025-03-27 00:00:00+00:00,86909.17,87756.39,85800.0,87232.01,17098.03897,1487968807.7079022,8185.05517,712324893.2889168,2376381,0.003707800416433926,0.000926971435546875,-0.03271512826249534,-0.021728515625,-0.0120849609375,0.01434326171875,0.0240478515625
BTCUSDT,2025-03-28 00:00:00+00:00,87232.01,87515.67,83585.0,84424.38,27182.73169,2309946560.6641135,11274.83736,958523321.8112733,3236085,-0.03271512826249534,0.00037384033203125,-0.021259063189173588,-0.0260009765625,-0.0150146484375,0.01611328125,0.0267333984375
BTCUSDT,2025-03-29 00:00:00+00:00,84424.38,84624.73,81644.81,82648.54,11696.39864,970199917.9868717,5621.60485,466215575.48490685,2172387,-0.021259063189173588,-0.0004558563232421875,-0.003133210305684031,-0.031005859375,-0.0185546875,0.0181884765625,0.0308837890625
BTCUSDT,2025-03-30 00:00:00+00:00,82648.53,83534.64,81565.0,82389.99,9864.49508,816584795.5288126,4725.07105,391214080.11011606,1907663,-0.003133210305684031,-0.00011873245239257812,0.00194034255129516,-0.0303955078125,-0.017578125,0.017822265625,0.0302734375
BTCUSDT,2025-03-31 00:00:00+00:00,82390.0,83943.08,81278.52,82550.01,20569.13885,1696009191.0809648,9912.88184,817875871.1107411,3964358,0.00194034255129516,-0.00019359588623046875,0.031108055610872043,-0.029541015625,-0.017333984375,0.0169677734375,0.0286865234375
BTCUSDT,2025-04-01 00:00:00+00:00,82550.0,85579.46,82432.74,85158.34,20190.39697,1698895702.5754683,10246.42648,862302772.4330863,3328693,0.031108055610872043,2.5272369384765625e-05,-0.0315166187211986,-0.030029296875,-0.017578125,0.0179443359375,0.0302734375
BTCUSDT,2025-04-02 00:00:00+00:00,85158.35,88500.0,82320.0,82516.29,39931.457,3417279759.830764,20739.67809,1777735583.840748,5338238,-0.0315166187211986,-0.00016021728515625,0.008408938788086573,-0.03173828125,-0.018798828125,0.018798828125,0.031494140625
BTCUSDT,2025-04-03 00:00:00+00:00,82516.28,83998.02,81211.24,83213.09,27337.84135,2259299724.8643928,13951.52792,1153439398.6198013,4117486,0.008408938788086573,-0.0002803802490234375,0.008100200026058602,-0.0308837890625,-0.0184326171875,0.0184326171875,0.0311279296875
BTCUSDT,2025-04-04 00:00:00+00:00,83213.09,84720.0,81659.0,83889.87,32915.53976,2739842666.426737,15896.18779,1323832046.264688,4992586,0.008100200026058602,9.250640869140625e-05,-0.004203368759458925,-0.029052734375,-0.0169677734375,0.017578125,0.0291748046875
BTCUSDT,2025-04-05 00:00:00+00:00,83889.87,84266.0,82379.95,83537.99,9360.40468,779626577.9013437,4029.64658,335654613.7277184,1575750,-0.004203368759458925,5.459785461425781e-05,-0.06309499122461837,-0.029296875,-0.0169677734375,0.0172119140625,0.029052734375
BTCUSDT,2025-04-06 00:00:00+00:00,83537.99,83817.63,77153.83,78430.0,27942.71436,2239085051.1529646,12493.8449,1001459573.494466,3948493,-0.06309499122461837,0.000225067138671875,0.009305542434695724,-0.03515625,-0.020751953125,0.021484375,0.035400390625
BTCUSDT,2025-04-07 00:00:00+00:00,78430.0,81243.58,74508.0,79163.24,78387.53089,6084614024.150647,39075.84274,3034375055.6843963,9736596,0.009305542434695724,-0.00043487548828125,-0.03654531442655973,-0.036376953125,-0.0220947265625,0.021240234375,0.035400390625
BTCUSDT,2025-04-08 00:00:00+00:00,79163.24,80867.99,76239.9,76322.42,35317.32063,2775277777.102461,15704.73031,1235370767.1153505,5512751,-0.03654531442655973,-0.00011920928955078125,0.079227189821367,-0.032958984375,-0.02001953125,0.0203857421875,0.033203125
BTCUSDT,2025-04-09 00:00:00+00:00,76322.42,83588.0,74620.0,82615.22,75488.28772,5980231256.222496,39491.62958,3137004042.959261,7741252,0.079227189821367,0.00109100341796875,-0.037088127865999354,-0.033203125,-0.0196533203125,0.0225830078125,0.03564453125
BTCUSDT,2025-04-10 00:00:00+00:00,82615.22,82753.21,78464.36,79607.3,33284.80718,2690294353.847842,16339.9191,1321475356.0200849,4529545,-0.037088127865999354,0.000690460205078125,0.04682832264786185,-0.0294189453125,-0.0172119140625,0.0186767578125,0.0306396484375
BTCUSDT,2025-04-11 00:00:00+00:00,79607.3,84300.0,78969.58,83423.84,34435.43797,2830363945.1787524,18019.58367,1482515278.9177043,4423157,0.04682832264786185,-5.662441253662109e-06,0.021969489076607118,-0.03271484375,-0.0191650390625,0.0196533203125,0.0322265625
BTCUSDT,2025-04-12 00:00:00+00:00,83423.83,85905.0,82792.95,85276.9,18470.74437,1557403252.9267516,9526.72644,803747272.783468,2501196,0.021969489076607118,0.0004100799560546875,-0.017948042350266036,-0.0322265625,-0.0191650390625,0.02001953125,0.032470703125
BTCUSDT,2025-04-13 00:00:00+00:00,85276.91,86100.0,83034.23,83760.0,24680.04181,2086106375.4392557,11658.67909,986303246.0931836,3275879,-0.017948042350266036,0.0004062652587890625,0.00987916790997545,-0.033203125,-0.019287109375,0.02099609375,0.0341796875
BTCUSDT,2025-04-14 00:00:00+00:00,83760.0,85799.99,83678.0,84591.58,28659.09348,2429132805.0815287,15196.58929,1288815999.1406171,3921522,0.00987916790997545,-0.0002613067626953125,-0.011265156602012993,-0.033935546875,-0.0201416015625,0.020263671875,0.03369140625
BTCUSDT,2025-04-15 00:00:00+00:00,84591.58,86496.42,83600.0,83643.99,20910.99528,1780972414.3956008,10439.36072,889895753.1673651,2910533,-0.011265156602012993,-0.0002899169921875,0.004608822254111189,-0.031494140625,-0.0189208984375,0.0191650390625,0.03271484375
BTCUSDT,2025-04-16 00:00:00+00:00,83643.99,85500.0,83111.64,84030.38,20867.24519,1753910031.2009242,10456.769,878939829.4848368,3264730,0.004608822254111189,7.104873657226562e-05,0.010859844983459155,-0.0274658203125,-0.0162353515625,0.0169677734375,0.0279541015625
BTCUSDT,2025-04-17 00:00:00+00:00,84030.38,85470.01,83736.26,84947.91,13728.84772,1161659427.386263,6424.41565,543726754.4187016,2003405,0.010859844983459155,0.000270843505859375,-0.005586282238965623,-0.0260009765625,-0.01519775390625,0.01611328125,0.0264892578125
BTCUSDT,2025-04-18 00:00:00+00:00,84947.92,85132.08,84303.96,84474.69,6529.96315,552648483.6474872,2911.78856,246467088.2621466,840009,-0.005586282238965623,-0.000492095947265625,0.007104883451191313,-0.0260009765625,-0.01507568359375,0.01446533203125,0.0250244140625
BTCUSDT,2025-04-19 00:00:00+00:00,84474.7,85677.99,84364.45,85077.01,9666.58153,823222752.2842493,5416.30087,461342923.999082,875226,0.007104883451191313,-0.0007476806640625,0.0012008958529978742,-0.0302734375,-0.017822265625,0.017333984375,0.0296630859375
BTCUSDT,2025-04-20 00:00:00+00:00,85077.0,85320.76,83949.52,85179.24,8091.67725,685253644.8918362,3843.48314,325482835.7378329,944130,0.0012008958529978742,-0.000274658203125,0.027066519704467495,-0.0279541015625,-0.0164794921875,0.0164794921875,0.02783203125
BTCUSDT,2025-04-21 00:00:00+00:00,85179.24,88465.99,85144.76,87516.23,31773.37262,2773299591.467066,17216.39877,1502705225.134135,3041395,0.027066519704467495,0.000396728515625,0.06552725583428476,-0.02880859375,-0.01708984375,0.0179443359375,0.02978515625
BTCUSDT,2025-04-22 00:00:00+00:00,87516.22,93888.0,87076.03,93442.99,43872.74705,3967785064.1281695,22777.77047,2062639579.2030852,3268475,0.06552725583428476,0.00136566162109375,0.0026514695623873763,-0.034423828125,-0.0206298828125,0.024169921875,0.03857421875
BTCUSDT,2025-04-23 00:00:00+00:00,93442.99,94696.05,91935.41,93691.08,27404.16808,2560279933.947952,13128.05774,1226992558.5765462,3016536,0.0026514695623873763,0.001129150390625,0.003084007452041959,-0.032470703125,-0.0191650390625,0.021728515625,0.034912109375
BTCUSDT,2025-04-24 00:00:00+00:00,93691.07,94005.0,91660.01,93980.47,19497.06071,1811120137.314679,8565.18128,795787487.3608981,2797383,0.003084007452041959,0.00151824951171875,0.006979277255771521,-0.02978515625,-0.0174560546875,0.020751953125,0.032958984375
BTCUSDT,2025-04-25 00:00:00+00:00,93980.47,95758.04,92855.96,94638.68,27500.66648,2596877713.640173,13072.22136,1234153095.7292683,3331828,0.006979277255771521,0.0016021728515625,-0.00011285663183002725,-0.0279541015625,-0.015625,0.01904296875,0.0306396484375
BTCUSDT,2025-04-26 00:00:00+00:00,94638.68,95199.0,93870.69,94628.0,9415.06875,889627361.8414446,4156.22463,392757114.43835795,1475983,-0.00011285663183002725,0.000476837158203125,-0.00932921719418367,-0.03076171875,-0.0177001953125,0.0194091796875,0.03173828125
BTCUSDT,2025-04-27 00:00:00+00:00,94628.0,95369.0,93602.58,93749.3,11162.841,1052334792.1866188,5250.08719,495112239.1081697,1918160,-0.00932921719418367,0.00086212158203125,0.013370370730845238,-0.032470703125,-0.018310546875,0.0208740234375,0.03564453125
BTCUSDT,2025-04-28 00:00:00+00:00,93749.29,95630.0,92800.01,95011.18,22157.53351,2092532996.555172,11626.77592,1098667305.239998,3424740,0.013370370730845238,0.0010528564453125,-0.00797138443390999,-0.0322265625,-0.0179443359375,0.0206298828125,0.034423828125
BTCUSDT,2025-04-29 00:00:00+00:00,95011.18,95461.53,93742.54,94256.82,16955.3402,1607154803.4675477,7112.68469,674688527.813066,3020875,-0.00797138443390999,0.000812530517578125,-0.0009002869702090521,-0.0311279296875,-0.017578125,0.019775390625,0.033447265625
BTCUSDT,2025-04-30 00:00:00+00:00,94256.82,95228.45,92910.0,94172.0,17661.2751,1664825670.9831252,8393.2162,791272380.0312446,3214149,-0.0009002869702090521,0.0004367828369140625,0.024315545810010164,-0.028564453125,-0.01611328125,0.0174560546875,0.0291748046875
BTCUSDT,2025-05-01 00:00:00+00:00,94172.0,97424.02,94130.43,96489.91,21380.45343,2053857614.2732673,10925.87308,1049157198.8587636,2925716,0.024315545810010164,0.00140380859375,0.004108352658418468,-0.027099609375,-0.01507568359375,0.018310546875,0.0302734375
BTCUSDT,2025-05-02 00:00:00+00:00,96489.9,97895.68,96350.0,96887.14,14905.74811,1446387651.5840576,7440.33531,722022817.2246199,2698263,0.004108352658418468,0.00116729736328125,-0.010695349046804026,-0.0263671875,-0.0142822265625,0.0169677734375,0.028564453125
BTCUSDT,2025-05-03 00:00:00+00:00,96887.13,96935.67,95753.01,95856.42,9723.34838,935906144.9651498,3929.4049,378271292.4443145,1181239,-0.010695349046804026,0.0003108978271484375,-0.016607613109211883,-0.026611328125,-0.014892578125,0.016357421875,0.02783203125
BTCUSDT,2025-05-04 00:00:00+00:00,95856.42,96304.48,94151.38,94277.62,11036.38342,1053542403.8531588,4385.33486,418573470.8569623,1674726,-0.016607613109211883,4.482269287109375e-05,0.004825752587871435,-0.0289306640625,-0.016357421875,0.017822265625,0.0306396484375
BTCUSDT,2025-05-05 00:00:00+00:00,94277.61,95199.0,93514.1,94733.68,17251.18189,1626999380.1759968,8399.64855,792299650.3395202,2623300,0.004825752587871435,-0.000629425048828125,0.02192879243775714,-0.0289306640625,-0.0167236328125,0.0164794921875,0.0291748046875
BTCUSDT,2025-05-06 00:00:00+00:00,94733.68,96920.65,93377.0,96834.02,16122.64513,1526847764.5636683,7505.95734,711372483.6117135,2512960,0.02192879243775714,0.0006103515625,0.0020269832486352612,-0.02685546875,-0.015380859375,0.017333984375,0.02880859375
BTCUSDT,2025-05-07 00:00:00+00:00,96834.02,97732.0,95784.61,97030.5,16644.83854,1611730124.5924544,8316.74471,805430612.4055353,2849139,0.0020269832486352612,0.0004730224609375,0.062240212129403005,-0.025390625,-0.01416015625,0.015625,0.026611328125
BTCUSDT,2025-05-08 00:00:00+00:00,97030.5,104145.76,96876.29,103261.6,34962.02847,3508645830.5650144,18547.23009,1861334478.364427,4991147,0.062240212129403005,0.001373291015625,-0.002808564699583016,-0.029296875,-0.0169677734375,0.020751953125,0.033447265625
BTCUSDT,2025-05-09 00:00:00+00:00,103261.61,104361.3,102315.14,102971.99,27617.39907,2847518447.981513,14525.20381,1497826622.326188,4406929,-0.002808564699583016,0.000751495361328125,0.01768769336789866,-0.0291748046875,-0.0164794921875,0.0189208984375,0.031494140625
BTCUSDT,2025-05-10 00:00:00+00:00,102971.99,104984.57,102818.76,104809.53,15324.78611,1588386278.502415,8258.23478,856095289.5216646,2227845,0.01768769336789866,0.00142669677734375,-0.0066198315306778,-0.027587890625,-0.01611328125,0.019775390625,0.031982421875
BTCUSDT,2025-05-11 00:00:00+00:00,104809.53,104972.0,103345.06,104118.0,17987.12197,1873381777.2124252,9071.95578,944903285.107308,3100176,-0.0066198315306778,0.00147247314453125,-0.012823957677925435,-0.0274658203125,-0.01519775390625,0.0189208984375,0.031005859375
BTCUSDT,2025-05-12 00:00:00+00:00,104118.0,105819.45,100718.37,102791.32,31272.77792,3242348937.383069,16455.99797,1707457796.5881395,5298407,-0.012823957677925435,0.00067901611328125,0.012686796194268268,-0.0322265625,-0.0185546875,0.0206298828125,0.034423828125
BTCUSDT,2025-05-13 00:00:00+00:00,102791.32,104976.25,101429.7,104103.72,21253.42409,2197244118.1523666,10705.97845,1106609664.707795,3703531,0.012686796194268268,0.000797271728515625,-0.005740544445961504,-0.0308837890625,-0.0174560546875,0.02001953125,0.035400390625
BTCUSDT,2025-05-14 00:00:00+00:00,104103.72,104356.95,102602.05,103507.82,16452.9081,1704708279.3884108,8026.03333,831783471.654361,3025221,-0.005740544445961504,0.000797271728515625,0.0024691295519918555,-0.0274658203125,-0.0155029296875,0.017333984375,0.029296875
BTCUSDT,2025-05-15 00:00:00+00:00,103507.83,104192.7,101383.07,103763.71,17998.98604,1850183474.529204,8475.18036,871244345.564136,4139477,0.0024691295519918555,0.00095367431640625,-0.0028935353660735075,-0.0220947265625,-0.0120849609375,0.01470947265625,0.0250244140625
BTCUSDT,2025-05-16 00:00:00+00:00,103763.71,104550.33,103100.49,103463.9,15683.88024,1628832372.324148,7555.15801,784850382.1942747,3237442,-0.0028935353660735075,0.00032806396484375,-0.003264915065875229,-0.016845703125,-0.0089111328125,0.01025390625,0.018798828125
BTCUSDT,2025-05-17 00:00:00+00:00,103463.9,103709.86,102612.5,103126.65,11250.89622,1160418362.950618,5335.11525,550379728.7338501,2568597,-0.003264915065875229,0.000446319580078125,0.031757564800075855,-0.0218505859375,-0.0118408203125,0.0137939453125,0.0242919921875
BTCUSDT,2025-05-18 00:00:00+00:00,103126.65,106660.0,103105.09,106454.26,21599.98726,2262214972.0749383,11664.89904,1221914552.0552013,3193300,0.031757564800075855,0.0013885498046875,-0.008305743221750816,-0.025634765625,-0.01416015625,0.01806640625,0.029541015625
BTCUSDT,2025-05-19 00:00:00+00:00,106454.27,107108.62,102000.0,105573.74,30260.03524,3150324504.595452,14208.309,1480452895.0841563,4881371,-0.008305743221750816,0.0005645751953125,0.012016222070837301,-0.0263671875,-0.014892578125,0.0172119140625,0.0291748046875
BTCUSDT,2025-05-20 00:00:00+00:00,105573.73,107320.0,104184.72,106849.99,23705.48275,2509102444.6695986,12350.46275,1307273652.3895233,3878351,0.012016222070837301,0.000560760498046875,0.02581277442421026,-0.0252685546875,-0.0142822265625,0.0166015625,0.02783203125
BTCUSDT,2025-05-21 00:00:00+00:00,106850.0,110797.38,106100.01,109643.99,45531.040345,4914709514.320026,23661.649395,2555528481.098726,6835279,0.02581277442421026,0.000896453857421875,0.018544112729196982,-0.0272216796875,-0.015869140625,0.0185546875,0.031005859375
BTCUSDT,2025-05-22 00:00:00+00:00,109643.99,111980.0,109177.37,111696.21,31630.77313,3509432834.573417,16584.56293,1840083098.5827856,5794216,0.018544112729196982,0.0015869140625,-0.03998359037453092,-0.0255126953125,-0.01458740234375,0.0184326171875,0.0296630859375
BTCUSDT,2025-05-23 00:00:00+00:00,111696.22,111800.0,106800.0,107318.3,31737.72309,3469704446.3904047,14309.31652,1565622441.187517,5251192,-0.03998359037453092,0.00146484375,0.004125071563271021,-0.0267333984375,-0.0152587890625,0.0184326171875,0.0299072265625
BTCUSDT,2025-05-24 00:00:00+00:00,107318.3,109506.03,106875.41,107761.91,16782.53129,1819958819.7748585,8786.90747,953683093.321657,2805418,0.004125071563271021,0.000782012939453125,0.011462065339149063,-0.0281982421875,-0.0162353515625,0.0184326171875,0.0303955078125
BTCUSDT,2025-05-25 00:00:00+00:00,107761.9,109299.99,106600.64,109004.19,17710.04695,1904366455.425858,7867.16712,846688135.0097136,3151168,0.011462065339149063,0.0012969970703125,0.003942524889582799,-0.0277099609375,-0.0157470703125,0.01904296875,0.031494140625
BTCUSDT,2025-05-26 00:00:00+00:00,109004.2,110422.22,108670.58,109434.79,14649.11593,1605578282.1079032,7301.11288,800269021.1922797,2887863,0.003942524889582799,0.00138092041015625,-0.004548373170013775,-0.0260009765625,-0.01470947265625,0.0181884765625,0.029541015625
BTCUSDT,2025-05-27 00:00:00+00:00,109434.78,110718.0,107516.57,108938.17,21276.65635,2327603851.1192646,9969.89271,1090553624.461599,3735509,-0.004548373170013775,0.00113677978515625,-0.010671846084497005,-0.02490234375,-0.013916015625,0.0169677734375,0.0281982421875
BTCUSDT,2025-05-28 00:00:00+00:00,108938.17,109284.7,106769.43,107781.78,15633.78829,1689136748.5130312,6877.27341,743282966.7207197,2933262,-0.010671846084497005,0.000640869140625,-0.02054732532520731,-0.026611328125,-0.0150146484375,0.0164794921875,0.028076171875
BTCUSDT,2025-05-29 00:00:00+00:00,107781.78,108891.91,105322.86,105589.75,19834.70116,2128639017.5081615,9457.49356,1015173771.5489898,3774926,-0.02054732532520731,0.00058746337890625,-0.015310028157546895,-0.024169921875,-0.01336669921875,0.0142822265625,0.0247802734375
BTCUSDT,2025-05-30 00:00:00+00:00,105589.75,106313.12,103621.0,103985.48,23706.49799,2493078549.591861,11070.98746,1164158558.6435854,4307572,-0.015310028157546895,0.000202178955078125,0.00581464554481137,-0.02099609375,-0.01141357421875,0.01226806640625,0.0216064453125
BTCUSDT,2025-05-31 00:00:00+00:00,103985.47,104900.0,103068.55,104591.88,11289.35922,1174000801.507038,5278.95175,548980630.8493577,2343787,0.00581464554481137,-7.05718994140625e-05,0.009998903196041908,-0.02392578125,-0.01324462890625,0.0135498046875,0.02392578125
BTCUSDT,2025-06-01 00:00:00+00:00,104591.88,105866.91,103752.49,105642.93,9709.70006,1016188486.9505996,4640.3507,485683466.9347843,1939359,0.009998903196041908,9.822845458984375e-05,0.0020336561573319756,-0.0244140625,-0.01361083984375,0.01483154296875,0.0260009765625
BTCUSDT,2025-06-02 00:00:00+00:00,105642.93,105935.63,103659.88,105857.99,13453.98813,1409004206.9863732,6494.65497,680177826.6144172,2997656,0.0020336561573319756,0.000492095947265625,-0.004555126803575504,-0.027587890625,-0.015380859375,0.017333984375,0.03125
BTCUSDT,2025-06-03 00:00:00+00:00,105858.0,106794.67,104872.5,105376.89,13259.52634,1402493746.5993218,6260.22436,662160926.8241225,2470698,-0.004555126803575504,0.0006256103515625,-0.00647422512636453,-0.0242919921875,-0.01336669921875,0.01531982421875,0.0263671875
BTCUSDT,2025-06-04 00:00:00+00:00,105376.9,106000.0,104179.0,104696.86,14034.89482,1476928482.368878,6979.9491,734803757.4185839,2274464,-0.00647422512636453,-0.0003299713134765625,-0.030924814911037046,-0.0234375,-0.01324462890625,0.0135498046875,0.0240478515625
BTCUSDT,2025-06-05 00:00:00+00:00,104696.86,105909.71,100372.26,101508.68,22321.50154,2301567892.5305448,10005.36019,1031668517.0427113,3963295,-0.030924814911037046,0.0003795623779296875,0.027016209665029933,-0.02392578125,-0.0135498046875,0.01531982421875,0.0262451171875
BTCUSDT,2025-06-06 00:00:00+00:00,101508.69,105333.0,101095.8,104288.44,15839.07385,1642382404.9355752,7655.60679,793575821.4357933,2709327,0.027016209665029933,0.00051116943359375,0.012044621848145809,-0.0240478515625,-0.01336669921875,0.0152587890625,0.0260009765625
BTCUSDT,2025-06-07 00:00:00+00:00,104288.43,105900.0,103871.09,105552.15,8344.93206,877915380.954823,3970.01912,417664199.1912712,1402494,0.012044621848145809,0.0004138946533203125,0.0017213626629395407,-0.0245361328125,-0.0140380859375,0.015625,0.0267333984375
BTCUSDT,2025-06-08 00:00:00+00:00,105552.15,106488.14,104964.14,105734.0,8048.06305,850887129.4282976,4361.42266,461098506.088324,1295154,0.0017213626629395407,0.000453948974609375,0.04194209634941082,-0.0245361328125,-0.013916015625,0.0155029296875,0.0264892578125
BTCUSDT,2025-06-09 00:00:00+00:00,105734.01,110530.17,105318.37,110263.02,19975.37451,2154922022.221173,10623.88217,1146790065.5135615,2839846,0.04194209634941082,0.000743865966796875,0.00010311175786625881,-0.0272216796875,-0.01611328125,0.0185546875,0.030517578125
BTCUSDT,2025-06-10 00:00:00+00:00,110263.02,110400.0,108331.03,110274.39,17071.82839,1867620550.1921728,8009.29581,876411274.3969488,3003420,0.00010311175786625881,0.00124359130859375,-0.014884923520730453,-0.0267333984375,-0.0152587890625,0.018310546875,0.0303955078125
BTCUSDT,2025-06-11 00:00:00+00:00,110274.39,110392.01,108064.0,108645.12,13115.91638,1434884639.7506304,6030.96867,659947218.0033869,2667014,-0.014884923520730453,0.00067901611328125,-0.027749388787279727,-0.0252685546875,-0.0147705078125,0.0167236328125,0.0277099609375
BTCUSDT,2025-06-12 00:00:00+00:00,108645.13,108813.55,105671.72,105671.73,17778.67218,1908309274.0868344,8291.22648,890420511.4704415,3517420,-0.027749388787279727,0.000804901123046875,0.003729702377263777,-0.0235595703125,-0.013427734375,0.01556396484375,0.0257568359375
BTCUSDT,2025-06-13 00:00:00+00:00,105671.74,106179.53,102664.31,106066.59,26180.81734,2735461890.6929703,12793.70705,1337300355.9952192,5452577,0.003729702377263777,0.000812530517578125,-0.006165578527108195,-0.017822265625,-0.009765625,0.0115966796875,0.019775390625
BTCUSDT,2025-06-14 00:00:00+00:00,106066.59,106252.0,104300.0,105414.64,8798.93969,925568614.1784064,3848.55498,405001275.9262716,1521776,-0.006165578527108195,-0.00019168853759765625,0.0017001202861059994,-0.01806640625,-0.00994873046875,0.0091552734375,0.0164794921875
BTCUSDT,2025-06-15 00:00:00+00:00,105414.63,106128.57,104494.53,105594.01,7164.20047,754596887.8748003,3356.46912,353608577.6853774,1564768,0.0017001202861059994,9.775161743164062e-05,0.011305061807508565,-0.0203857421875,-0.01129150390625,0.01190185546875,0.0211181640625
BTCUSDT,2025-06-16 00:00:00+00:00,105594.02,108952.38,104980.37,106794.53,14922.6654,1599849840.7325244,7442.34921,797865030.1366178,2928998,0.011305061807508565,0.00048828125,-0.02123009135616627,-0.02490234375,-0.01409912109375,0.015625,0.0264892578125
BTCUSDT,2025-06-17 00:00:00+00:00,106794.53,107771.34,103371.02,104551.17,17866.33025,1883173484.8991,8082.6529,852365443.211356,3723010,-0.02123009135616627,0.00019741058349609375,0.00320486604513448,-0.0291748046875,-0.0167236328125,0.01708984375,0.0303955078125
BTCUSDT,2025-06-18 00:00:00+00:00,104551.17,105550.27,103500.0,104886.78,13968.64167,1461383024.362209,6656.31474,696386846.6904296,3468170,0.00320486604513448,4.029273986816406e-05,-0.0021779540173216816,-0.02734375,-0.0157470703125,0.01611328125,0.0281982421875
BTCUSDT,2025-06-19 00:00:00+00:00,104886.79,105226.17,103929.27,104658.59,7678.60737,803402575.962045,3583.19736,374871407.41073346,1718045,-0.0021779540173216816,0.000331878662109375,-0.01308561061098601,-0.0223388671875,-0.0123291015625,0.01361083984375,0.023681640625
BTCUSDT,2025-06-20 00:00:00+00:00,104658.59,106524.65,102345.0,103297.99,16419.06283,1714411911.0114017,7113.97039,743649283.0800211,3029404,-0.01308561061098601,0.00011920928955078125,-0.01146922774935355,-0.0198974609375,-0.01116943359375,0.01220703125,0.0216064453125
BTCUSDT,2025-06-21 00:00:00+00:00,103297.98,103982.64,100837.9,102120.01,11154.21332,1144829784.7306418,4632.93703,475270667.42267615,2172578,-0.01146922774935355,-0.00037384033203125,-0.011385960226361291,-0.021728515625,-0.01239013671875,0.01287841796875,0.0230712890625
BTCUSDT,2025-06-22 00:00:00+00:00,102120.02,103399.62,98200.0,100963.87,28746.41072,2892695407.808688,13142.02965,1322387353.31664,5121309,-0.011385960226361291,-0.0004520416259765625,0.04237285938879154,-0.02294921875,-0.0130615234375,0.01409912109375,0.025390625
BTCUSDT,2025-06-23 00:00:00+00:00,100963.87,106074.2,99613.33,105333.93,27666.50609,2836166831.044449,13408.20163,1375654853.258466,4944207,0.04237285938879154,-2.944469451904297e-05,0.007086217120932048,-0.02734375,-0.01611328125,0.017333984375,0.0296630859375
BTCUSDT,2025-06-24 00:00:00+00:00,105333.94,106290.0,104622.02,106083.0,14651.69335,1543451113.4563613,6848.32158,721631005.2893264,2973481,0.007086217120932048,0.0003414154052734375,0.011784963544526406,-0.02587890625,-0.01470947265625,0.01611328125,0.0277099609375
BTCUSDT,2025-06-25 00:00:00+00:00,106083.0,108135.3,105808.03,107340.58,16701.15551,1789545470.94629,8576.13709,919352853.806412,2988892,0.011784963544526406,0.000274658203125,-0.003672824455673407,-0.025634765625,-0.0146484375,0.0157470703125,0.0267333984375
BTCUSDT,2025-06-26 00:00:00+00:00,107340.59,108272.45,106562.5,106947.06,10573.27279,1136093974.6816013,4983.08998,535471528.1944927,2597742,-0.003672824455673407,0.0002613067626953125,0.000939556268303221,-0.0233154296875,-0.01318359375,0.01434326171875,0.0247802734375
BTCUSDT,2025-06-27 00:00:00+00:00,106947.06,107735.34,106356.76,107047.59,12232.44042,1308420348.9100096,4862.2801,520251258.3787664,2304499,0.000939556268303221,-0.00014591217041015625,0.0023252311283279425,-0.0203857421875,-0.01171875,0.011962890625,0.0213623046875
BTCUSDT,2025-06-28 00:00:00+00:00,107047.58,107577.75,106811.51,107296.79,3282.17352,352025390.60311353,1514.41959,162441164.0132396,653305,0.0023252311283279425,0.0001316070556640625,0.009831952261780685,-0.019287109375,-0.01055908203125,0.01141357421875,0.0205078125
BTCUSDT,2025-06-29 00:00:00+00:00,107296.79,108528.5,107172.52,108356.93,6831.7364,736708189.9495683,3771.10895,406653127.0920804,1223202,0.009831952261780685,0.00060272216796875,-0.011233628430861842,-0.0198974609375,-0.01092529296875,0.012939453125,0.02197265625
BTCUSDT,2025-06-30 00:00:00+00:00,108356.93,108789.99,106733.33,107146.5,9754.12491,1050407152.345058,4331.3813,466474537.7882122,1773485,-0.011233628430861842,0.000591278076171875,-0.013770609458806149,-0.0238037109375,-0.0133056640625,0.015380859375,0.02783203125
BTCUSDT,2025-07-01 00:00:00+00:00,107146.51,107540.0,105250.85,105681.14,10505.62437,1117432945.8926365,4648.91727,494549276.18377846,2013289,-0.013770609458806149,0.00028228759765625,0.02954066545374623,-0.025634765625,-0.0145263671875,0.016357421875,0.0302734375
BTCUSDT,2025-07-02 00:00:00+00:00,105681.13,109730.0,105100.19,108849.6,17691.89592,1915699005.8772895,9248.43029,1002261738.2088752,2444708,0.02954066545374623,0.0003414154052734375,0.006731383365641719,-0.026123046875,-0.01507568359375,0.01611328125,0.0283203125
BTCUSDT,2025-07-03 00:00:00+00:00,108849.59,110529.18,108530.4,109584.78,13047.08225,1429459048.638326,6961.89686,763022147.911677,2568944,0.006731383365641719,0.0004062652587890625,-0.014713205707566956,-0.0179443359375,-0.00970458984375,0.01092529296875,0.019287109375
BTCUSDT,2025-07-04 00:00:00+00:00,109584.77,109767.59,107245.0,107984.24,11793.86615,1276215111.6683652,4787.79822,518313226.966756,1975212,-0.014713205707566956,0.0003070831298828125,0.001978700480306017,-0.0181884765625,-0.00970458984375,0.01123046875,0.0203857421875
BTCUSDT,2025-07-05 00:00:00+00:00,107984.25,108420.56,107756.31,108198.12,3736.9757,403928702.1967476,1803.68528,194976807.36330113,710020,0.001978700480306017,0.00030517578125,0.009252236497324873,-0.02099609375,-0.0115966796875,0.0133056640625,0.0230712890625
BTCUSDT,2025-07-06 00:00:00+00:00,108198.12,109700.0,107800.01,109203.84,6447.607,700733299.51122,3209.35902,348780644.233174,1256591,0.009252236497324873,0.00023555755615234375,-0.008653329682976718,-0.0211181640625,-0.011962890625,0.013427734375,0.023193359375
BTCUSDT,2025-07-07 00:00:00+00:00,109203.85,109700.0,107513.2,108262.94,9405.37601,1020848316.0537041,3920.92229,425664101.8022387,1961940,-0.008653329682976718,0.00014400482177734375,0.006078129116499298,-0.0213623046875,-0.0118408203125,0.01318359375,0.0234375
BTCUSDT,2025-07-08 00:00:00+00:00,108262.94,109216.56,107429.57,108922.98,9216.0208,1000112813.4398944,4371.98866,474674358.9974899,1723244,0.006078129116499298,0.00011777877807617188,0.020994973616712542,-0.021484375,-0.01214599609375,0.01312255859375,0.023193359375
BTCUSDT,2025-07-09 00:00:00+00:00,108922.99,111999.79,108324.53,111233.99,17282.2865,1902054744.194924,8935.70327,983405508.7482138,2328484,0.020994973616712542,0.0004215240478515625,0.04204039370937984,-0.0233154296875,-0.01336669921875,0.01495361328125,0.025634765625
BTCUSDT,2025-07-10 00:00:00+00:00,111234.0,116868.0,110500.0,116010.0,24883.450665,2826460280.445224,12900.135467,1465777460.9410756,3227017,0.04204039370937984,0.000354766845703125,0.012997315848982893,-0.02392578125,-0.013916015625,0.015625,0.0264892578125
BTCUSDT,2025-07-11 00:00:00+00:00,116010.01,118869.98,115222.22,117527.66,25873.521148,3039521803.027247,12502.931168,1468374333.9502125,3708194,0.012997315848982893,0.0011444091796875,-0.0009164595002584264,-0.022216796875,-0.0126953125,0.0155029296875,0.025634765625
BTCUSDT,2025-07-12 00:00:00+00:00,117527.66,118200.0,116900.05,117420.0,8446.60437,993093353.4068904,3784.55219,444996040.90597874,1441851,-0.0009164595002584264,0.000919342041015625,0.01409404479001175,-0.022705078125,-0.012939453125,0.01544189453125,0.02587890625
BTCUSDT,2025-07-13 00:00:00+00:00,117420.0,119488.0,117224.79,119086.64,9550.792947,1132096857.0116916,4766.474307,565024389.3723919,1650283,0.01409404479001175,0.001434326171875,0.006316070756330561,-0.0205078125,-0.0115966796875,0.01544189453125,0.0252685546875
BTCUSDT,2025-07-14 00:00:00+00:00,119086.65,123218.0,118905.18,119841.18,27269.348877,3299746181.077073,14099.580747,1705505292.664724,4076133,0.006316070756330561,0.00138092041015625,-0.017534930762700185,-0.0213623046875,-0.01177978515625,0.015380859375,0.025390625
BTCUSDT,2025-07-15 00:00:00+00:00,119841.17,119940.83,115736.92,117758.09,32018.46083,3755258445.553272,15667.30508,1837578524.9238648,3805374,-0.017534930762700185,0.000701904296875,0.007380594962262066,-0.0252685546875,-0.014404296875,0.0162353515625,0.0283203125
BTCUSDT,2025-07-16 00:00:00+00:00,117758.08,120063.84,117017.29,118630.43,17039.90851,2023850383.7234876,8355.96881,992430971.3675904,2429625,0.007380594962262066,0.0007171630859375,0.004601451493543962,-0.023193359375,-0.0130615234375,0.01446533203125,0.0252685546875
BTCUSDT,2025-07-17 00:00:00+00:00,118630.44,120998.71,117453.57,119177.56,15728.57651,1869114355.1231644,7696.17927,914659207.5744278,2347985,0.004601451493543962,0.00112152099609375,-0.010567009500656255,-0.0174560546875,-0.00927734375,0.01190185546875,0.020263671875
BTCUSDT,2025-07-18 00:00:00+00:00,119177.56,120820.71,116812.76,117924.84,19924.66266,2367355518.470308,8951.37863,1063782057.4785626,2805236,-0.010567009500656255,0.00042724609375,-0.000719700220457753,-0.016357421875,-0.0086669921875,0.0101318359375,0.018310546875
BTCUSDT,2025-07-19 00:00:00+00:00,117924.84,118499.9,117277.34,117840.0,6635.80306,783327898.4969696,2978.3832,351626384.05029035,1133382,-0.000719700220457753,-0.00026702880859375,-0.00489041791811573,-0.0162353515625,-0.00872802734375,0.0084228515625,0.0157470703125
BTCUSDT,2025-07-20 00:00:00+00:00,117840.01,118856.8,116467.02,117265.12,12962.92889,1528864683.816082,6581.33371,776457462.9818255,1615935,-0.00489041791811573,0.0001678466796875,0.0009822478512298005,-0.0198974609375,-0.010986328125,0.0126953125,0.0225830078125
BTCUSDT,2025-07-21 00:00:00+00:00,117265.11,119676.73,116515.0,117380.36,17107.33128,2020783266.9633648,8426.31812,995117241.6679094,2509543,0.0009822478512298005,0.0004520416259765625,0.02169223520627206,-0.01904296875,-0.0103759765625,0.01263427734375,0.0220947265625
BTCUSDT,2025-07-22 00:00:00+00:00,117380.36,120247.8,116128.0,119954.42,20959.12973,2481252763.6519103,10811.45507,1280627214.6285224,2778733,0.02169223520627206,0.00074005126953125,-0.010040953545907172,-0.0213623046875,-0.01190185546875,0.0147705078125,0.0250244140625
BTCUSDT,2025-07-23 00:00:00+00:00,119954.43,120090.0,117301.0,118755.99,14558.75083,1722126986.886661,7070.08701,836266328.744683,2101404,-0.010040953545907172,-8.7738037109375e-05,-0.003500680808423695,-0.021240234375,-0.01190185546875,0.012939453125,0.022705078125
BTCUSDT,2025-07-24 00:00:00+00:00,118756.0,119450.0,117103.1,118340.99,15806.89043,1873181653.2018075,7651.73992,906619084.6035932,2081435,-0.003500680808423695,0.00017070770263671875,-0.006159491204291712,-0.017822265625,-0.0096435546875,0.01092529296875,0.0196533203125
BTCUSDT,2025-07-25 00:00:00+00:00,118340.98,118451.57,114723.16,117614.31,38406.34873,4456778786.620495,17042.77355,1977873720.8964725,3282355,-0.006159491204291712,7.534027099609375e-05,0.0025956319026292363,-0.0196533203125,-0.0108642578125,0.01220703125,0.021728515625
BTCUSDT,2025-07-26 00:00:00+00:00,117614.31,118297.35,117138.38,117919.99,6991.67206,823629079.7493103,3167.88355,373290310.2164352,790372,0.0025956319026292363,1.430511474609375e-06,0.012603083346819588,-0.01904296875,-0.010498046875,0.0111083984375,0.0201416015625
BTCUSDT,2025-07-27 00:00:00+00:00,117919.99,119766.65,117825.5,119415.55,9328.30919,1107883542.1607983,5238.30358,622261561.2507277,1095080,0.012603083346819588,0.00040435791015625,-0.011396806340219001,-0.01953125,-0.0108642578125,0.012451171875,0.0216064453125
BTCUSDT,2025-07-28 00:00:00+00:00,119415.56,119800.0,117427.5,118062.32,13961.74754,1655882235.896518,7224.91774,857128354.2234088,1824777,-0.011396806340219001,0.00020885467529296875,-0.0009453714032190419,-0.021484375,-0.01220703125,0.01336669921875,0.0233154296875
BTCUSDT,2025-07-29 00:00:00+00:00,118062.32,119273.36,116950.75,117950.76,15137.93445,1788682083.6856463,7988.93736,944162800.0745873,1956694,-0.0009453714032190419,0.000385284423828125,-0.0009369312651674733,-0.0191650390625,-0.01080322265625,0.01251220703125,0.021728515625
BTCUSDT,2025-07-30 00:00:00+00:00,117950.75,118792.0,115796.23,117840.3,15586.73631,1832696878.2229855,7803.61434,917632890.2336526,1997369,-0.0009369312651674733,3.075599670410156e-05,-0.017775990938678987,-0.0174560546875,-0.00946044921875,0.01025390625,0.0185546875
BTCUSDT,2025-07-31 00:00:00+00:00,117840.29,118922.45,115500.0,115764.08,17010.0073,2002870016.7022424,8313.51616,979519362.0685424,1859532,-0.017775990938678987,0.0001888275146484375,-0.021533429249677383,-0.01556396484375,-0.00830078125,0.0089111328125,0.0162353515625
BTCUSDT,2025-08-01 00:00:00+00:00,115764.07,116052.0,112722.58,113297.93,24487.10206,2810268577.1513696,11487.2212,1318593418.0612547,4160829,-0.021533429249677383,-0.00020694732666015625,-0.006655760991845838,-0.01806640625,-0.0098876953125,0.01019287109375,0.0189208984375
BTCUSDT,2025-08-02 00:00:00+00:00,113297.92,114063.49,112003.0,112546.35,11507.33428,1301882737.326722,5060.00835,572586383.0717313,2165714,-0.006655760991845838,-0.000347137451171875,0.014663215250676487,-0.0184326171875,-0.01043701171875,0.01092529296875,0.0201416015625
BTCUSDT,2025-08-03 00:00:00+00:00,112546.35,114799.97,111920.0,114208.8,7397.76046,841090034.1542541,3738.18331,425246221.2955304,1419281,0.014663215250676487,0.000457763671875,0.007382183600908476,-0.02099609375,-0.0115966796875,0.01348876953125,0.0233154296875
BTCUSDT,2025-08-04 00:00:00+00:00,114208.81,115720.0,114107.6,115055.03,9667.67916,1109938874.0629709,4715.29351,541443274.8093747,1954230,0.007382183600908476,0.00030517578125,-0.008074576568789738,-0.021240234375,-0.01177978515625,0.01263427734375,0.022705078125
BTCUSDT,2025-08-05 00:00:00+00:00,115055.03,115127.81,112650.0,114129.75,12042.79078,1371861747.1466167,5622.66754,640570774.1010684,2581052,-0.008074576568789738,0.00030517578125,0.007528949634181714,-0.022216796875,-0.01251220703125,0.0140380859375,0.0257568359375
BTCUSDT,2025-08-06 00:00:00+00:00,114129.75,115716.0,113355.13,114992.27,9761.15318,1118028732.8589184,4872.24748,558193207.677072,2026500,0.007528949634181714,0.0003414154052734375,0.021335183728332652,-0.01806640625,-0.010009765625,0.011474609375,0.0201416015625
BTCUSDT,2025-08-07 00:00:00+00:00,114992.27,117621.0,114259.0,117472.01,13468.56263,1564454297.836927,7008.73753,814088870.444632,2314671,0.021335183728332652,0.000823974609375,-0.006810029019948871,-0.0172119140625,-0.0093994140625,0.0118408203125,0.0203857421875
BTCUSDT,2025-08-08 00:00:00+00:00,117472.02,117630.0,115878.71,116674.74,10045.31278,1172199778.7242548,4584.90574,534970598.46875024,2095304,-0.006810029019948871,7.927417755126953e-06,-0.0018228772606168064,-0.016357421875,-0.00897216796875,0.009521484375,0.0174560546875
BTCUSDT,2025-08-09 00:00:00+00:00,116674.74,117944.05,116299.13,116462.25,9514.13144,1111837601.7023723,4869.85416,569228301.1169946,1390951,-0.0018228772606168064,0.00012111663818359375,0.02402393212706322,-0.01556396484375,-0.00836181640625,0.009033203125,0.0166015625
BTCUSDT,2025-08-10 00:00:00+00:00,116462.25,119311.11,116460.63,119294.01,14322.77073,1694198747.8718708,8023.43513,949082473.721322,2317065,0.02402393212706322,0.00064849853515625,-0.005109768025592487,-0.0186767578125,-0.01055908203125,0.01263427734375,0.0213623046875
BTCUSDT,2025-08-11 00:00:00+00:00,119294.27,122335.16,118050.11,118686.0,26494.33429,3194611530.541069,13243.42946,1596640461.643077,4021743,-0.005109768025592487,0.00055694580078125,0.012127102101079146,-0.0174560546875,-0.00946044921875,0.01116943359375,0.0196533203125
BTCUSDT,2025-08-12 00:00:00+00:00,118686.0,120324.43,118207.47,120134.08,16720.10893,1992762473.5852575,9265.05962,1104367998.1961715,2737841,0.012127102101079146,0.0004253387451171875,0.026064105677022553,-0.0174560546875,-0.00982666015625,0.0113525390625,0.0196533203125
BTCUSDT,2025-08-13 00:00:00+00:00,120134.09,123667.79,118920.92,123306.43,23210.07102,2811581348.3874574,11931.26825,1446045988.0483146,3712817,0.026064105677022553,0.00045013427734375,-0.04149029256629255,-0.0198974609375,-0.01141357421875,0.01336669921875,0.0225830078125
BTCUSDT,2025-08-14 00:00:00+00:00,123306.44,124474.0,117180.0,118295.09,27980.947586,3359128391.108524,13402.078476,1608719584.8697336,4350449,-0.04149029256629255,0.00118255615234375,-0.008089091530436576,-0.0205078125,-0.01141357421875,0.01458740234375,0.024658203125
BTCUSDT,2025-08-15 00:00:00+00:00,118295.09,119216.82,116803.99,117342.05,13623.33874,1607609329.6851013,6141.41708,724799635.8172467,2895016,-0.008089091530436576,0.0003757476806640625,0.0003289839346880541,-0.01953125,-0.01068115234375,0.01202392578125,0.02099609375
BTCUSDT,2025-08-16 00:00:00+00:00,117342.04,117898.99,117143.98,117380.66,6393.68117,751719391.7723638,2995.22865,352158781.0964551,1179842,0.0003289839346880541,0.000202178955078125,0.00020742322210054454,-0.01519775390625,-0.00799560546875,0.008544921875,0.0157470703125
BTCUSDT,2025-08-17 00:00:00+00:00,117380.66,118575.0,117172.21,117405.01,5898.64192,695629197.9038073,2804.73113,330799448.0903654,1177563,0.00020742322210054454,0.000396728515625,-0.01008397547729345,-0.0213623046875,-0.01171875,0.012939453125,0.0233154296875
BTCUSDT,2025-08-18 00:00:00+00:00,117405.01,117543.75,114640.14,116227.05,17745.93954,2053814085.4717772,7647.70667,885108979.4887484,3346280,-0.01008397547729345,0.000438690185546875,-0.029282844329104663,-0.0208740234375,-0.01165771484375,0.0130615234375,0.0230712890625
BTCUSDT,2025-08-19 00:00:00+00:00,116227.05,116725.69,112732.58,112872.94,18065.47424,2065010895.8584664,8609.4137,984093545.5944221,3291182,-0.029282844329104663,0.000514984130859375,0.012312159298069503,-0.023193359375,-0.0128173828125,0.01458740234375,0.0252685546875
BTCUSDT,2025-08-20 00:00:00+00:00,112872.95,114615.38,112380.0,114271.24,15636.34194,1776149566.1247735,7209.58575,819330970.2158619,2998370,0.012312159298069503,-0.00022792816162109375,-0.015621698947350993,-0.0233154296875,-0.01312255859375,0.0128173828125,0.0228271484375
BTCUSDT,2025-08-21 00:00:00+00:00,114271.23,114821.76,112015.67,112500.0,10839.69235,1227373788.615563,5346.48007,605400341.4544928,2357380,-0.015621698947350993,-0.00023174285888671875,0.038673469425647866,-0.0206298828125,-0.01165771484375,0.01171875,0.0211181640625
BTCUSDT,2025-08-22 00:00:00+00:00,112500.0,117429.05,111684.79,116935.99,23128.09037,2656625122.2777863,11843.59711,1359907711.8726692,3438518,0.038673469425647866,0.000659942626953125,-0.01289266863906846,-0.0230712890625,-0.01312255859375,0.0155029296875,0.026123046875
BTCUSDT,2025-08-23 00:00:00+00:00,116936.0,117030.0,114560.0,115438.05,11329.36197,1308825428.0143585,5083.35014,587273893.1314433,1559569,-0.01289266863906846,0.000675201416015625,-0.016987662875338927,-0.0211181640625,-0.01177978515625,0.01409912109375,0.0238037109375
BTCUSDT,2025-08-24 00:00:00+00:00,115438.06,115666.68,110680.0,113493.59,21175.98462,2411284606.1891766,9325.0671,1061855201.3343124,2573906,-0.016987662875338927,-7.12275505065918e-06,-0.030248511573908843,-0.0240478515625,-0.01361083984375,0.01495361328125,0.0257568359375
BTCUSDT,2025-08-25 00:00:00+00:00,113493.59,113667.28,109274.1,110111.98,25182.79379,2805570653.6310234,11387.5817,1269662985.34418,4695718,-0.030248511573908843,0.0001277923583984375,0.014884678291290143,-0.0264892578125,-0.01519775390625,0.016845703125,0.0302734375
BTCUSDT,2025-08-26 00:00:00+00:00,110111.98,112371.0,108666.66,111763.22,18452.43877,2033437347.4999392,9863.43157,1087468493.596964,4077474,0.014884678291290143,0.0004444122314453125,-0.004494655997294927,-0.0242919921875,-0.01385498046875,0.0157470703125,0.0263671875
BTCUSDT,2025-08-27 00:00:00+00:00,111763.22,112625.0,110345.42,111262.01,13392.60875,1493774927.190832,6261.8455,698586344.1774796,3111496,-0.004494655997294927,-8.726119995117188e-05,0.01165984129118236,-0.021484375,-0.01239013671875,0.01287841796875,0.0224609375
BTCUSDT,2025-08-28 00:00:00+00:00,111262.01,113485.9,110862.42,112566.9,11104.27744,1250788481.9453218,5139.46509,578866003.6838148,2066780,0.01165984129118236,-6.866455078125e-05,-0.0379281313827633,-0.0211181640625,-0.01202392578125,0.0125732421875,0.0216064453125
BTCUSDT,2025-08-29 00:00:00+00:00,112566.9,112638.64,107463.9,108377.4,22580.31045,2475492492.5775294,10616.35644,1164321513.1044571,3606959,-0.0379281313827633,0.000339508056640625,0.004041834886722384,-0.024169921875,-0.0140380859375,0.0157470703125,0.026611328125
BTCUSDT,2025-08-30 00:00:00+00:00,108377.4,108926.15,107350.1,108816.33,10708.39159,1160666772.7387524,5797.17783,628457794.843401,1411040,0.004041834886722384,-0.000194549560546875,-0.005251767001620777,-0.022705078125,-0.01373291015625,0.01422119140625,0.0242919921875
BTCUSDT,2025-08-31 00:00:00+00:00,108816.33,109480.02,108076.93,108246.35,9489.51596,1031806894.3513318,4573.61058,497406888.1691883,1366633,-0.005251767001620777,0.0001888275146484375,0.00911403053483184,-0.0208740234375,-0.011962890625,0.01312255859375,0.0225830078125
BTCUSDT,2025-09-01 00:00:00+00:00,108246.36,109912.4,107255.0,109237.42,16053.60219,1742516638.781135,7532.99101,817730948.9844334,2729384,0.00911403053483184,3.409385681152344e-05,0.018166440657326532,-0.020751953125,-0.01190185546875,0.01239013671875,0.021240234375
BTCUSDT,2025-09-02 00:00:00+00:00,109237.43,111771.52,108393.39,111240.01,18510.28756,2042681451.9016385,9088.71727,1003032805.5367996,2596328,0.018166440657326532,0.00022411346435546875,0.004177704576074248,-0.0238037109375,-0.01397705078125,0.0146484375,0.026123046875
BTCUSDT,2025-09-03 00:00:00+00:00,111240.01,112575.27,110528.71,111705.71,11773.72084,1313762617.3436644,5539.29462,618293676.5075179,2214249,0.004177704576074248,-0.00014591217041015625,-0.008765161209067784,-0.0228271484375,-0.0135498046875,0.01312255859375,0.023193359375
BTCUSDT,2025-09-04 00:00:00+00:00,111705.72,112180.0,109329.12,110730.87,12203.13536,1349031325.5320847,6070.78151,670681185.82571,2230255,-0.008765161209067784,0.00023365020751953125,-0.0006403155254179893,-0.0191650390625,-0.01080322265625,0.0115966796875,0.0201416015625
BTCUSDT,2025-09-05 00:00:00+00:00,110730.87,113384.62,110206.96,110659.99,21587.40888,2413132200.623325,10787.81127,1206066261.227201,2970419,-0.0006403155254179893,0.00014019012451171875,-0.004274621497469155,-0.0152587890625,-0.00848388671875,0.00921630859375,0.016357421875
BTCUSDT,2025-09-06 00:00:00+00:00,110660.0,111307.7,109977.0,110187.97,5000.29897,552785936.5434699,2308.83297,255237426.946011,795201,-0.004274621497469155,-0.00016307830810546875,0.008579008182540093,-0.01708984375,-0.0096435546875,0.01007080078125,0.018310546875
BTCUSDT,2025-09-07 00:00:00+00:00,110187.98,111600.0,110180.0,111137.34,5681.29944,630447950.1588689,2570.85199,285303923.5404623,874961,0.008579008182540093,5.91278076171875e-05,0.008314378685941648,-0.0181884765625,-0.01055908203125,0.0113525390625,0.01953125
BTCUSDT,2025-09-08 00:00:00+00:00,111137.35,112924.37,110621.78,112065.23,11582.40211,1295903862.4649603,5531.65969,618773275.3576307,1744598,0.008314378685941648,0.0001506805419921875,-0.004640554288638299,-0.017578125,-0.00994873046875,0.0107421875,0.0185546875
BTCUSDT,2025-09-09 00:00:00+00:00,112065.23,113293.29,110766.66,111546.39,15379.28248,1721465997.906366,7597.38038,849973176.1775683,2143242,-0.004640554288638299,-5.3882598876953125e-05,0.021406951444262745,-0.0196533203125,-0.01116943359375,0.01171875,0.020263671875
BTCUSDT,2025-09-10 00:00:00+00:00,111546.38,114313.13,110917.45,113960.0,17517.41823,1978834750.2223115,8274.63998,934646697.4823325,2182534,0.021406951444262745,9.34600830078125e-05,0.013273138970621545,-0.0228271484375,-0.01324462890625,0.01348876953125,0.0233154296875
BTCUSDT,2025-09-11 00:00:00+00:00,113960.0,115488.09,113430.0,115482.69,13676.73119,1562241144.956541,6744.29993,770595422.6905212,2166359,0.013273138970621545,0.00072479248046875,0.004723131039401807,-0.0191650390625,-0.0107421875,0.01287841796875,0.021484375
BTCUSDT,2025-09-12 00:00:00+00:00,115482.69,116665.63,114740.99,116029.42,15324.10719,1772122269.5018637,7995.57276,924775389.8569396,2481491,0.004723131039401807,0.000881195068359375,-0.0009582332889035428,-0.016845703125,-0.00897216796875,0.0108642578125,0.0184326171875
BTCUSDT,2025-09-13 00:00:00+00:00,116029.41,116298.78,115127.27,115918.29,8269.40394,957724220.6497613,3590.09359,415773029.4393527,1223635,-0.0009582332889035428,0.00061798095703125,-0.005625607702317126,-0.0167236328125,-0.009521484375,0.01123046875,0.018798828125
BTCUSDT,2025-09-14 00:00:00+00:00,115918.29,116165.19,115135.0,115268.01,6707.60197,775762364.9685991,3406.90777,393977059.3035421,1237218,-0.005625607702317126,0.0004177093505859375,0.0007085318805337693,-0.0186767578125,-0.01068115234375,0.01251220703125,0.02099609375
BTCUSDT,2025-09-15 00:00:00+00:00,115268.01,116757.99,114384.0,115349.71,13212.51149,1522648235.2235153,6621.3636,763138585.685025,2857989,0.0007085318805337693,0.000576019287109375,0.012400074849789888,-0.0174560546875,-0.010009765625,0.0118408203125,0.019775390625
BTCUSDT,2025-09-16 00:00:00+00:00,115349.71,116964.27,114737.11,116788.96,10926.9094,1265779287.5169268,5292.18365,613182568.9919184,2047058,0.012400074849789888,0.0003757476806640625,-0.0029272448401407303,-0.0174560546875,-0.009765625,0.010986328125,0.0186767578125
BTCUSDT,2025-09-17 00:00:00+00:00,116788.96,117286.73,114720.81,116447.59,16754.2454,1946083704.6217456,7975.0019,926282110.833079,3227418,-0.0029272448401407303,0.0006103515625,0.005360898398272695,-0.018310546875,-0.01025390625,0.0113525390625,0.0189208984375
BTCUSDT,2025-09-18 00:00:00+00:00,116447.6,117900.0,116092.76,117073.53,11657.23365,1367513347.4865093,5717.34538,670700552.9347277,2252654,0.005360898398272695,0.00070953369140625,-0.01238617811420717,-0.01708984375,-0.00933837890625,0.0107421875,0.018310546875
BTCUSDT,2025-09-19 00:00:00+00:00,117073.53,117459.99,115100.0,115632.38,8992.09065,1045792401.4532388,4020.81483,467345983.0786799,1732471,-0.01238617811420717,0.00016021728515625,0.00046040514476786143,-0.0159912109375,-0.00872802734375,0.00933837890625,0.0166015625
BTCUSDT,2025-09-20 00:00:00+00:00,115632.39,116121.81,115408.47,115685.63,4674.92752,541264273.2416894,2276.16483,263511469.8432588,740451,0.00046040514476786143,0.00041961669921875,-0.003926421842189498,-0.015869140625,-0.008544921875,0.00970458984375,0.01708984375
BTCUSDT,2025-09-21 00:00:00+00:00,115685.63,115819.06,115188.0,115232.29,4511.52219,521299751.1504096,2016.72489,233031538.74699312,945965,-0.003926421842189498,0.000591278076171875,-0.022655549003408382,-0.0177001953125,-0.009765625,0.011474609375,0.019287109375
BTCUSDT,2025-09-22 00:00:00+00:00,115232.29,115379.25,111800.0,112650.99,20781.71356,2348872511.6988754,9312.35777,1052684266.8981876,3045876,-0.022655549003408382,0.000339508056640625,-0.005806298169945379,-0.021728515625,-0.01214599609375,0.0133056640625,0.02392578125
BTCUSDT,2025-09-23 00:00:00+00:00,112650.99,113290.5,111458.73,111998.8,12301.3203,1383869800.273703,5543.3609,623665658.7200328,2455729,-0.005806298169945379,0.00042724609375,0.011612792050812004,-0.0184326171875,-0.01043701171875,0.0118408203125,0.0198974609375
BTCUSDT,2025-09-24 00:00:00+00:00,111998.8,113940.0,111042.66,113307.0,12369.25967,1394470628.502582,6100.69487,687826281.220477,2229837,0.011612792050812004,0.00038909912109375,-0.03880361851008374,-0.0177001953125,-0.010009765625,0.01123046875,0.01904296875
BTCUSDT,2025-09-25 00:00:00+00:00,113307.01,113510.23,108631.51,108994.49,21231.14957,2356639689.9252143,9511.07937,1055527535.7684448,4409953,-0.03880361851008374,0.000507354736328125,0.005936498269548451,-0.0198974609375,-0.01123046875,0.01239013671875,0.0211181640625
BTCUSDT,2025-09-26 00:00:00+00:00,108994.49,110300.0,108620.07,109643.46,14243.01591,1557098915.9392595,6978.29033,762955442.7524,3257155,0.005936498269548451,4.1961669921875e-05,-6.94091932622598e-05,-0.01806640625,-0.010009765625,0.0101318359375,0.017822265625
BTCUSDT,2025-09-27 00:00:00+00:00,109643.46,109743.91,109064.4,109635.85,5501.78643,601947588.9970765,2523.25886,276080500.9941954,919594,-6.94091932622598e-05,0.00018596649169921875,0.022797220643521854,-0.0166015625,-0.00897216796875,0.0091552734375,0.016357421875
BTCUSDT,2025-09-28 00:00:00+00:00,109635.85,112350.0,109189.99,112163.95,7542.3316,832254944.3203354,3781.87606,417495757.16935,1484866,0.022797220643521854,0.0005340576171875,0.01896956203457023,-0.019775390625,-0.01123046875,0.0123291015625,0.020751953125
BTCUSDT,2025-09-29 00:00:00+00:00,112163.96,114400.0,111560.65,114311.96,15541.12005,1755247635.871136,7836.68768,884934987.568753,2442653,0.01896956203457023,0.0007781982421875,-0.0023036354107670576,-0.0196533203125,-0.0111083984375,0.012939453125,0.0213623046875
BTCUSDT,2025-09-30 00:00:00+00:00,114311.97,114792.0,112656.27,114048.93,15044.15633,1710713267.1300955,7185.72154,817044461.2701814,3018331,-0.0023036354107670576,0.000438690185546875,0.03908667600199678,-0.0206298828125,-0.01171875,0.01318359375,0.0223388671875
BTCUSDT,2025-10-01 00:00:00+00:00,114048.94,118649.1,113966.67,118594.99,20036.39516,2332096981.265933,10071.04092,1172422657.4065175,3430343,0.03908667600199678,0.000675201416015625,0.016179048899138238,-0.021484375,-0.0126953125,0.01483154296875,0.024169921875
BTCUSDT,2025-10-02 00:00:00+00:00,118594.99,121022.07,118279.31,120529.35,19670.83503,2349861127.34458,9753.07848,1164986423.9898076,3472073,0.016179048899138238,0.00104522705078125,0.014027586512955992,-0.020751953125,-0.0118408203125,0.0142822265625,0.0235595703125
BTCUSDT,2025-10-03 00:00:00+00:00,120529.35,123894.99,119248.3,122232.0,23936.328,2907381076.6813188,11288.62355,1372792607.6136215,4246820,0.014027586512955992,0.00125885009765625,0.001299959712628862,-0.018798828125,-0.01068115234375,0.0137939453125,0.022216796875
BTCUSDT,2025-10-04 00:00:00+00:00,122232.21,122800.0,121510.0,122391.0,8208.16678,1002272903.3446472,3767.80335,460154433.12366194,1703590,0.001299959712628862,0.00099945068359375,0.008877068978927483,-0.0191650390625,-0.01092529296875,0.01373291015625,0.0225830078125
BTCUSDT,2025-10-05 00:00:00+00:00,122390.99,125708.42,122136.0,123482.31,22043.097553,2730817470.939564,11780.672403,1459478400.9109964,3690670,0.008877068978927483,0.0013427734375,0.009480412513902081,-0.02001953125,-0.01153564453125,0.0150146484375,0.0244140625
BTCUSDT,2025-10-06 00:00:00+00:00,123482.32,126199.63,123084.0,124658.54,19494.628793,2428828952.2653184,9963.008153,1241625129.7177184,4206167,0.009480412513902081,0.0019683837890625,-0.027039899832891123,-0.0185546875,-0.01025390625,0.014892578125,0.0238037109375
BTCUSDT,2025-10-07 00:00:00+00:00,124658.54,125126.0,120574.94,121332.95,21633.99385,2657405799.8705487,9699.35099,1191947741.6989057,4390785,-0.027039899832891123,0.0017852783203125,0.01613065116385748,-0.02001953125,-0.01092529296875,0.01519775390625,0.0252685546875
BTCUSDT,2025-10-08 00:00:00+00:00,121332.96,124197.25,121066.14,123306.0,17012.618,2084842842.4416168,9039.06222,1107976264.6948595,4184997,0.01613065116385748,0.000713348388671875,-0.013419074980520307,-0.0201416015625,-0.0115966796875,0.0135498046875,0.022705078125
BTCUSDT,2025-10-09 00:00:00+00:00,123306.01,123762.94,119651.47,121662.4,21559.36007,2621438087.566733,10144.15364,1233882833.5642388,4231167,-0.013419074980520307,0.001861572265625,-0.07585974612842605,-0.017822265625,-0.00970458984375,0.0137939453125,0.022216796875
BTCUSDT,2025-10-10 00:00:00+00:00,121662.41,122550.0,102000.0,112774.5,64171.93927,7349750905.041157,30502.14297,3493298452.846008,11404522,-0.07585974612842605,0.00162506103515625,-0.01906879449319554,-0.0262451171875,-0.01483154296875,0.0184326171875,0.0299072265625
BTCUSDT,2025-10-11 00:00:00+00:00,112774.49,113322.39,109561.59,110644.4,35448.51652,3961069473.231136,15375.94796,1718429599.5669522,6661929,-0.01906879449319554,0.001190185546875,0.03825234811823108,-0.0260009765625,-0.01470947265625,0.0174560546875,0.0284423828125
BTCUSDT,2025-10-12 00:00:00+00:00,110644.4,115770.0,109565.06,114958.8,32255.30272,3638546528.740156,16915.44533,1907676479.1772509,6048575,0.03825234811823108,0.00127410888671875,0.0018007625079210499,-0.0291748046875,-0.0164794921875,0.01953125,0.03173828125
BTCUSDT,2025-10-13 00:00:00+00:00,114958.81,115963.81,113616.5,115166.0,22557.24033,2591831660.985749,10710.89723,1230950583.8424664,5739352,0.0018007625079210499,0.0012359619140625,-0.018737751551798354,-0.0250244140625,-0.0140380859375,0.0166015625,0.0274658203125
BTCUSDT,2025-10-14 00:00:00+00:00,115166.0,115409.96,109866.0,113028.14,31870.32974,3578140778.808499,14944.19197,1677011392.6343808,7425642,-0.018737751551798354,0.0013580322265625,-0.02024150281585335,-0.0252685546875,-0.0142822265625,0.0172119140625,0.0279541015625
BTCUSDT,2025-10-15 00:00:00+00:00,113028.13,113612.35,110164.0,110763.28,22986.48811,2569639641.352769,10499.31831,1173678794.920774,5243141,-0.02024150281585335,0.0004425048828125,-0.023466811492916406,-0.0252685546875,-0.014892578125,0.01611328125,0.026611328125
BTCUSDT,2025-10-16 00:00:00+00:00,110763.28,111982.45,107427.0,108194.28,29857.17252,3277596494.7619195,13126.95119,1441416875.126377,6127094,-0.023466811492916406,0.00013256072998046875,-0.0164252229988886,-0.0252685546875,-0.0146484375,0.0157470703125,0.0264892578125
BTCUSDT,2025-10-17 00:00:00+00:00,108194.27,109240.0,103528.23,106431.68,37920.66838,4022645635.2212014,17996.99946,1909654487.4562209,7570685,-0.0164252229988886,0.000316619873046875,0.007053129818340054,-0.0225830078125,-0.013427734375,0.0145263671875,0.0245361328125
BTCUSDT,2025-10-18 00:00:00+00:00,106431.68,107499.0,106322.2,107185.01,11123.18766,1189002999.143113,4845.85641,518065716.6618129,2105450,0.007053129818340054,0.00017547607421875,0.013508845814879322,-0.021240234375,-0.01220703125,0.012939453125,0.022216796875
BTCUSDT,2025-10-19 00:00:00+00:00,107185.0,109450.07,106103.36,108642.78,15480.66423,1670074079.5802343,7100.31013,766423535.8177378,3205640,0.013508845814879322,0.00054168701171875,0.01724063345299598,-0.02099609375,-0.0118408203125,0.01318359375,0.022216796875
BTCUSDT,2025-10-20 00:00:00+00:00,108642.77,111705.56,107402.52,110532.09,19193.4416,2119912185.5934684,9280.50075,1024925788.7216992,4283542,0.01724063345299598,0.0003414154052734375,-0.020422246574193892,-0.0234375,-0.01336669921875,0.0145263671875,0.0244140625
BTCUSDT,2025-10-21 00:00:00+00:00,110532.09,114000.0,107473.72,108297.67,37228.01659,4114477849.9320545,17034.07155,1881327751.3346128,6004063,-0.020422246574193892,0.000896453857421875,-0.006765639759505504,-0.0255126953125,-0.014404296875,0.01708984375,0.02880859375
BTCUSDT,2025-10-22 00:00:00+00:00,108297.66,109163.88,106666.69,107567.44,28610.78451,3090291706.4439816,13766.58861,1487179903.5999787,5547903,-0.006765639759505504,0.0001392364501953125,0.023072840914215575,-0.0255126953125,-0.0146484375,0.01531982421875,0.02685546875
BTCUSDT,2025-10-23 00:00:00+00:00,107567.45,111293.61,107500.0,110078.18,17573.09294,1924582289.4113936,8575.33716,938905317.7034109,3721614,0.023072840914215575,0.000591278076171875,0.008383413777913518,-0.023681640625,-0.01361083984375,0.0146484375,0.024658203125
BTCUSDT,2025-10-24 00:00:00+00:00,110078.19,112104.98,109700.01,111004.89,15005.16913,1662806764.9533324,7511.2434,832390454.8076226,3241022,0.008383413777913518,0.0003795623779296875,0.005761315360732766,-0.018310546875,-0.010009765625,0.01123046875,0.0198974609375
BTCUSDT,2025-10-25 00:00:00+00:00,111004.9,111943.19,110672.86,111646.27,6407.96864,714201332.9751225,3087.0866,344113931.7999452,1238199,0.005761315360732766,0.000644683837890625,0.0257578960116831,-0.0201416015625,-0.01141357421875,0.01300048828125,0.0218505859375
BTCUSDT,2025-10-26 00:00:00+00:00,111646.27,115466.8,111260.45,114559.4,13454.47737,1525108635.874829,6982.18154,791462349.3516057,2463951,0.0257578960116831,0.00140380859375,-0.003951164697452825,-0.02099609375,-0.01214599609375,0.01531982421875,0.024658203125
BTCUSDT,2025-10-27 00:00:00+00:00,114559.41,116400.0,113830.01,114107.65,21450.23241,2470872744.548968,10969.70182,1263753536.9973898,3660488,-0.003951164697452825,0.000644683837890625,-0.010653558973311661,-0.0224609375,-0.0128173828125,0.01458740234375,0.0242919921875
BTCUSDT,2025-10-28 00:00:00+00:00,114107.65,116086.0,112211.0,112898.45,15523.42257,1772753529.8642745,7765.31574,887031686.0163724,3829845,-0.010653558973311661,0.000560760498046875,-0.025814849578230437,-0.0235595703125,-0.0135498046875,0.01519775390625,0.025390625
BTCUSDT,2025-10-29 00:00:00+00:00,112898.44,113643.73,109200.0,110021.29,21079.71376,2356715986.5335455,10407.07233,1163985607.3569083,4481480,-0.025814849578230437,0.00051116943359375,-0.015557495821203915,-0.0260009765625,-0.0152587890625,0.0166015625,0.0277099609375
BTCUSDT,2025-10-30 00:00:00+00:00,110021.3,111592.0,106304.34,108322.88,25988.82838,2827221287.4227977,12551.13144,1365671836.7455924,6373451,-0.015557495821203915,0.000518798828125,0.011794059086765785,-0.0245361328125,-0.01416015625,0.015625,0.0257568359375
BTCUSDT,2025-10-31 00:00:00+00:00,108322.87,111190.0,108275.28,109608.01,21518.20439,2361590437.9414105,10798.53938,1185034290.9237795,5256872,0.011794059086765785,0.000347137451171875,0.004461330755654913,-0.021728515625,-0.012939453125,0.0140380859375,0.0230712890625
BTCUSDT,2025-11-01 00:00:00+00:00,109608.01,110564.49,109394.81,110098.1,7378.50431,812389216.4346799,3406.68401,375126956.08097214,1994214,0.004461330755654913,0.000270843505859375,0.004011811464845749,-0.0218505859375,-0.01275634765625,0.0137939453125,0.0230712890625
BTCUSDT,2025-11-02 00:00:00+00:00,110098.1,111250.01,109471.34,110540.68,12107.00087,1336870531.1415012,5921.86453,654016950.2549777,2652188,0.004011811464845749,0.00049591064453125,-0.03645919836858269,-0.021240234375,-0.01239013671875,0.0140380859375,0.023193359375
BTCUSDT,2025-11-03 00:00:00+00:00,110540.69,110750.0,105306.56,106583.04,28681.18779,3076006652.001568,12847.08574,1377869106.6681776,7074546,-0.03645919836858269,0.0008392333984375,-0.048892990692746,-0.024658203125,-0.0140380859375,0.01611328125,0.0264892578125
BTCUSDT,2025-11-04 00:00:00+00:00,106583.05,107299.0,98944.36,101497.22,50534.87376,5197697635.212413,23388.99033,2406186713.1705294,9099609,-0.048892990692746,0.000270843505859375,0.02325464931597665,-0.0303955078125,-0.0181884765625,0.0191650390625,0.031005859375
BTCUSDT,2025-11-05 00:00:00+00:00,101497.23,104534.74,98966.8,103885.16,33778.77571,3454273922.7003846,18126.84828,1854232277.0330112,6500368,0.02325464931597665,-9.012222290039062e-05,-0.02474525864647603,-0.0291748046875,-0.0174560546875,0.01708984375,0.0283203125
BTCUSDT,2025-11-06 00:00:00+00:00,103885.16,104200.0,100300.95,101346.04,25814.62139,2641767846.305827,11972.54796,1225474173.0204284,5755001,-0.02474525864647603,0.0003757476806640625,0.01947482055427585,-0.0260009765625,-0.01531982421875,0.0159912109375,0.0262451171875
BTCUSDT,2025-11-07 00:00:00+00:00,101346.04,104096.36,99260.86,103339.08,32059.50942,3251112979.305884,16056.80582,1629564159.11658,6335759,0.01947482055427585,0.00138092041015625,-0.009979464496074897,-0.021484375,-0.01177978515625,0.01446533203125,0.023681640625
BTCUSDT,2025-11-08 00:00:00+00:00,103339.09,103406.22,101454.0,102312.94,12390.77985,1267165565.37527,5862.65977,599611355.3671467,2743819,-0.009979464496074897,0.0004425048828125,0.02328223138207619,-0.0240478515625,-0.013916015625,0.01458740234375,0.0238037109375
BTCUSDT,2025-11-09 00:00:00+00:00,102312.95,105495.62,101400.0,104722.96,16338.97096,1687020822.3668208,8224.94939,849620657.0869098,3404204,0.02328223138207619,-0.0003795623779296875,0.01222570154598479,-0.028564453125,-0.0164794921875,0.0159912109375,0.0272216796875
BTCUSDT,2025-11-10 00:00:00+00:00,104722.95,106670.11,104265.02,106011.13,22682.25673,2400141664.389342,11595.81944,1226965888.74677,4710957,0.01222570154598479,0.00165557861328125,-0.028242545864333835,-0.0247802734375,-0.013916015625,0.0174560546875,0.02783203125
BTCUSDT,2025-11-11 00:00:00+00:00,106011.13,107500.0,102476.09,103058.99,24196.50718,2532279071.0069213,10717.03395,1121890584.1997764,5532149,-0.028242545864333835,0.00168609619140625,-0.01372301293113054,-0.0247802734375,-0.013916015625,0.0179443359375,0.0286865234375
BTCUSDT,2025-11-12 00:00:00+00:00,103059.0,105333.33,100813.59,101654.37,20457.63906,2108514405.260877,10155.72095,1047214063.138287,5314132,-0.01372301293113054,6.407499313354492e-06,-0.0194928961604397,-0.0262451171875,-0.015625,0.015625,0.026123046875
BTCUSDT,2025-11-13 00:00:00+00:00,101654.37,104085.01,98000.4,99692.02,36198.50771,3654698026.540381,17250.22426,1742449117.5763607,8125404,-0.0194928961604397,0.0003147125244140625,-0.05249158454481062,-0.025146484375,-0.0146484375,0.015625,0.0262451171875
BTCUSDT,2025-11-14 00:00:00+00:00,99692.03,99866.02,94012.45,94594.0,47288.14481,4566085156.747208,21184.91518,2045542286.8634837,9551025,-0.05249158454481062,0.001251220703125,0.010539439640718129,-0.0252685546875,-0.014404296875,0.0172119140625,0.0277099609375
BTCUSDT,2025-11-15 00:00:00+00:00,94594.0,96846.68,94558.49,95596.24,15110.89391,1449074019.0674856,7115.78198,682358960.754042,4263558,0.010539439640718129,0.000637054443359375,-0.014061290467363818,-0.026611328125,-0.0157470703125,0.016845703125,0.0269775390625
BTCUSDT,2025-11-16 00:00:00+00:00,95596.23,96635.11,93005.55,94261.44,23889.4051,2261295524.8173394,10828.62752,1025540141.3111866,5141394,-0.014061290467363818,0.0002803802490234375,-0.0219478729477931,-0.0272216796875,-0.016357421875,0.0169677734375,0.027587890625
BTCUSDT,2025-11-17 00:00:00+00:00,94261.45,96043.0,91220.0,92215.14,39218.59806,3674562070.2386065,18690.19245,1750979467.7862608,8134322,-0.0219478729477931,-0.00015735626220703125,0.008053896310370234,-0.0294189453125,-0.0174560546875,0.01708984375,0.0284423828125
BTCUSDT,2025-11-18 00:00:00+00:00,92215.14,93836.01,89253.78,92960.83,39835.14769,3641033186.3004575,20130.95957,1841176605.1418235,8786593,0.008053896310370234,0.00043487548828125,-0.015238773937443995,-0.0269775390625,-0.01611328125,0.0169677734375,0.0274658203125
BTCUSDT,2025-11-19 00:00:00+00:00,92960.83,92980.22,88608.0,91554.96,32286.6376,2925773651.2559576,15060.08451,1365200809.1745572,6822174,-0.015238773937443995,-0.000522613525390625,-0.05520981689189419,-0.026611328125,-0.0159912109375,0.0150146484375,0.025146484375
BTCUSDT,2025-11-20 00:00:00+00:00,91554.96,93160.0,86100.0,86637.23,39733.19073,3548950335.0984216,18283.84047,1634256490.957432,7841395,-0.05520981689189419,-0.0002841949462890625,-0.017556826574242734,-0.0279541015625,-0.016845703125,0.01611328125,0.0267333984375
BTCUSDT,2025-11-21 00:00:00+00:00,86637.22,87498.94,80600.0,85129.43,72256.12679,6061348756.341564,34071.85828,2859133223.2240524,11826480,-0.017556826574242734,-0.00138092041015625,-0.004588127246520912,-0.0274658203125,-0.0164794921875,0.013427734375,0.0233154296875
BTCUSDT,2025-11-22 00:00:00+00:00,85129.42,85620.0,83500.0,84739.74,14193.93263,1197657354.9690385,6688.79428,564562148.9373932,4697593,-0.004588127246520912,-0.0008697509765625,0.024367507087484697,-0.0279541015625,-0.0167236328125,0.01483154296875,0.0250244140625
BTCUSDT,2025-11-23 00:00:00+00:00,84739.75,88127.64,84667.57,86830.0,19734.46418,1708685030.2798696,10406.51703,901210513.5204473,5063493,0.024367507087484697,-0.0004024505615234375,0.01678803678763785,-0.0291748046875,-0.017578125,0.0167236328125,0.027587890625
BTCUSDT,2025-11-24 00:00:00+00:00,86830.0,89228.0,85272.0,88300.01,24663.12795,2150393686.9203186,12438.87518,1085485389.0234168,6189156,0.01678803678763785,-0.000751495361328125,-0.010588704373343916,-0.031005859375,-0.018310546875,0.0166015625,0.028076171875
BTCUSDT,2025-11-25 00:00:00+00:00,88300.01,88519.99,86116.0,87369.96,19567.0411,1708989000.038937,9423.17985,823123525.1402558,4838747,-0.010588704373343916,0.00030517578125,0.03502174404226999,-0.028564453125,-0.0162353515625,0.0166015625,0.0279541015625
BTCUSDT,2025-11-26 00:00:00+00:00,87369.97,90656.08,86306.77,90484.02,21675.82239,1916851896.6699688,10883.61063,962765375.8163832,4668280,0.03502174404226999,0.000732421875,0.009349308992867122,-0.02734375,-0.01611328125,0.0177001953125,0.0289306640625
BTCUSDT,2025-11-27 00:00:00+00:00,90484.01,91950.0,90089.91,91333.95,16833.50932,1535778106.5787077,8898.35835,812005498.7594875,3920172,0.009349308992867122,0.00102996826171875,-0.004864883803623599,-0.0250244140625,-0.01446533203125,0.0167236328125,0.0272216796875
BTCUSDT,2025-11-28 00:00:00+00:00,91333.94,93092.0,90180.63,90890.7,18830.86012,1721418035.0795596,8961.64712,820315728.918691,4229754,-0.004864883803623599,0.00075531005859375,-0.0009715282254703084,-0.0234375,-0.01336669921875,0.01470947265625,0.024658203125
BTCUSDT,2025-11-29 00:00:00+00:00,90890.71,91165.65,90155.47,90802.44,7429.88291,673725652.9787655,3359.04932,304614219.1452583,1677860,-0.0009715282254703084,0.0004119873046875,-0.004884465893088219,-0.023193359375,-0.01324462890625,0.01416015625,0.023681640625
BTCUSDT,2025-11-30 00:00:00+00:00,90802.44,92000.01,90336.9,90360.0,9687.74175,884051773.1655338,5002.96698,456606490.1203246,2154030,-0.004884465893088219,0.00024318695068359375,-0.046134215573856,-0.0220947265625,-0.0125732421875,0.01336669921875,0.022705078125
BTCUSDT,2025-12-01 00:00:00+00:00,90360.01,90417.0,83822.76,86286.01,34509.01227,2977024047.2231607,15524.33346,1338718794.0013125,7709685,-0.046134215573856,0.00030517578125,0.05624100401714749,-0.0279541015625,-0.0166015625,0.01708984375,0.0279541015625
BTCUSDT,2025-12-02 00:00:00+00:00,86286.01,92307.65,86184.39,91277.88,28210.22732,2519515177.662365,13512.33949,1206199898.2941513,6397299,0.05624100401714749,0.00141143798828125,0.023303477601613665,-0.030029296875,-0.0177001953125,0.021240234375,0.03369140625
BTCUSDT,2025-12-03 00:00:00+00:00,91277.88,94150.0,90990.23,93429.95,25712.52585,2386223626.8613906,12993.19312,1206219500.4577343,6733182,0.023303477601613665,0.000274658203125,-0.01457526208899651,-0.02978515625,-0.01806640625,0.01904296875,0.03076171875
BTCUSDT,2025-12-04 00:00:00+00:00,93429.95,94080.0,90889.0,92078.06,19803.94059,1836645629.33462,8312.69539,770992235.207992,5856049,-0.01457526208899651,0.000492095947265625,-0.03029887006416132,-0.0257568359375,-0.0152587890625,0.0166015625,0.02685546875
BTCUSDT,2025-12-05 00:00:00+00:00,92078.06,92692.36,88056.0,89330.04,19792.97218,1788436983.8106546,8722.13995,787809723.7213238,5520352,-0.03029887006416132,0.00089263916015625,-0.0010444269910223625,-0.02490234375,-0.01446533203125,0.0162353515625,0.0260009765625
BTCUSDT,2025-12-06 00:00:00+00:00,89330.04,90289.97,88908.01,89236.79,8409.50016,753420679.8063259,4041.72834,362232786.26957136,2482221,-0.0010444269910223625,0.0009307861328125,0.01289898702078851,-0.0234375,-0.013427734375,0.01513671875,0.024169921875
BTCUSDT,2025-12-07 00:00:00+00:00,89236.8,91760.0,87719.28,90395.31,13021.11185,1167866486.8455212,6370.56683,571547237.8567672,3953071,0.01289898702078851,0.000637054443359375,0.0026407844119589186,-0.0252685546875,-0.0145263671875,0.0162353515625,0.0260009765625
BTCUSDT,2025-12-08 00:00:00+00:00,90395.32,92287.15,89612.0,90634.34,15793.63887,1436920018.893613,7296.74328,663654575.4521835,5458731,0.0026407844119589186,0.000701904296875,0.0223065817697794,-0.027099609375,-0.0157470703125,0.01708984375,0.02783203125
BTCUSDT,2025-12-09 00:00:00+00:00,90634.35,94588.99,89500.0,92678.8,21240.43014,1956261065.6071732,10517.75959,969426006.1222627,5940223,0.0223065817697794,0.0014495849609375,-0.007184123390461039,-0.0264892578125,-0.01495361328125,0.018310546875,0.029541015625
BTCUSDT,2025-12-10 00:00:00+00:00,92678.81,94476.0,91563.15,92015.37,18998.68083,1758773276.2478049,9197.33116,852012295.3967115,6025707,-0.007184123390461039,-9.584426879882812e-05,0.005397654393828333,-0.030517578125,-0.0181884765625,0.0181884765625,0.031005859375
BTCUSDT,2025-12-11 00:00:00+00:00,92015.38,93555.0,89260.63,92513.38,19972.58758,1814322119.0658488,9150.89797,831529923.8088819,6250438,0.005397654393828333,0.000274658203125,-0.024565606595954748,-0.0257568359375,-0.01495361328125,0.0152587890625,0.025390625
BTCUSDT,2025-12-12 00:00:00+00:00,92513.38,92754.0,89480.0,90268.42,16679.19169,1521683425.5648005,7986.68273,728724357.3886564,4956719,-0.024565606595954748,0.000926971435546875,-0.00031477754512110323,-0.023681640625,-0.013671875,0.015625,0.0255126953125
BTCUSDT,2025-12-13 00:00:00+00:00,90268.43,90634.55,89766.39,90240.01,5895.70788,532250544.59040153,2237.9847,202065519.4961406,1363754,-0.00031477754512110323,0.00086212158203125,-0.023181518223392317,-0.0225830078125,-0.0130615234375,0.0147705078125,0.0240478515625
BTCUSDT,2025-12-14 00:00:00+00:00,90240.0,90472.4,87577.36,88172.17,9416.94004,839079130.8378651,4005.70835,356905157.3266693,3115749,-0.023181518223392317,9.059906005859375e-05,-0.01993247714905877,-0.0267333984375,-0.0159912109375,0.0164794921875,0.0272216796875
BTCUSDT,2025-12-15 00:00:00+00:00,88172.16,90052.64,85146.64,86432.08,19778.6919,1732823429.5017288,9592.41076,840349649.3250623,6747167,-0.01993247714905877,-5.269050598144531e-05,0.01642466016055444,-0.028076171875,-0.016357421875,0.0164794921875,0.0274658203125
BTCUSDT,2025-12-16 00:00:00+00:00,86432.08,88175.98,85266.0,87863.42,18456.05017,1604673428.6527836,9065.97746,788731082.46646,6099692,0.01642466016055444,0.000576019287109375,-0.018612119227457313,-0.02587890625,-0.01513671875,0.0166015625,0.0267333984375
BTCUSDT,2025-12-17 00:00:00+00:00,87863.43,90365.85,85314.0,86243.22,19834.11729,1733348496.6703594,9277.27838,810618013.2566439,6058638,-0.018612119227457313,-4.112720489501953e-06,-0.008463156774887182,-0.027587890625,-0.0166015625,0.0166015625,0.0272216796875
BTCUSDT,2025-12-18 00:00:00+00:00,86243.23,89477.61,84450.01,85516.41,25405.41763,2204223872.6696463,12668.53838,1098646854.9700365,6946947,-0.008463156774887182,-0.00031280517578125,0.030183453965175744,-0.0264892578125,-0.01611328125,0.015625,0.0257568359375
BTCUSDT,2025-12-19 00:00:00+00:00,85516.41,89399.97,85110.24,88136.94,21256.65004,1863236625.932864,10880.14451,953886285.3647416,6482253,0.030183453965175744,0.0002422332763671875,0.002537822788109878,-0.0262451171875,-0.0159912109375,0.0166015625,0.02685546875
BTCUSDT,2025-12-20 00:00:00+00:00,88136.95,88573.07,87795.76,88360.9,5123.13194,451919022.72775954,2456.37063,216687645.32920048,1174426,0.002537822788109878,0.000659942626953125,0.003366407020218176,-0.0245361328125,-0.0146484375,0.0162353515625,0.0260009765625
BTCUSDT,2025-12-21 00:00:00+00:00,88360.91,89081.77,87600.04,88658.86,7132.87258,629720971.7866651,3450.39397,304712061.7980245,2030666,0.003366407020218176,0.000530242919921875,-0.000429490926737941,-0.0244140625,-0.01458740234375,0.01556396484375,0.0252685546875
BTCUSDT,2025-12-22 00:00:00+00:00,88658.87,90588.23,87900.0,88620.79,14673.2197,1310235631.747926,7269.61435,649186791.7715422,4847747,-0.000429490926737941,0.000274658203125,-0.012887699635667715,-0.0252685546875,-0.014892578125,0.0155029296875,0.0252685546875
BTCUSDT,2025-12-23 00:00:00+00:00,88620.79,88940.0,86601.9,87486.0,13910.32904,1219899607.2677548,6381.76747,559905195.8871304,4465080,-0.012887699635667715,0.000110626220703125,0.002094711492890866,-0.0255126953125,-0.01495361328125,0.015380859375,0.0255126953125
BTCUSDT,2025-12-24 00:00:00+00:00,87486.0,88049.89,86420.0,87669.45,9140.8432,797460526.4738462,4543.27331,396385690.4046026,2877239,0.002094711492890866,-0.000301361083984375,-0.005079409544226365,-0.02490234375,-0.01495361328125,0.0142822265625,0.0238037109375
BTCUSDT,2025-12-25 00:00:00+00:00,87669.44,88592.74,86934.72,87225.27,7096.58235,622970453.6497648,3390.95708,297591128.7233041,1992172,-0.005079409544226365,-0.0003566741943359375,0.0016528557328907567,-0.0211181640625,-0.01226806640625,0.0115966796875,0.02001953125
BTCUSDT,2025-12-26 00:00:00+00:00,87225.27,89567.75,86655.08,87369.56,18344.61505,1616722115.636646,8846.80613,780464877.7249064,4509482,0.0016528557328907567,0.000278472900390625,0.005791285025194881,-0.0189208984375,-0.01068115234375,0.01129150390625,0.019287109375
BTCUSDT,2025-12-27 00:00:00+00:00,87369.56,87984.0,87253.05,87877.01,4469.55156,391274205.274436,2065.72405,180860481.2392424,957536,0.005791285025194881,0.000568389892578125,0.0008610604018155499,-0.02001953125,-0.01123046875,0.0123291015625,0.020751953125
BTCUSDT,2025-12-28 00:00:00+00:00,87877.0,88088.75,87435.0,87952.71,4446.29285,390327299.1502763,2230.75216,195842128.18741432,1241426,0.0008610604018155499,0.000614166259765625,-0.008169240631806574,-0.0213623046875,-0.01220703125,0.01361083984375,0.0224609375
BTCUSDT,2025-12-29 00:00:00+00:00,87952.71,90406.08,86806.5,87237.13,19894.98575,1762011993.0377953,10079.10102,892298235.3755021,4793589,-0.008169240631806574,0.0003681182861328125,0.01420854073060518,-0.0220947265625,-0.01312255859375,0.0137939453125,0.022705078125
BTCUSDT,2025-12-30 00:00:00+00:00,87237.13,89400.0,86845.66,88485.49,13105.91001,1155016404.4786751,6561.56089,578303387.4025433,3542176,0.01420854073060518,0.0003204345703125,-0.00950728065188855,-0.023681640625,-0.01373291015625,0.014404296875,0.0238037109375
BTCUSDT,2025-12-31 00:00:00+00:00,88485.5,89200.0,87250.0,87648.22,11558.62047,1019746835.2795268,5432.03408,479104976.9645489,2897396,-0.00950728065188855,-0.00014400482177734375,0.013494889906894514,-0.0242919921875,-0.01422119140625,0.01324462890625,0.0225830078125
BTCUSDT,2026-01-01 00:00:00+00:00,87648.21,88919.45,87550.43,88839.04,6279.57133,552991635.2911001,3123.64536,275090077.2883817,1449281,0.013494889906894514,0.000400543212890625,0.012929364730522863,-0.021484375,-0.012451171875,0.012939453125,0.0216064453125
BTCUSDT,2026-01-02 00:00:00+00:00,88839.05,90961.81,88379.88,89995.13,17396.97301,1558958860.8870876,8929.35447,800380273.9640186,5010211,0.012929364730522863,0.00011444091796875,0.007007768661280167,-0.0216064453125,-0.01263427734375,0.01263427734375,0.0208740234375
BTCUSDT,2026-01-03 00:00:00+00:00,89995.14,90741.16,89314.01,90628.01,7057.46716,635514773.6093655,3791.72083,341479553.3015828,1684214,0.007007768661280167,0.000362396240234375,0.009900511123454692,-0.020751953125,-0.01220703125,0.01275634765625,0.021240234375
BTCUSDT,2026-01-04 00:00:00+00:00,90628.01,91810.0,90628.0,91529.73,10426.5297,952160980.5212083,5320.99389,485918671.5920199,2207037,0.009900511123454692,0.0009002685546875,0.025137383113591483,-0.02197265625,-0.0128173828125,0.0146484375,0.0233154296875
BTCUSDT,2026-01-05 00:00:00+00:00,91529.74,94789.08,91514.81,93859.71,20673.59584,1927455243.548076,10892.9695,1015858751.9317029,5485489,0.025137383113591483,0.001129150390625,-0.001191209370672297,-0.02197265625,-0.012939453125,0.01544189453125,0.0244140625
BTCUSDT,2026-01-06 00:00:00+00:00,93859.71,94444.44,91262.94,93747.97,18546.41829,1728045542.298375,8108.82157,755998193.3969632,5018686,-0.001191209370672297,0.00131988525390625,-0.02575673226108499,-0.020263671875,-0.011474609375,0.0140380859375,0.0225830078125
BTCUSDT,2026-01-07 00:00:00+00:00,93747.97,93747.97,90675.52,91364.16,14276.49025,1311906952.9749737,6714.86954,616889466.1481977,4340252,-0.02575673226108499,6.723403930664062e-05,-0.0028955845252411905,-0.0234375,-0.01373291015625,0.0137939453125,0.02294921875
BTCUSDT,2026-01-08 00:00:00+00:00,91364.16,91687.99,89311.0,91099.99,16132.79117,1460622501.2073882,8192.07574,741768676.9751914,4923472,-0.0028955845252411905,0.00057220458984375,-0.005047956075854287,-0.021484375,-0.012451171875,0.013671875,0.022705078125
BTCUSDT,2026-01-09 00:00:00+00:00,91100.0,92082.55,89694.66,90641.28,15590.27939,1416907180.1870482,8512.4327,773999739.2375336,4155703,-0.005047956075854287,0.00084686279296875,-0.0015079553615393593,-0.019287109375,-0.01104736328125,0.0125732421875,0.0205078125
BTCUSDT,2026-01-10 00:00:00+00:00,90641.27,90832.0,90404.0,90504.7,3104.11722,281321375.4802981,1551.97383,140664759.4095869,766357,-0.0015079553615393593,0.00090789794921875,0.0056077122089455145,-0.017578125,-0.0098876953125,0.01171875,0.019287109375
BTCUSDT,2026-01-11 00:00:00+00:00,90504.7,91283.89,90236.0,91013.65,5477.13594,497245863.9319499,2868.36168,260447706.8088716,1282029,0.0056077122089455145,0.00016880035400390625,0.003099670437196167,-0.020263671875,-0.01153564453125,0.011962890625,0.0201416015625
BTCUSDT,2026-01-12 00:00:00+00:00,91013.66,92519.95,90128.44,91296.2,16188.08268,1479964862.2693064,8092.5428,740004800.1807222,4099509,0.003099670437196167,9.775161743164062e-06,0.044116152506372686,-0.0228271484375,-0.01324462890625,0.01312255859375,0.0220947265625
BTCUSDT,2026-01-13 00:00:00+00:00,91296.2,96495.0,91042.66,95414.0,23021.51482,2149770801.117704,12405.23056,1159067162.248983,5025071,0.044116152506372686,0.00213623046875,0.015988423287945253,-0.023193359375,-0.01300048828125,0.0174560546875,0.02783203125
BTCUSDT,2026-01-14 00:00:00+00:00,95413.99,97924.49,94559.28,96951.78,22851.89428,2201535821.648615,11974.98829,1154415462.597303,5346212,0.015988423287945253,0.0012969970703125,-0.01399071349755232,-0.02294921875,-0.01318359375,0.0157470703125,0.0252685546875
BTCUSDT,2026-01-15 00:00:00+00:00,96951.78,97193.34,95134.48,95604.8,21725.81369,2093008182.8437335,10841.32767,1045103063.1114848,4493095,-0.01399071349755232,0.000576019287109375,-0.0005635195827800032,-0.0238037109375,-0.01373291015625,0.01458740234375,0.02392578125
BTCUSDT,2026-01-16 00:00:00+00:00,95604.81,95871.47,94293.46,95550.94,11167.7146,1064019408.0772514,5055.06952,481723178.0814679,2971559,-0.0005635195827800032,0.000652313232421875,-0.004228351630569449,-0.0189208984375,-0.01025390625,0.01123046875,0.01904296875
BTCUSDT,2026-01-17 00:00:00+00:00,95550.94,95639.45,95021.67,95147.77,4280.80137,408161941.6719079,2059.85283,196399075.9709701,1020527,-0.004228351630569449,0.000885009765625,-0.015619668190675284,-0.019775390625,-0.010986328125,0.0125732421875,0.020751953125
BTCUSDT,2026-01-18 00:00:00+00:00,95147.77,95531.12,93615.4,93673.14,6895.17819,654773743.2677119,3107.35604,295217762.8212793,1488785,-0.015619668190675284,0.0001850128173828125,-0.011187629751686856,-0.023193359375,-0.0135498046875,0.01385498046875,0.0230712890625
BTCUSDT,2026-01-19 00:00:00+00:00,93673.14,93673.14,91910.2,92631.0,14295.52747,1326770336.049047,6906.84245,640981004.8958122,3359066,-0.011187629751686856,-6.198883056640625e-05,-0.04643904221674866,-0.02392578125,-0.01434326171875,0.0140380859375,0.0233154296875
BTCUSDT,2026-01-20 00:00:00+00:00,92630.99,92870.0,87895.98,88427.66,22007.3261,1989676668.5941784,9629.19624,870936424.1390942,6064031,-0.04643904221674866,0.000949859619140625,0.011547870630408852,-0.0272216796875,-0.01611328125,0.0181884765625,0.0291748046875
BTCUSDT,2026-01-21 00:00:00+00:00,88427.66,90574.0,87263.53,89454.73,20617.50372,1837708115.3597035,10265.21302,915531751.0822006,6419053,0.011547870630408852,0.0003223419189453125,0.0011724197832183592,-0.0252685546875,-0.0152587890625,0.015869140625,0.025634765625
BTCUSDT,2026-01-22 00:00:00+00:00,89454.73,90359.99,88515.37,89559.67,10825.50492,969910623.3559886,5529.54766,495598490.52278966,3743412,0.0011724197832183592,4.553794860839844e-05,0.00045311471928499714,-0.0218505859375,-0.01287841796875,0.01287841796875,0.0216064453125
BTCUSDT,2026-01-23 00:00:00+00:00,89559.68,91224.99,88578.36,89600.26,13918.48919,1248772265.678843,6911.17668,620204414.132354,4619907,0.00045311471928499714,0.0007476806640625,-0.004193141802224076,-0.0172119140625,-0.00946044921875,0.0108642578125,0.0181884765625
BTCUSDT,2026-01-24 00:00:00+00:00,89600.26,89957.39,89162.08,89225.34,4226.56737,378464146.0918812,1835.96939,164401193.4396937,959854,-0.004193141802224076,0.00074005126953125,-0.029053123136140613,-0.0181884765625,-0.010009765625,0.01141357421875,0.0189208984375
BTCUSDT,2026-01-25 00:00:00+00:00,89225.34,89319.13,86074.72,86670.36,14426.22019,1264233689.841581,6269.27657,549304584.5673953,3720178,-0.029053123136140613,0.00025177001953125,0.019161191027651014,-0.0245361328125,-0.01422119140625,0.014892578125,0.0247802734375
BTCUSDT,2026-01-26 00:00:00+00:00,86670.36,88860.0,86509.63,88347.08,17766.51453,1560135758.989215,9428.94206,827914390.6949898,4798083,0.019161191027651014,-7.62939453125e-05,0.010168272808073198,-0.024658203125,-0.0147705078125,0.01470947265625,0.024658203125
BTCUSDT,2026-01-27 00:00:00+00:00,88347.08,89523.16,87304.33,89250.0,13125.40425,1160026853.5895033,6722.86937,594388596.0572797,3787336,0.010168272808073198,0.0004253387451171875,0.000559955240616361,-0.022216796875,-0.0125732421875,0.0135498046875,0.0225830078125
BTCUSDT,2026-01-28 00:00:00+00:00,89249.99,90600.0,88833.65,89299.99,14332.18502,1283919840.851472,7015.44336,628761031.3151364,4385791,0.000559955240616361,0.00038909912109375,-0.053474377187153976,-0.022216796875,-0.01287841796875,0.0135498046875,0.0225830078125
BTCUSDT,2026-01-29 00:00:00+00:00,89300.0,89348.0,83383.33,84650.16,30431.38201,2610381587.9100037,12385.58906,1062920384.0760188,5598749,-0.053474377187153976,0.000759124755859375,-0.004613926845758343,-0.02587890625,-0.01495361328125,0.0166015625,0.0269775390625
BTCUSDT,2026-01-30 00:00:00+00:00,84650.16,84735.75,81118.0,84260.49,35195.84793,2918624066.481832,16749.59784,1389486785.106681,8998829,-0.004613926845758343,0.0002727508544921875,-0.06774794341998813,-0.0242919921875,-0.01409912109375,0.014404296875,0.0240478515625
BTCUSDT,2026-01-31 00:00:00+00:00,84260.5,84270.02,75719.9,78741.09,39491.89133,3155264093.623044,17959.61358,1435120245.9826963,7384976,-0.06774794341998813,0.000335693359375,-0.02277264898561171,-0.0311279296875,-0.0179443359375,0.01806640625,0.030029296875
BTCUSDT,2026-02-01 00:00:00+00:00,78741.1,79424.0,75700.0,76968.21,25395.48168,1974920557.0473864,12031.74392,936095742.7402173,8001906,-0.02277264898561171,-0.0008697509765625,0.022741152862616687,-0.033447265625,-0.0198974609375,0.0172119140625,0.029052734375
BTCUSDT,2026-02-02 00:00:00+00:00,76968.22,79360.0,74604.0,78738.61,42273.59016,3260752444.4613295,21480.45115,1658977441.2234404,10085578,0.022741152862616687,-0.000331878662109375,-0.038428424839562325,-0.034423828125,-0.020263671875,0.0185546875,0.03125
BTCUSDT,2026-02-03 00:00:00+00:00,78738.6,79186.81,72945.5,75770.21,39120.10889,2986903008.574792,17304.88253,1324119396.4360397,9199445,-0.038428424839562325,-0.000675201416015625,-0.03497669878289855,-0.03125,-0.0189208984375,0.016845703125,0.0279541015625
BTCUSDT,2026-02-04 00:00:00+00:00,75770.21,76971.52,71888.0,73165.83,38375.36,2852834631.5391464,17274.35569,1284664768.8290725,10724002,-0.03497669878289855,-0.002044677734375,-0.1510256005239139,-0.033935546875,-0.0208740234375,0.0157470703125,0.02685546875
BTCUSDT,2026-02-05 00:00:00+00:00,73165.84,73341.18,62345.0,62909.86,106298.82899,7198745594.280694,49042.65006,3325749503.03324,15364010,-0.1510256005239139,-0.004058837890625,0.11504759382535035,-0.0546875,-0.032470703125,0.019775390625,0.0341796875
BTCUSDT,2026-02-06 00:00:00+00:00,62909.87,71751.33,60000.0,70580.26,92539.21531,6134056670.6115055,49477.51198,3288426149.280688,13228528,0.11504759382535035,-0.00445556640625,-0.01845885430431693,-0.061279296875,-0.03759765625,0.0264892578125,0.046875
BTCUSDT,2026-02-07 00:00:00+00:00,70580.26,71690.07,67300.0,69289.38,44255.48036,3058983879.0691524,18766.22233,1298989823.4294407,7167427,-0.01845885430431693,-0.00135040283203125,0.01491220570587437,-0.0419921875,-0.0255126953125,0.0216064453125,0.035888671875
BTCUSDT,2026-02-08 00:00:00+00:00,69289.37,72271.41,68888.0,70330.38,21420.53168,1510003758.652842,11435.75238,805898867.2818197,4870449,0.01491220570587437,-0.000553131103515625,-0.002739123499285512,-0.03857421875,-0.0225830078125,0.02099609375,0.034912109375
BTCUSDT,2026-02-09 00:00:00+00:00,70330.38,71453.53,68308.0,70138.0,29152.72842,2038959539.4209776,13854.63486,969001616.6829728,6644769,-0.002739123499285512,-0.001983642578125,-0.018661019632782327,-0.038330078125,-0.0230712890625,0.0179443359375,0.0311279296875
BTCUSDT,2026-02-10 00:00:00+00:00,70138.0,70527.59,67800.0,68841.29,20373.77072,1408623623.3599253,9237.21056,638739950.2535255,4558658,-0.018661019632782327,-0.000728607177734375,-0.025880206939472572,-0.034423828125,-0.019775390625,0.017822265625,0.0301513671875
BTCUSDT,2026-02-11 00:00:00+00:00,68841.28,69292.88,65756.0,67082.52,28718.24602,1930513947.5441144,14335.50997,963903748.2694871,6956577,-0.025880206939472572,-0.0026092529296875,-0.01215345293767811,-0.034423828125,-0.021484375,0.01544189453125,0.02734375
BTCUSDT,2026-02-12 00:00:00+00:00,67082.52,68410.52,65118.0,66272.17,24271.74283,1622162145.3342066,12101.72511,809418852.0733618,6778280,-0.01215345293767811,-0.0017242431640625,0.038217689464747906,-0.0296630859375,-0.0177001953125,0.01385498046875,0.0245361328125
BTCUSDT,2026-02-13 00:00:00+00:00,66272.17,69482.97,65872.46,68853.96,20244.54955,1371286022.3300548,10425.24887,706766540.6168541,6450842,0.038217689464747906,0.00010013580322265625,0.013975012427655642,-0.0263671875,-0.01495361328125,0.01483154296875,0.025146484375
BTCUSDT,2026-02-14 00:00:00+00:00,68853.97,70560.01,68730.13,69822.95,18114.78393,1260259314.3600264,7857.93423,546756073.2649412,3803163,0.013975012427655642,0.0004520416259765625,-0.014285572925025747,-0.0281982421875,-0.0164794921875,0.0172119140625,0.0284423828125
