symbol,ts_decision,open_t,high_t,low_t,close_t,volume_t,quotevolume_t,activebuyvolume_t,activebuyquotevolume_t,tradenum_t,target_logreturn_t,pred_ret_t+1_mean,y_true_ret_t+1,pred_ret_t+1_q0.1,pred_ret_t+1_q0.2,pred_ret_t+1_q0.8,pred_ret_t+1_q0.9
XRPUSDT,2025-01-01 00:00:00+00:00,2.0836,2.3545,2.0811,2.3328,340770274.0,760832060.3151,172730136.0,385505187.5409,1403523,0.1129720959433026,0.0012054443359375,0.02939897485478138,-0.08251953125,-0.046630859375,0.053955078125,0.0986328125
XRPUSDT,2025-01-02 00:00:00+00:00,2.3329,2.4522,2.3297,2.4024,361196381.0,865949775.7157,176197020.0,422542683.7391,1580048,0.02939897485478138,0.0032958984375,0.02153631649985388,-0.0791015625,-0.043212890625,0.053955078125,0.09326171875
XRPUSDT,2025-01-03 00:00:00+00:00,2.4024,2.4798,2.3966,2.4547,233672728.0,569422075.2811,115684473.0,281915201.2595,1277666,0.02153631649985388,0.0027008056640625,-0.014195692557935957,-0.064453125,-0.034912109375,0.042236328125,0.07373046875
XRPUSDT,2025-01-04 00:00:00+00:00,2.4546,2.509,2.3999,2.4201,179793926.0,440309558.1877,92266324.0,226298612.3335,1037882,-0.014195692557935957,0.0017242431640625,-0.008590155530210808,-0.0595703125,-0.033203125,0.038330078125,0.0654296875
XRPUSDT,2025-01-05 00:00:00+00:00,2.4201,2.4285,2.3273,2.3994,155537860.0,370016358.6036,75238874.0,178995628.6171,1004398,-0.008590155530210808,0.00124359130859375,0.008548834069904476,-0.0546875,-0.030517578125,0.034423828125,0.0595703125
XRPUSDT,2025-01-06 00:00:00+00:00,2.3993,2.4584,2.3674,2.42,194293277.0,468861826.3566,96782056.0,233565957.3351,1362403,0.008548834069904476,0.00049591064453125,-0.06345921399197074,-0.04931640625,-0.02783203125,0.0294189453125,0.05078125
XRPUSDT,2025-01-07 00:00:00+00:00,2.42,2.4683,2.2572,2.2712,342477338.0,806352782.1044,163078786.0,384286875.4551,2103134,-0.06345921399197074,-6.0558319091796875e-05,0.04388879113921107,-0.0693359375,-0.039306640625,0.0419921875,0.07421875
XRPUSDT,2025-01-08 00:00:00+00:00,2.2712,2.3986,2.2001,2.3731,401036029.0,926470982.8333,198096518.0,457806836.4431,2658449,0.04388879113921107,0.0015411376953125,-0.04344859216216823,-0.068359375,-0.0390625,0.046875,0.0810546875
XRPUSDT,2025-01-09 00:00:00+00:00,2.373,2.3956,2.2351,2.2722,294585086.0,679791974.642,143349174.0,330873563.9827,2023830,-0.04344859216216823,0.000865936279296875,0.030000515909767933,-0.059326171875,-0.033203125,0.036376953125,0.0625
XRPUSDT,2025-01-10 00:00:00+00:00,2.2722,2.3699,2.2465,2.3414,248018278.0,570867396.723,123470779.0,284190360.4484,1750697,0.030000515909767933,0.0012969970703125,0.09564403462716353,-0.051513671875,-0.0284423828125,0.03173828125,0.053955078125
XRPUSDT,2025-01-11 00:00:00+00:00,2.3414,2.6036,2.3249,2.5764,349172496.0,860275796.7852,174913645.0,431462023.8134,2062973,0.09564403462716353,0.003204345703125,-0.028264034542803573,-0.06787109375,-0.03857421875,0.048583984375,0.07861328125
XRPUSDT,2025-01-12 00:00:00+00:00,2.5764,2.5835,2.47,2.5046,222912333.0,561787996.9803,108970788.0,274693060.8611,1690594,-0.028264034542803573,0.001953125,0.007398896078841921,-0.06787109375,-0.038818359375,0.046630859375,0.0791015625
XRPUSDT,2025-01-13 00:00:00+00:00,2.5045,2.5634,2.3297,2.5232,515356746.0,1264512280.7045,258555447.0,634762394.3991,3173708,0.007398896078841921,0.003021240234375,0.05553878758642894,-0.0654296875,-0.0361328125,0.047119140625,0.080078125
XRPUSDT,2025-01-14 00:00:00+00:00,2.5232,2.7,2.5126,2.6673,397227342.0,1032281639.4498,200394637.0,520816749.8642,2369127,0.05553878758642894,0.00384521484375,0.1640792157605987,-0.0654296875,-0.037353515625,0.049560546875,0.08154296875
XRPUSDT,2025-01-15 00:00:00+00:00,2.6673,3.2,2.6492,3.1429,1062630122.23,3077399206.0802794,548082481.47,1587665774.318337,6520615,0.1640792157605987,0.01397705078125,0.03200022574855188,-0.087890625,-0.046875,0.087890625,0.13671875
XRPUSDT,2025-01-16 00:00:00+00:00,3.143,3.4,2.9228,3.2451,1110371222.2,3552620342.3116794,561414637.2,1795860202.707479,7670634,0.03200022574855188,0.00830078125,0.014409867988631087,-0.08935546875,-0.04833984375,0.07373046875,0.123046875
XRPUSDT,2025-01-17 00:00:00+00:00,3.245,3.3544,3.1758,3.2922,529933494.0,1732354391.4355,255909175.0,837031735.9802,3804175,0.014409867988631087,0.0033416748046875,-0.006857796729609067,-0.08203125,-0.045654296875,0.058837890625,0.10009765625
XRPUSDT,2025-01-18 00:00:00+00:00,3.2923,3.2996,3.058,3.2697,458088944.0,1458009309.0717,221479121.0,705255693.7778,3479613,-0.006857796729609067,0.004180908203125,-0.09994825490627801,-0.080078125,-0.044677734375,0.059326171875,0.10107421875
XRPUSDT,2025-01-19 00:00:00+00:00,3.2697,3.2929,2.8277,2.9587,663328805.0,2059430331.7526,293914462.0,912980838.4607,5302553,-0.09994825490627801,0.0064697265625,0.048360346400716736,-0.087890625,-0.0478515625,0.06787109375,0.11083984375
XRPUSDT,2025-01-20 00:00:00+00:00,2.9586,3.3695,2.909,3.1053,838761258.0,2662458999.8704,411441377.0,1306434012.0448,6049584,0.048360346400716736,0.0037384033203125,0.021819279070927733,-0.09033203125,-0.05078125,0.061767578125,0.10107421875
XRPUSDT,2025-01-21 00:00:00+00:00,3.1053,3.246,3.0124,3.1738,376423502.0,1176436619.5296,184850058.0,577794116.2295,3502167,0.021819279070927733,0.0024261474609375,0.002045923818419615,-0.0771484375,-0.044189453125,0.051513671875,0.083984375
XRPUSDT,2025-01-22 00:00:00+00:00,3.1739,3.2854,3.1237,3.1803,291761274.0,933005266.3769,146379540.0,468329022.5312,2877227,0.002045923818419615,0.00154876708984375,-0.019334856329436434,-0.06640625,-0.0380859375,0.04248046875,0.06884765625
XRPUSDT,2025-01-23 00:00:00+00:00,3.1802,3.1868,3.0374,3.1194,305314846.0,951855494.0834,151385875.0,472071948.9241,3149510,-0.019334856329436434,0.00147247314453125,-0.005948283699287682,-0.07080078125,-0.040771484375,0.0458984375,0.07666015625
XRPUSDT,2025-01-24 00:00:00+00:00,3.1194,3.2031,3.055,3.1009,232626964.0,731330547.6169,118046873.0,371172588.8893,2520376,-0.005948283699287682,-7.724761962890625e-05,0.0022870405691006734,-0.06787109375,-0.039794921875,0.04150390625,0.0703125
XRPUSDT,2025-01-25 00:00:00+00:00,3.1008,3.1446,3.0784,3.108,99489857.0,310069024.4943,48417506.0,150913578.4148,1251074,0.0022870405691006734,-0.000659942626953125,-0.027961301576698183,-0.0625,-0.036376953125,0.036376953125,0.06298828125
XRPUSDT,2025-01-26 00:00:00+00:00,3.1079,3.1443,3.0115,3.0223,128937813.0,399929472.8279,59077810.0,183283942.0887,1260024,-0.027961301576698183,0.000247955322265625,0.01082692600046653,-0.054931640625,-0.0308837890625,0.0322265625,0.05615234375
XRPUSDT,2025-01-27 00:00:00+00:00,3.0222,3.0587,2.6559,3.0552,660056174.0,1900074942.1515,323855013.0,932990486.1409,5675648,0.01082692600046653,0.00084686279296875,0.0006544074574224013,-0.0595703125,-0.03369140625,0.037109375,0.06298828125
XRPUSDT,2025-01-28 00:00:00+00:00,3.0552,3.214,3.0062,3.0572,369470786.0,1152177187.4389,183889070.0,573643111.7222,3656027,0.0006544074574224013,0.00014972686767578125,0.003624197910275795,-0.052734375,-0.029541015625,0.0308837890625,0.054443359375
XRPUSDT,2025-01-29 00:00:00+00:00,3.0572,3.1363,2.9673,3.0683,254756655.0,781733902.2928,129014242.0,395974250.8385,2883316,0.003624197910275795,-0.000102996826171875,0.019142274971354345,-0.045166015625,-0.0247802734375,0.0247802734375,0.04541015625
XRPUSDT,2025-01-30 00:00:00+00:00,3.0683,3.1544,3.0466,3.1276,173143314.0,539405335.0565,84974904.0,264684482.5614,1397662,0.019142274971354345,0.00092315673828125,-0.029692140200868744,-0.04052734375,-0.0220947265625,0.0235595703125,0.041015625
XRPUSDT,2025-01-31 00:00:00+00:00,3.1276,3.1333,3.003,3.0361,162235322.0,498266349.8299,83100619.0,255224444.4982,1501610,-0.029692140200868744,-4.673004150390625e-05,-0.053547683720173156,-0.04296875,-0.0240478515625,0.023681640625,0.04150390625
XRPUSDT,2025-02-01 00:00:00+00:00,3.0361,3.0727,2.8281,2.8778,173601404.0,514185531.7884,82484050.0,244481022.3146,1758090,-0.053547683720173156,-0.000400543212890625,-0.10923671441365401,-0.056640625,-0.0322265625,0.032958984375,0.05712890625
XRPUSDT,2025-02-02 00:00:00+00:00,2.8779,2.9559,2.4603,2.58,684089012.0,1833042745.5623,330505088.0,885006286.2556,6446056,-0.10923671441365401,0.000919342041015625,0.045499410427940146,-0.07421875,-0.040771484375,0.04638671875,0.0888671875
XRPUSDT,2025-02-03 00:00:00+00:00,2.5801,2.7814,1.7711,2.7001,1866758972.0,4362783819.6807,916458838.0,2144743382.0534,11491884,0.045499410427940146,0.00469970703125,-0.06609770301902285,-0.07861328125,-0.041015625,0.052734375,0.09521484375
XRPUSDT,2025-02-04 00:00:00+00:00,2.7,2.7874,2.4209,2.5274,621552965.0,1611405680.33,303205590.0,786033247.0797,4335952,-0.06609770301902285,0.00012302398681640625,-0.05967053883771778,-0.060302734375,-0.03369140625,0.034423828125,0.060546875
XRPUSDT,2025-02-05 00:00:00+00:00,2.5275,2.5692,2.3384,2.381,338815093.0,835666325.0093,164564007.0,406097698.1754,2444787,-0.05967053883771778,-0.0004253387451171875,-0.023800528465405923,-0.0634765625,-0.03662109375,0.036376953125,0.06396484375
XRPUSDT,2025-02-06 00:00:00+00:00,2.381,2.4699,2.2772,2.325,322896937.0,765674914.4537,158040941.0,374879168.7751,2493240,-0.023800528465405923,-0.001708984375,0.030414475301443478,-0.058837890625,-0.034423828125,0.0311279296875,0.0537109375
XRPUSDT,2025-02-07 00:00:00+00:00,2.3251,2.542,2.2655,2.3968,447487945.0,1081213105.8638,220189588.0,532341867.1087,3109058,0.030414475301443478,0.0003261566162109375,0.009219717287127005,-0.051513671875,-0.0296630859375,0.0302734375,0.051025390625
XRPUSDT,2025-02-08 00:00:00+00:00,2.3969,2.4372,2.3506,2.419,154717204.0,371554857.0273,77226989.0,185503788.4667,1258770,0.009219717287127005,-0.00146484375,-0.010890003294289019,-0.0478515625,-0.0269775390625,0.023681640625,0.042724609375
XRPUSDT,2025-02-09 00:00:00+00:00,2.419,2.5079,2.3113,2.3928,204205603.0,493229868.4024,100298440.0,242504200.8348,1407359,-0.010890003294289019,1.8835067749023438e-05,0.012831069838034503,-0.04541015625,-0.0257568359375,0.0250244140625,0.04345703125
XRPUSDT,2025-02-10 00:00:00+00:00,2.3928,2.4733,2.3235,2.4237,207257933.0,498991376.0799,104617691.0,251850787.3536,1753923,0.012831069838034503,-0.000682830810546875,-0.004383070199297179,-0.041748046875,-0.0235595703125,0.0208740234375,0.0361328125
XRPUSDT,2025-02-11 00:00:00+00:00,2.4238,2.529,2.3708,2.4131,248182176.0,610136390.0508,125001533.0,307404726.5371,2008342,-0.004383070199297179,-0.0004024505615234375,0.024681494353481104,-0.039794921875,-0.0225830078125,0.0213623046875,0.03662109375
XRPUSDT,2025-02-12 00:00:00+00:00,2.413,2.4962,2.3323,2.4734,227957636.0,549253249.7923,114506144.0,275874355.8942,1892950,0.024681494353481104,-0.000667572021484375,0.03437447290269213,-0.03759765625,-0.0216064453125,0.020263671875,0.034912109375
XRPUSDT,2025-02-13 00:00:00+00:00,2.4734,2.6061,2.4154,2.5599,212478703.0,527319051.3815,105873934.0,262862917.0583,1847589,0.03437447290269213,0.00017452239990234375,0.06740561300532688,-0.037353515625,-0.020751953125,0.0208740234375,0.036376953125
XRPUSDT,2025-02-14 00:00:00+00:00,2.56,2.8356,2.53,2.7384,407541122.0,1099747748.5297,207147002.0,558746250.594,3930531,0.06740561300532688,0.00104522705078125,0.008545040449740249,-0.045166015625,-0.025146484375,0.027587890625,0.046875
XRPUSDT,2025-02-15 00:00:00+00:00,2.7384,2.8335,2.713,2.7619,184181907.0,512007575.2376,91568097.0,254510769.2375,1962398,0.008545040449740249,0.000415802001953125,-0.012240144074207704,-0.040283203125,-0.0223388671875,0.0240478515625,0.041748046875
XRPUSDT,2025-02-16 00:00:00+00:00,2.7619,2.8054,2.6879,2.7283,132387997.0,364119985.9186,61790121.0,170050945.4324,1355421,-0.012240144074207704,-9.870529174804688e-05,-0.02539017650739739,-0.029296875,-0.0162353515625,0.01611328125,0.0291748046875
XRPUSDT,2025-02-17 00:00:00+00:00,2.7283,2.7648,2.6075,2.6599,212813356.0,569177522.7938,102496486.0,274292247.2483,1923364,-0.02539017650739739,-0.0013427734375,-0.03718811731924421,-0.033447265625,-0.0185546875,0.01519775390625,0.0284423828125
XRPUSDT,2025-02-18 00:00:00+00:00,2.6599,2.6699,2.4693,2.5628,227170019.0,582472946.2462,110114306.0,282463541.3288,2271670,-0.03718811731924421,-0.00093841552734375,0.0660542673965453,-0.0400390625,-0.022705078125,0.021484375,0.038818359375
XRPUSDT,2025-02-19 00:00:00+00:00,2.5629,2.747,2.5121,2.7378,208222691.0,545032758.8183,106116991.0,277755837.4483,1780798,0.0660542673965453,0.0001010894775390625,-0.018468868889769507,-0.046630859375,-0.0264892578125,0.0281982421875,0.04833984375
XRPUSDT,2025-02-20 00:00:00+00:00,2.7378,2.749,2.6671,2.6877,161213675.0,435621246.1541,81112172.0,219177503.6063,1348665,-0.018468868889769507,-0.00112152099609375,-0.04396312342111619,-0.042236328125,-0.023681640625,0.02099609375,0.0380859375
XRPUSDT,2025-02-21 00:00:00+00:00,2.6878,2.716,2.5076,2.5721,257754207.0,674793413.9233,125454025.0,328549097.7542,2010767,-0.04396312342111619,-0.001068115234375,0.0007384233055457434,-0.05029296875,-0.029296875,0.02685546875,0.046875
XRPUSDT,2025-02-22 00:00:00+00:00,2.5722,2.6099,2.5505,2.574,92516652.0,238844803.0007,42928150.0,110869708.0615,650453,0.0007384233055457434,-0.002532958984375,0.0008931519146054834,-0.048095703125,-0.02783203125,0.0220947265625,0.040283203125
XRPUSDT,2025-02-23 00:00:00+00:00,2.574,2.6016,2.5201,2.5763,91398009.0,234022514.1027,43695131.0,111904151.4748,703256,0.0008931519146054834,-0.0006256103515625,-0.12292471026567287,-0.0439453125,-0.0242919921875,0.0224609375,0.040771484375
XRPUSDT,2025-02-24 00:00:00+00:00,2.5763,2.609,2.2336,2.2783,351034781.0,849040644.8015,165921057.0,401686487.9423,2517960,-0.12292471026567287,0.00054931640625,0.019085461387901237,-0.060302734375,-0.03369140625,0.0361328125,0.06298828125
XRPUSDT,2025-02-25 00:00:00+00:00,2.2784,2.3663,2.0637,2.3222,762421577.0,1687911041.6206,379352257.0,840317371.0039,5941964,0.019085461387901237,0.00144195556640625,-0.05487616855810584,-0.07373046875,-0.041748046875,0.045654296875,0.076171875
XRPUSDT,2025-02-26 00:00:00+00:00,2.3222,2.3314,2.1507,2.1982,364125565.0,817894826.1718,173221927.0,388990998.6499,2839319,-0.05487616855810584,1.2099742889404297e-05,0.00013646598606487093,-0.0673828125,-0.0390625,0.04052734375,0.06787109375
XRPUSDT,2025-02-27 00:00:00+00:00,2.1983,2.2577,2.1453,2.1985,229741926.0,505961815.8416,115390979.0,254213325.9398,1932381,0.00013646598606487093,0.001129150390625,-0.02449590689840475,-0.0576171875,-0.03173828125,0.035400390625,0.059814453125
XRPUSDT,2025-02-28 00:00:00+00:00,2.1985,2.2017,1.951,2.1453,463166339.0,957869589.5801,226338375.0,467851252.923,3661569,-0.02449590689840475,0.0005950927734375,0.02135246794180068,-0.05908203125,-0.03369140625,0.037353515625,0.06298828125
XRPUSDT,2025-03-01 00:00:00+00:00,2.1454,2.2199,2.1214,2.1916,145588191.0,316213252.1932,67859376.0,147488691.8189,1047670,0.02135246794180068,-0.001434326171875,0.29364164699045536,-0.05712890625,-0.032958984375,0.031982421875,0.05712890625
XRPUSDT,2025-03-02 00:00:00+00:00,2.1917,2.999,2.1735,2.9396,806955619.0,2163390347.287,411034540.0,1102856444.3514,6201418,0.29364164699045536,0.007476806640625,-0.20811049744221033,-0.08935546875,-0.0498046875,0.072265625,0.11865234375
XRPUSDT,2025-03-03 00:00:00+00:00,2.9395,2.9676,2.2976,2.3873,770790136.0,2001737322.1551,373926373.0,970893032.5538,6149375,-0.20811049744221033,0.0062255859375,0.027678567975256363,-0.11328125,-0.06201171875,0.08203125,0.13671875
XRPUSDT,2025-03-04 00:00:00+00:00,2.3873,2.5388,2.2123,2.4543,569915093.0,1355169063.3158,279432752.0,664738569.8529,3775756,0.027678567975256363,0.005340576171875,0.018369140468359246,-0.09228515625,-0.050048828125,0.06787109375,0.11767578125
XRPUSDT,2025-03-05 00:00:00+00:00,2.4542,2.5409,2.408,2.4998,254905967.0,631175246.6963,126332121.0,312913891.6266,2083086,0.018369140468359246,0.002044677734375,0.03933917715228752,-0.083984375,-0.047607421875,0.05322265625,0.08935546875
XRPUSDT,2025-03-06 00:00:00+00:00,2.4998,2.6461,2.4707,2.6001,293494998.0,755127708.3694,151914103.0,390848066.405,2190118,0.03933917715228752,0.001922607421875,-0.08614115985224724,-0.08056640625,-0.0439453125,0.04931640625,0.08447265625
XRPUSDT,2025-03-07 00:00:00+00:00,2.6,2.6217,2.3435,2.3855,454234094.0,1121586094.7692,224198523.0,553403188.1203,3363999,-0.08614115985224724,0.0014190673828125,-0.025215700540299868,-0.08642578125,-0.048828125,0.053955078125,0.09326171875
XRPUSDT,2025-03-08 00:00:00+00:00,2.3855,2.4106,2.3013,2.3261,119040944.0,279496752.3362,55955806.0,131411237.9056,1033070,-0.025215700540299868,0.0011138916015625,-0.08399487762416935,-0.0830078125,-0.046142578125,0.04931640625,0.08447265625
XRPUSDT,2025-03-09 00:00:00+00:00,2.3262,2.351,2.083,2.1387,276711052.0,608123226.9348,128723271.0,282819953.2499,2541564,-0.08399487762416935,0.0019378662109375,-0.05630889071770806,-0.09326171875,-0.053466796875,0.0595703125,0.1015625
XRPUSDT,2025-03-10 00:00:00+00:00,2.1388,2.2613,1.9925,2.0216,391223631.0,829514635.4073,188042418.0,399191157.5867,3921329,-0.05630889071770806,0.000286102294921875,0.07134467446620729,-0.087890625,-0.05078125,0.052978515625,0.08984375
XRPUSDT,2025-03-11 00:00:00+00:00,2.0216,2.2138,1.9,2.1711,382420244.0,797538821.3747,190745674.0,397988255.9067,2315358,0.07134467446620729,0.0018157958984375,0.031063326934546498,-0.0751953125,-0.04345703125,0.04736328125,0.0771484375
XRPUSDT,2025-03-12 00:00:00+00:00,2.171,2.2769,2.1333,2.2396,277560410.0,612133003.8231,140204384.0,309241472.1347,2382381,0.031063326934546498,0.00121307373046875,0.005832218299209657,-0.0751953125,-0.042724609375,0.04638671875,0.08251953125
XRPUSDT,2025-03-13 00:00:00+00:00,2.2395,2.347,2.2137,2.2527,243896593.0,553752724.5531,121743083.0,276334884.9223,2269070,0.005832218299209657,0.0010223388671875,0.045005533873584413,-0.07177734375,-0.040771484375,0.0439453125,0.07763671875
XRPUSDT,2025-03-14 00:00:00+00:00,2.2526,2.3893,2.2371,2.3564,197286469.0,457779727.5892,97831639.0,227037346.4206,1778622,0.045005533873584413,0.0022735595703125,0.014618480441023651,-0.06640625,-0.037109375,0.04150390625,0.07080078125
XRPUSDT,2025-03-15 00:00:00+00:00,2.3564,2.4751,2.3525,2.3911,150056936.0,362455350.4134,76696578.0,185301713.1285,1419615,0.014618480441023651,0.001129150390625,-0.04154368015813381,-0.052978515625,-0.02978515625,0.032958984375,0.0576171875
XRPUSDT,2025-03-16 00:00:00+00:00,2.3911,2.4109,2.2677,2.2938,151974757.0,353905686.8893,71906405.0,167495411.7645,1606169,-0.04154368015813381,0.000766754150390625,0.019171571642296437,-0.0458984375,-0.025634765625,0.02734375,0.046875
XRPUSDT,2025-03-17 00:00:00+00:00,2.2938,2.3788,2.2915,2.3382,133923496.0,313586432.7361,66606196.0,155992218.0266,1233682,0.019171571642296437,0.0004253387451171875,-0.022971615525866462,-0.04052734375,-0.0224609375,0.02294921875,0.03955078125
XRPUSDT,2025-03-18 00:00:00+00:00,2.3381,2.3399,2.2225,2.2851,164719299.0,373795463.5277,81251703.0,184385089.9386,1333105,-0.022971615525866462,-0.00023651123046875,0.10846714628511955,-0.03955078125,-0.0218505859375,0.020751953125,0.03662109375
XRPUSDT,2025-03-19 00:00:00+00:00,2.2851,2.59,2.2653,2.5469,462181815.0,1145549057.2826,234457342.0,581041005.0455,3045455,0.10846714628511955,0.0018463134765625,-0.04447853344162933,-0.05810546875,-0.033203125,0.0380859375,0.06396484375
XRPUSDT,2025-03-20 00:00:00+00:00,2.5469,2.5638,2.389,2.4361,225573092.0,556990257.8759,114065287.0,281673916.6116,1910760,-0.04447853344162933,0.000728607177734375,-0.022919832445485677,-0.046875,-0.0260009765625,0.027587890625,0.048095703125
XRPUSDT,2025-03-21 00:00:00+00:00,2.436,2.4669,2.3564,2.3809,143033066.0,343554538.9887,72161151.0,173408537.4221,1159813,-0.022919832445485677,-0.00151824951171875,-0.004124584971924916,-0.050048828125,-0.0284423828125,0.025390625,0.045654296875
XRPUSDT,2025-03-22 00:00:00+00:00,2.3809,2.417,2.3594,2.3711,69083565.0,164935168.8237,33834265.0,80799459.3469,599867,-0.004124584971924916,-0.002777099609375,0.02835713040896981,-0.05078125,-0.0294189453125,0.024169921875,0.045166015625
XRPUSDT,2025-03-23 00:00:00+00:00,2.3712,2.4409,2.365,2.4393,82171646.0,197375933.9193,39789921.0,95650218.7475,675980,0.02835713040896981,-0.00109100341796875,0.0044177271504382,-0.046630859375,-0.0262451171875,0.0242919921875,0.04345703125
XRPUSDT,2025-03-24 00:00:00+00:00,2.4392,2.5044,2.4134,2.4501,140591390.0,345465247.8068,69059287.0,169790842.4043,985956,0.0044177271504382,-0.0013275146484375,-0.00036739942854036034,-0.0458984375,-0.025634765625,0.0230712890625,0.041748046875
XRPUSDT,2025-03-25 00:00:00+00:00,2.4501,2.4783,2.4071,2.4492,107306341.0,262047435.3401,51490243.0,125756874.7546,825224,-0.00036739942854036034,-0.00189971923828125,-0.04160146421401367,-0.04833984375,-0.0277099609375,0.02392578125,0.04345703125
XRPUSDT,2025-03-26 00:00:00+00:00,2.4491,2.4794,2.328,2.3494,140813082.0,340471844.0816,67668698.0,163464281.4298,1028787,-0.04160146421401367,-0.00139617919921875,-0.0035817878988748664,-0.053466796875,-0.0311279296875,0.0283203125,0.0498046875
XRPUSDT,2025-03-27 00:00:00+00:00,2.3494,2.39,2.3021,2.341,121906802.0,286517138.3176,60473620.0,142130524.9991,940315,-0.0035817878988748664,-0.001190185546875,-0.058808139343744736,-0.048583984375,-0.02783203125,0.024658203125,0.0439453125
XRPUSDT,2025-03-28 00:00:00+00:00,2.3411,2.3433,2.1535,2.2073,211389681.0,470524788.2178,105639152.0,235088328.9905,1469290,-0.058808139343744736,-0.001190185546875,-0.03325656517383091,-0.055419921875,-0.031982421875,0.029296875,0.052490234375
XRPUSDT,2025-03-29 00:00:00+00:00,2.2072,2.2267,2.0607,2.1351,188344703.0,399565637.9547,91627450.0,194321655.8435,1392395,-0.03325656517383091,-0.002838134765625,0.0008426966790825441,-0.061279296875,-0.03662109375,0.02978515625,0.052978515625
XRPUSDT,2025-03-30 00:00:00+00:00,2.1352,2.2142,2.1077,2.1369,143436566.0,309556823.1236,71435902.0,154190214.7522,1092491,0.0008426966790825441,-0.00125885009765625,-0.022239962728212048,-0.0634765625,-0.03759765625,0.033935546875,0.05810546875
XRPUSDT,2025-03-31 00:00:00+00:00,2.1371,2.1415,2.0238,2.0899,225359911.0,470475027.3572,114012792.0,238022828.2307,1771277,-0.022239962728212048,-0.00159454345703125,0.023081949867486795,-0.062255859375,-0.036376953125,0.0322265625,0.055908203125
XRPUSDT,2025-04-01 00:00:00+00:00,2.0899,2.1999,2.065,2.1387,206149959.0,440370529.1045,103963221.0,222213903.9825,1753639,0.023081949867486795,-0.00191497802734375,-0.05527064871407883,-0.0615234375,-0.0361328125,0.0308837890625,0.05322265625
XRPUSDT,2025-04-02 00:00:00+00:00,2.1387,2.233,1.9841,2.0237,312902782.0,661278600.2195,152170929.0,321974917.5464,2654613,-0.05527064871407883,-0.00128173828125,0.020105850326790464,-0.076171875,-0.044677734375,0.041748046875,0.07177734375
XRPUSDT,2025-04-03 00:00:00+00:00,2.0237,2.082,1.96,2.0648,283049149.0,574582911.2022,134360145.0,272795249.5637,2175279,0.020105850326790464,-0.0022430419921875,0.031182502604661155,-0.07373046875,-0.043701171875,0.038818359375,0.068359375
XRPUSDT,2025-04-04 00:00:00+00:00,2.0648,2.1626,2.016,2.1302,249538859.0,522053640.9747,130843507.0,273779376.609,2126524,0.031182502604661155,0.0004444122314453125,0.006550650413074233,-0.07080078125,-0.04150390625,0.041015625,0.06787109375
XRPUSDT,2025-04-05 00:00:00+00:00,2.1303,2.1764,2.1139,2.1442,79039409.0,168933379.2612,37944574.0,81098277.4609,766397,0.006550650413074233,-0.00016498565673828125,-0.10950427557897202,-0.059326171875,-0.03466796875,0.033203125,0.056884765625
XRPUSDT,2025-04-06 00:00:00+00:00,2.1443,2.1592,1.8625,1.9218,247306320.0,494395445.2549,113280485.0,226344136.9828,2063575,-0.10950427557897202,-0.00064849853515625,-0.01209280539379809,-0.08447265625,-0.049072265625,0.048095703125,0.0849609375
XRPUSDT,2025-04-07 00:00:00+00:00,1.9218,2.0109,1.6134,1.8987,862282234.0,1564910506.5203,414322017.0,752489441.351,4217262,-0.01209280539379809,-0.00075531005859375,-0.05544044767457934,-0.08154296875,-0.046630859375,0.043701171875,0.0771484375
XRPUSDT,2025-04-08 00:00:00+00:00,1.8986,1.975,1.777,1.7963,331058344.0,622942580.4604,158991970.0,299467444.3922,1019353,-0.05544044767457934,0.0003337860107421875,0.13352443385177182,-0.05859375,-0.033447265625,0.034912109375,0.061279296875
XRPUSDT,2025-04-09 00:00:00+00:00,1.7965,2.0897,1.7218,2.0529,517714914.0,983263446.1844,254129754.0,482361161.301,1520284,0.13352443385177182,0.0027618408203125,-0.043354140494032856,-0.068359375,-0.03955078125,0.04638671875,0.080078125
XRPUSDT,2025-04-10 00:00:00+00:00,2.0529,2.0572,1.9223,1.9658,224691548.0,446583819.8456,108386836.0,215403264.1829,1921673,-0.043354140494032856,8.726119995117188e-05,0.02843508280011775,-0.05712890625,-0.033203125,0.033203125,0.056640625
XRPUSDT,2025-04-11 00:00:00+00:00,1.9657,2.0647,1.9475,2.0225,175131511.0,352455438.3911,85343864.0,171804081.7275,1539032,0.02843508280011775,-0.00099945068359375,0.06568125486601273,-0.055908203125,-0.032958984375,0.030517578125,0.052490234375
XRPUSDT,2025-04-12 00:00:00+00:00,2.0225,2.1862,2.0033,2.1598,161856777.0,341792852.5043,79628374.0,168156206.7904,1416548,0.06568125486601273,0.000873565673828125,-0.018788233180052405,-0.05419921875,-0.031982421875,0.033935546875,0.056640625
XRPUSDT,2025-04-13 00:00:00+00:00,2.1597,2.2475,2.0801,2.1196,194098687.0,419017456.6249,93140570.0,201190756.0354,1899834,-0.018788233180052405,0.00131988525390625,0.0037201898289220825,-0.046142578125,-0.0260009765625,0.0291748046875,0.04931640625
XRPUSDT,2025-04-14 00:00:00+00:00,2.1196,2.1804,2.1038,2.1275,138573013.0,296792059.4906,70501500.0,150989378.659,1537405,0.0037201898289220825,-0.00011396408081054688,-0.020562492889201978,-0.04296875,-0.025146484375,0.0250244140625,0.04248046875
XRPUSDT,2025-04-15 00:00:00+00:00,2.1276,2.1853,2.0837,2.0842,131282814.0,280926951.9743,64720771.0,138565610.1499,1345686,-0.020562492889201978,-0.00138092041015625,-0.0003839140079786585,-0.042236328125,-0.025146484375,0.022216796875,0.0380859375
XRPUSDT,2025-04-16 00:00:00+00:00,2.0843,2.13,2.0355,2.0834,152704680.0,318042232.2303,75217568.0,156687741.1252,1494581,-0.0003839140079786585,-0.00157928466796875,-0.007757766519076559,-0.036376953125,-0.021240234375,0.017578125,0.0303955078125
XRPUSDT,2025-04-17 00:00:00+00:00,2.0834,2.1146,2.0524,2.0673,103280383.3,215185592.53274,53022347.0,110427385.72273,1074532,-0.007757766519076559,-0.002838134765625,-0.002615520235602742,-0.03369140625,-0.0198974609375,0.01324462890625,0.0252685546875
XRPUSDT,2025-04-18 00:00:00+00:00,2.0673,2.0896,2.0434,2.0619,72730873.5,150530241.72514,34728639.7,71888220.46044,707800,-0.002615520235602742,-0.0031280517578125,0.012435093723244806,-0.031494140625,-0.018798828125,0.0107421875,0.022216796875
XRPUSDT,2025-04-19 00:00:00+00:00,2.0619,2.0975,2.0586,2.0877,50163133.6,104485797.93701,24889876.8,51839802.96883,462679,0.012435093723244806,-0.0029754638671875,-0.00432028321746869,-0.032470703125,-0.0189208984375,0.01043701171875,0.0213623046875
XRPUSDT,2025-04-20 00:00:00+00:00,2.0877,2.0945,2.0388,2.0787,77348551.3,159807702.05961,37503844.1,77487570.74185,537648,-0.00432028321746869,-0.00174713134765625,0.00326593633555472,-0.026611328125,-0.0155029296875,0.01043701171875,0.02001953125
XRPUSDT,2025-04-21 00:00:00+00:00,2.0786,2.1409,2.0594,2.0855,132502689.7,279135954.92696,62836278.8,132315395.14382,1088615,0.00326593633555472,-0.00144195556640625,0.05974703149317939,-0.026611328125,-0.0150146484375,0.0108642578125,0.0213623046875
XRPUSDT,2025-04-22 00:00:00+00:00,2.0855,2.2504,2.0638,2.2139,215792646.3,463874787.33304,105097850.6,225715100.29706,1475208,0.05974703149317939,-0.002166748046875,0.0020305491713887847,-0.05615234375,-0.032958984375,0.0283203125,0.049560546875
XRPUSDT,2025-04-23 00:00:00+00:00,2.2138,2.301,2.1902,2.2184,220415571.4,494085337.30413,103899617.9,233027960.14228,1778836,0.0020305491713887847,-0.000926971435546875,-0.006104058922953959,-0.0517578125,-0.029052734375,0.02734375,0.04833984375
XRPUSDT,2025-04-24 00:00:00+00:00,2.2183,2.2354,2.1166,2.2049,184941421.4,403912284.76951,90900973.8,198477939.634,1361032,-0.006104058922953959,-0.00191497802734375,-0.010806972326707798,-0.05224609375,-0.029541015625,0.0252685546875,0.046142578125
XRPUSDT,2025-04-25 00:00:00+00:00,2.2049,2.2193,2.1634,2.1812,134014526.9,294138569.17227,66957817.6,146963048.34474,1090840,-0.010806972326707798,-0.00116729736328125,0.004574154896961891,-0.049560546875,-0.028076171875,0.024658203125,0.044677734375
XRPUSDT,2025-04-26 00:00:00+00:00,2.1812,2.2483,2.1796,2.1912,89667472.4,197714019.96509,44772969.4,98724985.51084,822845,0.004574154896961891,-0.0023040771484375,0.027369371310712598,-0.057373046875,-0.03271484375,0.02685546875,0.049560546875
XRPUSDT,2025-04-27 00:00:00+00:00,2.1912,2.2948,2.1581,2.252,176901254.6,394172934.52954,89878349.5,200457023.59855,1343214,0.027369371310712598,-0.0004138946533203125,0.018870559300985135,-0.06103515625,-0.03564453125,0.03515625,0.059814453125
XRPUSDT,2025-04-28 00:00:00+00:00,2.2521,2.363,2.2184,2.2949,188782972.6,432932125.11437,93491949.9,214518735.0528,1550265,0.018870559300985135,0.001251220703125,-0.02510665968869552,-0.064453125,-0.037109375,0.03955078125,0.0654296875
XRPUSDT,2025-04-29 00:00:00+00:00,2.295,2.3147,2.2217,2.238,109021832.7,248308443.54734,54109123.7,123240880.8516,919783,-0.02510665968869552,0.000370025634765625,-0.021315835962304353,-0.06396484375,-0.035888671875,0.036376953125,0.0634765625
XRPUSDT,2025-04-30 00:00:00+00:00,2.2379,2.2588,2.1235,2.1908,169161178.8,371180616.59514,79290567.5,174075078.44463,1290014,-0.021315835962304353,0.0003814697265625,0.009765924406374693,-0.064453125,-0.036376953125,0.03759765625,0.06591796875
XRPUSDT,2025-05-01 00:00:00+00:00,2.1907,2.2567,2.1868,2.2123,96594610.5,214862147.68855,47035057.8,104633984.91172,804561,0.009765924406374693,-0.000148773193359375,-0.0013569750589584872,-0.06201171875,-0.034912109375,0.03515625,0.061767578125
XRPUSDT,2025-05-02 00:00:00+00:00,2.2122,2.2411,2.192,2.2093,84810475.2,187929913.43163,42927501.9,95134055.47069,750177,-0.0013569750589584872,0.0001049041748046875,-0.010053536287297438,-0.054443359375,-0.031005859375,0.0311279296875,0.053466796875
XRPUSDT,2025-05-03 00:00:00+00:00,2.2093,2.22,2.176,2.1872,48541368.0,106715010.83749,23257921.9,51133009.3555,465311,-0.010053536287297438,-0.001251220703125,-0.01436753394079715,-0.0517578125,-0.029541015625,0.0274658203125,0.048583984375
XRPUSDT,2025-05-04 00:00:00+00:00,2.1872,2.2188,2.151,2.156,58758870.6,128384945.07249,28349521.9,61950024.45648,583831,-0.01436753394079715,-0.00146484375,-0.011851022851790738,-0.05224609375,-0.0301513671875,0.0291748046875,0.0517578125
XRPUSDT,2025-05-05 00:00:00+00:00,2.1561,2.2,2.1067,2.1306,129350396.3,278055926.60453,66343995.3,142651638.22534,937063,-0.011851022851790738,-0.001739501953125,0.011387093360750944,-0.0517578125,-0.02978515625,0.0277099609375,0.0498046875
XRPUSDT,2025-05-06 00:00:00+00:00,2.1306,2.1595,2.0777,2.155,110021214.0,232503539.08214,55372623.3,117046033.25484,955869,0.011387093360750944,-0.000762939453125,-0.013313287844159749,-0.047607421875,-0.0277099609375,0.0269775390625,0.047119140625
XRPUSDT,2025-05-07 00:00:00+00:00,2.155,2.1716,2.1039,2.1265,91759518.6,195823475.6504,46986544.5,100291198.9269,821197,-0.013313287844159749,-0.000339508056640625,0.09018839248730359,-0.0419921875,-0.0238037109375,0.0242919921875,0.04248046875
XRPUSDT,2025-05-08 00:00:00+00:00,2.1264,2.3297,2.1176,2.3272,220454318.8,492146244.28859,115924194.2,258756659.25072,1689529,0.09018839248730359,0.0001468658447265625,0.007150380489816532,-0.07080078125,-0.04150390625,0.0478515625,0.08740234375
XRPUSDT,2025-05-09 00:00:00+00:00,2.3272,2.4291,2.2845,2.3439,270485423.5,637201286.41537,128289290.1,302383811.16551,2359378,0.007150380489816532,0.0002117156982421875,0.0528471869445043,-0.05908203125,-0.032958984375,0.03564453125,0.06640625
XRPUSDT,2025-05-10 00:00:00+00:00,2.3438,2.477,2.3359,2.4711,173584546.1,417538802.27194,82708008.3,199104845.06977,1700852,0.0528471869445043,0.0008697509765625,-0.04304006510132874,-0.057373046875,-0.032958984375,0.036865234375,0.06640625
XRPUSDT,2025-05-11 00:00:00+00:00,2.4711,2.4844,2.3283,2.367,162582479.5,387738035.17048,76544617.9,182537519.38428,1661326,-0.04304006510132874,0.000919342041015625,0.07207500599734151,-0.049560546875,-0.0284423828125,0.031494140625,0.055419921875
XRPUSDT,2025-05-12 00:00:00+00:00,2.3671,2.6549,2.3515,2.5439,507950822.4,1275311866.31161,259894112.3,652727292.73548,4112142,0.07207500599734151,-3.62396240234375e-05,0.015214462162221665,-0.06396484375,-0.038330078125,0.040283203125,0.07275390625
XRPUSDT,2025-05-13 00:00:00+00:00,2.544,2.6053,2.4215,2.5829,230851038.9,582508619.40381,114886693.8,289830111.16275,2518415,0.015214462162221665,0.0004024505615234375,-0.012701799382124235,-0.05224609375,-0.030517578125,0.03271484375,0.058837890625
XRPUSDT,2025-05-14 00:00:00+00:00,2.5828,2.6516,2.5194,2.5503,213599727.4,551933214.0695,106193381.0,274512366.99331,1978980,-0.012701799382124235,0.00173187255859375,-0.06676033428094885,-0.044189453125,-0.02490234375,0.0291748046875,0.049560546875
XRPUSDT,2025-05-15 00:00:00+00:00,2.5504,2.5719,2.3525,2.3856,209320078.3,515143174.14976,102379083.0,252262886.43471,2309242,-0.06676033428094885,0.000629425048828125,-0.0024342144894210493,-0.05078125,-0.0286865234375,0.03173828125,0.054443359375
XRPUSDT,2025-05-16 00:00:00+00:00,2.3856,2.4399,2.3471,2.3798,136943221.2,329039410.53355,65530574.3,157457009.5861,1688096,-0.0024342144894210493,-0.0002193450927734375,-0.011282842759218203,-0.03857421875,-0.022216796875,0.0216064453125,0.037353515625
XRPUSDT,2025-05-17 00:00:00+00:00,2.3797,2.3892,2.2984,2.3531,105734565.8,247839876.54358,50012395.1,117225010.3523,1442950,-0.011282842759218203,-0.0008544921875,0.03133426541755402,-0.03955078125,-0.0230712890625,0.0208740234375,0.036376953125
XRPUSDT,2025-05-18 00:00:00+00:00,2.3531,2.4497,2.332,2.428,110034544.5,263270059.37711,54393319.8,130146402.0501,1470998,0.03133426541755402,0.0003833770751953125,-0.01984134303738705,-0.040771484375,-0.0240478515625,0.02392578125,0.039306640625
XRPUSDT,2025-05-19 00:00:00+00:00,2.428,2.441,2.2827,2.3803,162880946.4,381979266.64326,81206105.2,190489584.61933,1791052,-0.01984134303738705,-0.00103759765625,-0.010049062778216267,-0.038330078125,-0.0224609375,0.01953125,0.033935546875
XRPUSDT,2025-05-20 00:00:00+00:00,2.3803,2.409,2.3141,2.3565,136293676.8,321341594.69735,69126663.2,163155013.09458,1331382,-0.010049062778216267,-0.0023651123046875,0.016289267301578425,-0.035400390625,-0.0208740234375,0.015625,0.028564453125
XRPUSDT,2025-05-21 00:00:00+00:00,2.3565,2.4288,2.3308,2.3952,175070666.7,415539143.43446,86482658.0,205355022.77905,1711630,0.016289267301578425,-0.00102996826171875,0.014877095139977592,-0.032958984375,-0.018798828125,0.01519775390625,0.0272216796875
XRPUSDT,2025-05-22 00:00:00+00:00,2.3953,2.4555,2.3881,2.4311,145040194.5,350758657.64766,73039311.4,176637744.95918,1313608,0.014877095139977592,-0.00128173828125,-0.05691406146325251,-0.031982421875,-0.0179443359375,0.01416015625,0.026123046875
XRPUSDT,2025-05-23 00:00:00+00:00,2.4311,2.4799,2.2838,2.2966,197335455.4,471539404.39892,92159671.2,220262874.23,1876119,-0.05691406146325251,-0.000812530517578125,0.014567246294203473,-0.03564453125,-0.020263671875,0.018310546875,0.033447265625
XRPUSDT,2025-05-24 00:00:00+00:00,2.2965,2.36,2.2859,2.3303,50781088.2,118575581.84926,25106537.6,58619982.15622,679757,0.014567246294203473,-0.0030517578125,0.004880146671674246,-0.04443359375,-0.02587890625,0.0189208984375,0.035888671875
XRPUSDT,2025-05-25 00:00:00+00:00,2.3304,2.345,2.266,2.3417,81478273.4,187626186.24011,40124065.2,92400973.83688,937049,0.004880146671674246,-0.000865936279296875,-0.013499775094652722,-0.040283203125,-0.0228271484375,0.0206298828125,0.037109375
XRPUSDT,2025-05-26 00:00:00+00:00,2.3416,2.3593,2.2958,2.3103,75168770.0,175231902.2193,41403847.8,96514224.35446,752100,-0.013499775094652722,-0.001312255859375,0.0028095369780832824,-0.0390625,-0.0220947265625,0.018798828125,0.034912109375
XRPUSDT,2025-05-27 00:00:00+00:00,2.3103,2.3543,2.2671,2.3168,94046517.5,217701881.39648,47375042.5,109583646.4782,969135,0.0028095369780832824,-0.00102996826171875,-0.018558581000774788,-0.035400390625,-0.01953125,0.0167236328125,0.0311279296875
XRPUSDT,2025-05-28 00:00:00+00:00,2.3167,2.3232,2.2265,2.2742,99791200.4,227259719.06362,50520116.9,115038083.86333,954628,-0.018558581000774788,-0.001800537109375,-0.013279231959856586,-0.040771484375,-0.022705078125,0.01806640625,0.033935546875
XRPUSDT,2025-05-29 00:00:00+00:00,2.2742,2.3125,2.238,2.2442,99100514.7,226227584.71746,47457635.4,108392071.73381,993571,-0.013279231959856586,-0.002410888671875,-0.047636743526259684,-0.0400390625,-0.022705078125,0.0172119140625,0.032958984375
XRPUSDT,2025-05-30 00:00:00+00:00,2.2441,2.2523,2.1297,2.1398,192557829.6,421027264.31235,93274826.6,204062984.76651,1855873,-0.047636743526259684,-0.00151824951171875,0.015764421424580233,-0.0546875,-0.0322265625,0.029296875,0.051025390625
XRPUSDT,2025-05-31 00:00:00+00:00,2.1397,2.2065,2.0794,2.1738,109349888.0,234327423.61236,53295312.5,114252864.38414,1299553,0.015764421424580233,-0.001800537109375,0.0024810488261066688,-0.05078125,-0.029296875,0.0250244140625,0.044677734375
XRPUSDT,2025-06-01 00:00:00+00:00,2.1739,2.1879,2.1231,2.1792,62964847.7,135732307.10343,31868857.1,68703304.90068,741422,0.0024810488261066688,-0.00115203857421875,0.007907347460641034,-0.04931640625,-0.02880859375,0.0255126953125,0.044677734375
XRPUSDT,2025-06-02 00:00:00+00:00,2.1792,2.2045,2.1357,2.1965,96478578.8,208841688.8584,49956142.5,108134328.27879,907638,0.007907347460641034,-0.000812530517578125,0.02166214716632131,-0.043701171875,-0.02490234375,0.0223388671875,0.038818359375
XRPUSDT,2025-06-03 00:00:00+00:00,2.1965,2.2821,2.1838,2.2446,110034231.1,245370237.05632,55639261.7,124064367.07584,1052351,0.02166214716632131,-0.001068115234375,-0.019660963981529167,-0.043212890625,-0.025146484375,0.022216796875,0.03759765625
XRPUSDT,2025-06-04 00:00:00+00:00,2.2445,2.2658,2.1951,2.2009,82924089.7,185497995.0584,40558993.8,90749613.43837,865515,-0.019660963981529167,-0.0021209716796875,-0.049981295384690316,-0.0419921875,-0.02490234375,0.019775390625,0.034912109375
XRPUSDT,2025-06-05 00:00:00+00:00,2.2009,2.2265,2.0591,2.0936,152227799.7,325805169.6314,73122682.6,156360136.51343,1426769,-0.049981295384690316,-0.0020294189453125,0.03113055258272346,-0.049560546875,-0.029296875,0.0260009765625,0.048095703125
XRPUSDT,2025-06-06 00:00:00+00:00,2.0936,2.1903,2.0812,2.1598,92539769.1,198545872.82096,47471790.3,101704271.43715,768690,0.03113055258272346,-0.0026092529296875,0.007886221608231048,-0.041748046875,-0.0250244140625,0.0194091796875,0.03466796875
XRPUSDT,2025-06-07 00:00:00+00:00,2.1598,2.1912,2.1475,2.1769,40526697.0,88267737.87746,19985833.6,43532541.50629,349819,0.007886221608231048,-0.00012159347534179688,0.04055552510063842,-0.034912109375,-0.020263671875,0.0203857421875,0.034912109375
XRPUSDT,2025-06-08 00:00:00+00:00,2.1768,2.2988,2.1661,2.267,115809963.6,260488969.11327,59438666.4,133704567.52516,963085,0.04055552510063842,0.00067138671875,0.02358383971598954,-0.03662109375,-0.0211181640625,0.023193359375,0.03955078125
XRPUSDT,2025-06-09 00:00:00+00:00,2.2669,2.3293,2.2223,2.3211,128620231.2,292145217.57631,66184831.6,150254422.33119,915460,0.02358383971598954,0.000934600830078125,-0.005919861730329212,-0.035400390625,-0.0201416015625,0.022216796875,0.03759765625
XRPUSDT,2025-06-10 00:00:00+00:00,2.321,2.3276,2.2601,2.3074,119887307.8,275076155.03374,58096756.1,133315325.27985,1058738,-0.005919861730329212,-0.00023937225341796875,-0.01616532208741106,-0.0341796875,-0.01953125,0.018798828125,0.03271484375
XRPUSDT,2025-06-11 00:00:00+00:00,2.3074,2.3379,2.2524,2.2704,118779485.5,273751359.9951,57028619.3,131455579.90363,1076884,-0.01616532208741106,-0.0021820068359375,-0.036100146738233696,-0.032470703125,-0.0194091796875,0.0152587890625,0.028076171875
XRPUSDT,2025-06-12 00:00:00+00:00,2.2704,2.2733,2.1706,2.1899,98220197.3,219058539.733,47809946.8,106720490.66258,927643,-0.036100146738233696,-0.00092315673828125,-0.01969121289018172,-0.0294189453125,-0.0172119140625,0.015625,0.028076171875
XRPUSDT,2025-06-13 00:00:00+00:00,2.19,2.1918,2.0828,2.1472,171924272.9,365832602.13346,86615356.5,184265337.1049,1735858,-0.01969121289018172,-0.0013275146484375,-0.003639251905332208,-0.02978515625,-0.0174560546875,0.0146484375,0.0272216796875
XRPUSDT,2025-06-14 00:00:00+00:00,2.1473,2.1801,2.1093,2.1394,67644610.7,145441133.2027,33567669.3,72170133.65646,623505,-0.003639251905332208,-0.0026397705078125,0.012125865782650846,-0.0289306640625,-0.0174560546875,0.0120849609375,0.0235595703125
XRPUSDT,2025-06-15 00:00:00+00:00,2.1393,2.1759,2.1375,2.1655,46595619.5,100552015.23866,21893130.8,47243048.88789,444613,0.012125865782650846,-0.0018463134765625,0.03293132821718914,-0.0286865234375,-0.0169677734375,0.0125732421875,0.023681640625
XRPUSDT,2025-06-16 00:00:00+00:00,2.1655,2.337,2.1512,2.238,180775839.0,409153397.01986,93147202.3,210584833.46036,1502009,0.03293132821718914,-0.0012359619140625,-0.0359374583570633,-0.03564453125,-0.0198974609375,0.0169677734375,0.0311279296875
XRPUSDT,2025-06-17 00:00:00+00:00,2.2379,2.2572,2.1417,2.159,145998030.0,321488422.84618,71459796.9,157355805.90757,1410075,-0.0359374583570633,-0.00095367431640625,0.0053124042248410275,-0.03466796875,-0.01953125,0.0166015625,0.0299072265625
XRPUSDT,2025-06-18 00:00:00+00:00,2.1591,2.1808,2.1181,2.1705,95962168.0,206443945.70966,50404668.0,108475792.02647,908990,0.0053124042248410275,-0.00250244140625,-0.002629577323124632,-0.036376953125,-0.02099609375,0.01495361328125,0.02783203125
XRPUSDT,2025-06-19 00:00:00+00:00,2.1704,2.1855,2.1441,2.1648,56149358.1,121396684.86737,27934587.1,60407404.5253,470006,-0.002629577323124632,-0.00165557861328125,-0.021194948675787972,-0.0301513671875,-0.0172119140625,0.01287841796875,0.0245361328125
XRPUSDT,2025-06-20 00:00:00+00:00,2.1647,2.1797,2.0852,2.1194,97632569.9,208777086.67049,47502704.4,101613841.32096,800124,-0.021194948675787972,-0.0030059814453125,-0.026874854173600582,-0.033447265625,-0.019287109375,0.01171875,0.0244140625
XRPUSDT,2025-06-21 00:00:00+00:00,2.1195,2.145,2.0,2.0632,88671293.2,184162670.13492,42412933.9,88145632.21673,814900,-0.026874854173600582,-0.0031585693359375,-0.02254776436456496,-0.039306640625,-0.0225830078125,0.01483154296875,0.0302734375
XRPUSDT,2025-06-22 00:00:00+00:00,2.0632,2.0898,1.9083,2.0172,206511372.5,410005733.15721,98685483.6,196045154.92071,1827699,-0.02254776436456496,-0.0029754638671875,0.06765679525092128,-0.04345703125,-0.0244140625,0.018310546875,0.035888671875
XRPUSDT,2025-06-23 00:00:00+00:00,2.0173,2.1706,1.9615,2.1584,175076963.6,358869371.56328,92054578.4,188880223.82988,1687266,0.06765679525092128,-0.00201416015625,0.014443008985833061,-0.053955078125,-0.03173828125,0.0284423828125,0.0517578125
XRPUSDT,2025-06-24 00:00:00+00:00,2.1584,2.2165,2.1316,2.1898,131247333.7,286252275.51631,64495368.9,140648675.41653,1196016,0.014443008985833061,-0.00106048583984375,-0.001782572403367766,-0.05126953125,-0.0286865234375,0.0264892578125,0.04833984375
XRPUSDT,2025-06-25 00:00:00+00:00,2.1897,2.2296,2.1696,2.1859,91578502.0,200687070.2887,49174627.0,107789193.67803,845817,-0.001782572403367766,-0.002105712890625,-0.037522170218732276,-0.048583984375,-0.0264892578125,0.020751953125,0.040771484375
XRPUSDT,2025-06-26 00:00:00+00:00,2.1858,2.2127,2.0956,2.1054,120378866.1,258879805.93921,62523800.2,134606747.05061,871990,-0.037522170218732276,-0.000522613525390625,0.017187812759872245,-0.0390625,-0.0211181640625,0.0196533203125,0.0361328125
XRPUSDT,2025-06-27 00:00:00+00:00,2.1053,2.1556,2.0671,2.1419,120577000.3,253354119.55423,63983419.8,134455631.33478,917776,0.017187812759872245,-0.00139617919921875,0.020105592559548358,-0.05078125,-0.0279541015625,0.024169921875,0.047119140625
XRPUSDT,2025-06-28 00:00:00+00:00,2.142,2.2079,2.1336,2.1854,70042779.0,153000277.86009,34020502.0,74302889.77022,648620,0.020105592559548358,-0.001251220703125,0.009427372565072423,-0.05908203125,-0.032958984375,0.0308837890625,0.05712890625
XRPUSDT,2025-06-29 00:00:00+00:00,2.1855,2.2198,2.1754,2.2061,46097897.5,101168900.61689,21341560.4,46854532.08681,381555,0.009427372565072423,0.00020122528076171875,0.013551746011550403,-0.057373046875,-0.03125,0.031982421875,0.05712890625
XRPUSDT,2025-06-30 00:00:00+00:00,2.2062,2.3271,2.165,2.2362,151525906.2,339174016.72813,77672364.0,173816538.12195,1132152,0.013551746011550403,6.198883056640625e-05,-0.02912959465944176,-0.06591796875,-0.03662109375,0.03857421875,0.068359375
XRPUSDT,2025-07-01 00:00:00+00:00,2.2362,2.2537,2.1475,2.172,123558690.1,271747201.44651,59081809.9,129987351.82458,928402,-0.02912959465944176,0.000514984130859375,0.02796623151422728,-0.064453125,-0.036865234375,0.039794921875,0.0703125
XRPUSDT,2025-07-02 00:00:00+00:00,2.1719,2.2917,2.157,2.2336,149340795.4,332390384.71747,74627794.2,166025346.01639,957678,0.02796623151422728,0.0005950927734375,0.01037755666623219,-0.056884765625,-0.031494140625,0.03369140625,0.05810546875
XRPUSDT,2025-07-03 00:00:00+00:00,2.2335,2.3135,2.2243,2.2569,148388595.0,337550211.45131,73611566.0,167444948.17209,999966,0.01037755666623219,0.00148773193359375,-0.016259794502128666,-0.056640625,-0.03173828125,0.034912109375,0.058837890625
XRPUSDT,2025-07-04 00:00:00+00:00,2.2569,2.2678,2.196,2.2205,72289199.1,161034633.34504,35007700.2,78019923.49518,633933,-0.016259794502128666,0.000926971435546875,-0.0012166822130413868,-0.0439453125,-0.0247802734375,0.02685546875,0.045166015625
XRPUSDT,2025-07-05 00:00:00+00:00,2.2205,2.2339,2.2014,2.2178,34058390.3,75534635.00788,17063825.3,37841130.74919,316359,-0.0012166822130413868,0.0003185272216796875,0.0236605151515078,-0.045654296875,-0.0269775390625,0.0274658203125,0.046142578125
XRPUSDT,2025-07-06 00:00:00+00:00,2.2177,2.29,2.2086,2.2709,92108127.5,208524256.08502,46465848.3,105168777.64498,655450,0.0236605151515078,0.0010833740234375,-4.4036374052147664e-05,-0.047607421875,-0.027587890625,0.030029296875,0.049560546875
XRPUSDT,2025-07-07 00:00:00+00:00,2.2709,2.3537,2.2552,2.2708,176317450.7,406522543.28426,88241129.0,203470351.64104,1279755,-4.4036374052147664e-05,0.00173187255859375,0.017461592610539256,-0.048095703125,-0.028076171875,0.03173828125,0.05322265625
XRPUSDT,2025-07-08 00:00:00+00:00,2.2707,2.3223,2.2485,2.3108,106456008.6,243274438.91839,52094568.8,118971009.96287,749423,0.017461592610539256,0.001861572265625,0.03945703361157804,-0.0439453125,-0.0252685546875,0.029296875,0.04833984375
XRPUSDT,2025-07-09 00:00:00+00:00,2.3109,2.4288,2.2975,2.4038,181518399.8,430696105.43214,94122298.0,223253641.02489,1370003,0.03945703361157804,0.00225830078125,0.05790463856675887,-0.046630859375,-0.02734375,0.03271484375,0.05517578125
XRPUSDT,2025-07-10 00:00:00+00:00,2.4038,2.5678,2.3931,2.5471,209526484.8,518124516.29744,104887287.9,259375791.52826,1654052,0.05790463856675887,0.0025177001953125,0.07015168836793939,-0.059326171875,-0.034423828125,0.042236328125,0.07421875
XRPUSDT,2025-07-11 00:00:00+00:00,2.5471,2.975,2.5119,2.7322,615361834.0,1686420297.77456,302677589.7,829075872.68386,5339519,0.07015168836793939,0.004150390625,0.0026682765250836127,-0.08154296875,-0.045654296875,0.057373046875,0.1015625
XRPUSDT,2025-07-12 00:00:00+00:00,2.7323,2.8479,2.6629,2.7395,341517152.0,942433146.00476,165139557.6,456817904.95709,3386704,0.0026682765250836127,0.0026397705078125,0.034654446982784304,-0.07080078125,-0.03955078125,0.046875,0.0859375
XRPUSDT,2025-07-13 00:00:00+00:00,2.7395,2.8949,2.7232,2.8361,260642506.5,734315044.6244899,126851545.5,357533128.17461,2591368,0.034654446982784304,0.005462646484375,0.04215110627601493,-0.06689453125,-0.035888671875,0.05029296875,0.087890625
XRPUSDT,2025-07-14 00:00:00+00:00,2.8361,3.035,2.8207,2.9582,442537809.2,1306107613.19463,220814170.7,651859122.93906,4061682,0.04215110627601493,0.005767822265625,-0.013339883383154838,-0.0546875,-0.0289306640625,0.044189453125,0.07666015625
XRPUSDT,2025-07-15 00:00:00+00:00,2.9582,2.9582,2.8038,2.919,303965280.7,876135273.94815,147556561.3,425390570.80261,2699613,-0.013339883383154838,0.0038604736328125,0.039958312301603405,-0.047119140625,-0.0247802734375,0.0341796875,0.056640625
XRPUSDT,2025-07-16 00:00:00+00:00,2.9189,3.1,2.8774,3.038,272284618.2,816215592.9658,129714952.3,388905941.43149,2372362,0.039958312301603405,0.0017852783203125,0.1362351075628907,-0.04833984375,-0.027099609375,0.033203125,0.056640625
XRPUSDT,2025-07-17 00:00:00+00:00,3.038,3.5495,2.9873,3.4814,648338845.19,2128757999.408594,332128371.29,1090846054.483064,5760090,0.1362351075628907,0.005157470703125,-0.019696353860273907,-0.078125,-0.04345703125,0.059326171875,0.1025390625
XRPUSDT,2025-07-18 00:00:00+00:00,3.4813,3.6607,3.3439,3.4135,608722890.71,2134357921.939423,296125074.01,1038199496.399443,5894679,-0.019696353860273907,0.002838134765625,0.0031881160099955785,-0.058837890625,-0.0322265625,0.040771484375,0.06982421875
XRPUSDT,2025-07-19 00:00:00+00:00,3.4136,3.4855,3.3547,3.4244,204901034.5,703152321.0151,112408041.5,385958966.07112,2257294,0.0031881160099955785,0.00157928466796875,0.008606705838293482,-0.051513671875,-0.02880859375,0.033935546875,0.057373046875
XRPUSDT,2025-07-20 00:00:00+00:00,3.4243,3.5579,3.3856,3.454,281874484.3,980886591.6421901,136037807.4,473616790.43877,2819676,0.008606705838293482,0.0032196044921875,0.02727376877281662,-0.044921875,-0.0242919921875,0.032958984375,0.0546875
XRPUSDT,2025-07-21 00:00:00+00:00,3.4541,3.6495,3.4076,3.5495,259730581.6,921984407.3123101,127854514.4,453602945.93609,2865227,0.02727376877281662,0.001983642578125,0.00025352469888884066,-0.042236328125,-0.02294921875,0.0281982421875,0.04736328125
XRPUSDT,2025-07-22 00:00:00+00:00,3.5494,3.5787,3.4218,3.5504,248664612.7,870975104.85711,126943822.6,444660959.82645,2927063,0.00025352469888884066,0.00057220458984375,-0.10898482125729392,-0.0390625,-0.0211181640625,0.022705078125,0.040283203125
XRPUSDT,2025-07-23 00:00:00+00:00,3.5504,3.5519,3.02,3.1838,444396661.3,1457586129.76382,214341619.0,703755961.31931,4231942,-0.10898482125729392,0.00159454345703125,-0.012166176828630082,-0.06982421875,-0.038818359375,0.043701171875,0.0751953125
XRPUSDT,2025-07-24 00:00:00+00:00,3.1839,3.2651,2.9555,3.1453,366456463.4,1153018184.36765,176234983.4,554794149.84718,4245765,-0.012166176828630082,0.00077056884765625,-0.00095425924920578,-0.061767578125,-0.033935546875,0.035888671875,0.0625
XRPUSDT,2025-07-25 00:00:00+00:00,3.1454,3.1618,2.9981,3.1423,234280821.9,722764506.5418,115083391.5,355126993.3021,3288636,-0.00095425924920578,-0.000934600830078125,0.00757711479647738,-0.052734375,-0.02978515625,0.028076171875,0.050537109375
XRPUSDT,2025-07-26 00:00:00+00:00,3.1422,3.2181,3.1088,3.1662,96831223.5,307355739.6897,46893924.4,148842629.12195,1102993,0.00757711479647738,-0.00016880035400390625,0.022701635328590264,-0.05615234375,-0.0303955078125,0.030517578125,0.05419921875
XRPUSDT,2025-07-27 00:00:00+00:00,3.1662,3.2515,3.1564,3.2389,130449208.1,417730767.23353,62908095.4,201499211.24018,1528843,0.022701635328590264,0.000949859619140625,-0.036279598034642646,-0.060791015625,-0.033447265625,0.03515625,0.06201171875
XRPUSDT,2025-07-28 00:00:00+00:00,3.239,3.3308,3.1073,3.1235,221823612.3,712789221.37273,106158280.4,341453206.51191,2823885,-0.036279598034642646,0.00066375732421875,0.0014396547315771446,-0.06494140625,-0.03515625,0.036376953125,0.0634765625
XRPUSDT,2025-07-29 00:00:00+00:00,3.1235,3.1856,3.0533,3.128,157430969.9,492226662.10514,74462043.9,232908221.85845,2006160,0.0014396547315771446,-0.000530242919921875,-0.01008908728246527,-0.057861328125,-0.031982421875,0.0302734375,0.05419921875
XRPUSDT,2025-07-30 00:00:00+00:00,3.1281,3.1621,3.001,3.0966,173643335.4,537359368.14812,81981970.6,253828508.36199,2227388,-0.01008908728246527,-0.000720977783203125,-0.02425351763549144,-0.052001953125,-0.029296875,0.0274658203125,0.04833984375
XRPUSDT,2025-07-31 00:00:00+00:00,3.0967,3.1784,3.0108,3.0224,135512300.3,420102533.68383,64070600.3,198653754.8747,1581034,-0.02425351763549144,-0.00124359130859375,-0.020422856655293087,-0.05322265625,-0.029296875,0.0260009765625,0.046142578125
XRPUSDT,2025-08-01 00:00:00+00:00,3.0223,3.059,2.892,2.9613,260984696.4,776844279.75715,121955368.3,363031415.55886,3664661,-0.020422856655293087,-0.001861572265625,-0.0669615626187936,-0.054931640625,-0.031494140625,0.0272216796875,0.048583984375
XRPUSDT,2025-08-02 00:00:00+00:00,2.9614,3.0206,2.7387,2.7695,180733656.7,517122396.59234,86432829.5,247331344.76772,2506902,-0.0669615626187936,-0.00112152099609375,0.062460175836068776,-0.05908203125,-0.03466796875,0.0322265625,0.05615234375
XRPUSDT,2025-08-03 00:00:00+00:00,2.7695,2.9625,2.728,2.948,149417377.8,428642540.28723,71346567.6,204665952.31085,1758547,0.062460175836068776,0.0009765625,0.04107162414716137,-0.057373046875,-0.031982421875,0.03369140625,0.0595703125
XRPUSDT,2025-08-04 00:00:00+00:00,2.9481,3.0899,2.9312,3.0716,164651624.4,497892197.09911,82383665.8,248966302.97577,1621867,0.04107162414716137,0.00164031982421875,-0.036232604840464866,-0.060791015625,-0.034423828125,0.03662109375,0.064453125
XRPUSDT,2025-08-05 00:00:00+00:00,3.0715,3.1072,2.9164,2.9623,144253297.7,434220001.48929,71023445.3,213807017.84981,1799157,-0.036232604840464866,0.000396728515625,0.009574916509836884,-0.06298828125,-0.037109375,0.036865234375,0.0625
XRPUSDT,2025-08-06 00:00:00+00:00,2.9622,3.0187,2.9014,2.9908,114399575.6,338336033.16284,56470755.3,167017527.17662,1363029,0.009574916509836884,0.00151824951171875,0.1043335072561491,-0.04345703125,-0.025146484375,0.0277099609375,0.04541015625
XRPUSDT,2025-08-07 00:00:00+00:00,2.9908,3.3338,2.9641,3.3197,212195633.1,664683073.06994,109717781.2,344087804.69188,2027481,0.1043335072561491,0.0042724609375,-0.010233830384099196,-0.04296875,-0.0234375,0.032470703125,0.052978515625
XRPUSDT,2025-08-08 00:00:00+00:00,3.3196,3.3825,3.2051,3.2859,273926156.0,906088512.11288,134211983.4,444107756.58534,3039957,-0.010233830384099196,0.001861572265625,-0.018428605933220155,-0.04345703125,-0.024658203125,0.028076171875,0.046875
XRPUSDT,2025-08-09 00:00:00+00:00,3.2858,3.3475,3.2083,3.2259,130645790.7,429960482.32511,66728821.5,219709472.96037,1589680,-0.018428605933220155,0.00099945068359375,-0.01213194564725395,-0.040771484375,-0.023193359375,0.0240478515625,0.0400390625
XRPUSDT,2025-08-10 00:00:00+00:00,3.2259,3.2795,3.1521,3.187,123144721.1,394427876.11695,61651015.9,197517808.57004,1445572,-0.01213194564725395,0.00148773193359375,-0.018206788052580247,-0.038330078125,-0.0218505859375,0.024658203125,0.04052734375
XRPUSDT,2025-08-11 00:00:00+00:00,3.1869,3.3342,3.1176,3.1295,223589776.8,720817949.8939699,118919673.5,383329697.84279,2258876,-0.018206788052580247,5.316734313964844e-05,0.043182523102958115,-0.036376953125,-0.0211181640625,0.0213623046875,0.035888671875
XRPUSDT,2025-08-12 00:00:00+00:00,3.1295,3.3067,3.1041,3.2676,154532178.9,495632945.53978,80739279.0,258847463.84405,1728491,0.043182523102958115,0.0013580322265625,0.0020788757104790445,-0.036376953125,-0.0205078125,0.0228271484375,0.037841796875
XRPUSDT,2025-08-13 00:00:00+00:00,3.2675,3.335,3.2026,3.2744,193301023.7,631098137.98234,96843896.4,316277284.9566,1957727,0.0020788757104790445,-0.00131988525390625,-0.06146482320865698,-0.0361328125,-0.0211181640625,0.0189208984375,0.033935546875
XRPUSDT,2025-08-14 00:00:00+00:00,3.2744,3.3512,2.9915,3.0792,301672247.6,957150840.9237101,149874026.9,476152179.76691,2810331,-0.06146482320865698,0.00060272216796875,-0.0004222767274586481,-0.041015625,-0.0235595703125,0.0252685546875,0.04345703125
XRPUSDT,2025-08-15 00:00:00+00:00,3.0792,3.1427,3.0024,3.0779,134927479.5,416173245.39755,66202997.1,204368695.99954,1853023,-0.0004222767274586481,-0.001739501953125,0.008927186757279992,-0.034912109375,-0.0206298828125,0.0172119140625,0.03125
XRPUSDT,2025-08-16 00:00:00+00:00,3.0778,3.156,3.0715,3.1055,64524770.2,200967314.48386,31097703.5,96841884.17673,844261,0.008927186757279992,-0.002166748046875,-0.005748255833150306,-0.0341796875,-0.020263671875,0.01531982421875,0.0284423828125
XRPUSDT,2025-08-17 00:00:00+00:00,3.1056,3.1472,3.0773,3.0877,66692097.5,207693595.90509,33868984.1,105485752.07862,747253,-0.005748255833150306,-0.00116729736328125,-0.008488822054714795,-0.031494140625,-0.01806640625,0.015625,0.028564453125
XRPUSDT,2025-08-18 00:00:00+00:00,3.0877,3.0969,2.9404,3.0616,163460914.2,491582713.4588,82210259.7,247168920.13235,1925263,-0.008488822054714795,-0.000644683837890625,-0.06783634913229752,-0.03369140625,-0.0191650390625,0.0177001953125,0.03173828125
XRPUSDT,2025-08-19 00:00:00+00:00,3.0616,3.0808,2.8488,2.8608,149185188.7,441814217.90826,75709366.3,224346752.36746,2055525,-0.06783634913229752,-0.000774383544921875,0.031110561303270945,-0.04345703125,-0.0247802734375,0.0235595703125,0.04150390625
XRPUSDT,2025-08-20 00:00:00+00:00,2.8608,2.9896,2.8184,2.9512,152651462.5,443141083.59139,79921241.5,232010334.65923,1792685,0.031110561303270945,-0.00141143798828125,-0.03422642847660917,-0.040283203125,-0.023193359375,0.0198974609375,0.036376953125
XRPUSDT,2025-08-21 00:00:00+00:00,2.9512,2.9588,2.8424,2.8519,91372655.6,265375827.20168,46230262.0,134323676.99362,1321601,-0.03422642847660917,-0.001190185546875,0.07512432144477721,-0.037841796875,-0.0218505859375,0.0191650390625,0.03466796875
XRPUSDT,2025-08-22 00:00:00+00:00,2.8518,3.1056,2.7826,3.0744,255042164.6,756680141.6796899,127722524.8,378832256.57009,2718103,0.07512432144477721,0.000507354736328125,-0.008460093902763255,-0.046875,-0.0272216796875,0.0283203125,0.047607421875
XRPUSDT,2025-08-23 00:00:00+00:00,3.0745,3.0756,2.9697,3.0485,103250847.4,312851396.2456,46547374.7,141036191.63691,1168308,-0.008460093902763255,-0.0003223419189453125,-0.007474147037136225,-0.045166015625,-0.0262451171875,0.025390625,0.043701171875
XRPUSDT,2025-08-24 00:00:00+00:00,3.0486,3.128,2.987,3.0258,157353334.0,478627892.76714,73279229.8,223042158.69024,1684391,-0.007474147037136225,9.72747802734375e-05,-0.05691349160153458,-0.044677734375,-0.02587890625,0.0255126953125,0.04296875
XRPUSDT,2025-08-25 00:00:00+00:00,3.0259,3.0535,2.8223,2.8584,176144258.4,516651925.35531,90700440.2,265882801.73838,1998442,-0.05691349160153458,-0.000865936279296875,0.052441878844300405,-0.04833984375,-0.0281982421875,0.02587890625,0.04541015625
XRPUSDT,2025-08-26 00:00:00+00:00,2.8584,3.0817,2.8459,3.0123,160522587.8,473684122.4472,83225673.1,245480805.688,1701625,0.052441878844300405,0.000507354736328125,-0.014546075807112535,-0.052978515625,-0.031494140625,0.03271484375,0.053955078125
XRPUSDT,2025-08-27 00:00:00+00:00,3.0123,3.0454,2.9621,2.9688,124270806.9,373244514.9522,63100968.3,189517971.04205,1345761,-0.014546075807112535,-0.000461578369140625,-0.0007750240476898096,-0.04931640625,-0.029052734375,0.028564453125,0.048828125
XRPUSDT,2025-08-28 00:00:00+00:00,2.9688,3.0263,2.9432,2.9665,110595938.3,330930941.91631,54943116.9,164387708.56163,984232,-0.0007750240476898096,-0.0004673004150390625,-0.05082324245146119,-0.047119140625,-0.027587890625,0.026611328125,0.04541015625
XRPUSDT,2025-08-29 00:00:00+00:00,2.9665,2.9768,2.7734,2.8195,169431466.9,484925782.40824,78423167.0,224256640.27676,1619990,-0.05082324245146119,-0.00083160400390625,-0.0004966652578328734,-0.0498046875,-0.0291748046875,0.0274658203125,0.047607421875
XRPUSDT,2025-08-30 00:00:00+00:00,2.8195,2.8349,2.7604,2.8181,68213469.6,191313300.47443,31322140.3,87878171.60843,699826,-0.0004966652578328734,-0.003082275390625,-0.015159931366866886,-0.049560546875,-0.0303955078125,0.0252685546875,0.044677734375
XRPUSDT,2025-08-31 00:00:00+00:00,2.818,2.8693,2.7707,2.7757,56440031.3,159218563.44986,28063084.6,79161694.94195,559485,-0.015159931366866886,-0.000965118408203125,-0.006070918078427745,-0.04052734375,-0.02392578125,0.0224609375,0.039306640625
XRPUSDT,2025-09-01 00:00:00+00:00,2.7757,2.839,2.6975,2.7589,179805399.6,496207294.84045,86653892.9,239235524.70829,1568606,-0.006070918078427745,-0.0029144287109375,0.03668863157228697,-0.039306640625,-0.0240478515625,0.0186767578125,0.0341796875
XRPUSDT,2025-09-02 00:00:00+00:00,2.7589,2.8641,2.7484,2.862,134689040.5,378125448.29701,69966767.4,196436838.9181,1237702,0.03668863157228697,-0.0020751953125,-0.006203689524373113,-0.045166015625,-0.0277099609375,0.0247802734375,0.042724609375
XRPUSDT,2025-09-03 00:00:00+00:00,2.862,2.8867,2.811,2.8443,96774293.1,275705151.28905,57114212.0,162695824.44687,810420,-0.006203689524373113,-0.00186920166015625,-0.01762800794567565,-0.044189453125,-0.0274658203125,0.024658203125,0.04248046875
XRPUSDT,2025-09-04 00:00:00+00:00,2.8442,2.8629,2.7842,2.7946,94539630.5,267173303.80852,55191516.0,156010170.05555,811148,-0.01762800794567565,-0.00150299072265625,0.007166700312194241,-0.039306640625,-0.0234375,0.0208740234375,0.037353515625
XRPUSDT,2025-09-05 00:00:00+00:00,2.7947,2.8849,2.778,2.8147,120949495.7,342895699.44597,63079829.5,178792027.26067,1056961,0.007166700312194241,-0.00162506103515625,-0.0017423775409906028,-0.0400390625,-0.0245361328125,0.021484375,0.037841796875
XRPUSDT,2025-09-06 00:00:00+00:00,2.8146,2.8289,2.7927,2.8098,31389546.6,88181784.77706,15789396.9,44356339.61706,340600,-0.0017423775409906028,-0.00106048583984375,0.023634778133996726,-0.037353515625,-0.0223388671875,0.0206298828125,0.035888671875
XRPUSDT,2025-09-07 00:00:00+00:00,2.8098,2.9285,2.8092,2.877,82776839.1,237845923.06924,41272125.1,118576142.26461,714674,0.023634778133996726,0.00150299072265625,0.03171285304232341,-0.038330078125,-0.0228271484375,0.026123046875,0.042724609375
XRPUSDT,2025-09-08 00:00:00+00:00,2.877,2.9964,2.8627,2.9697,121406178.2,357100825.89235,58987421.1,173432657.51898,1202626,0.03171285304232341,0.0004215240478515625,-0.007537511814708742,-0.038818359375,-0.0233154296875,0.024169921875,0.039306640625
XRPUSDT,2025-09-09 00:00:00+00:00,2.9698,3.0365,2.9337,2.9474,116913430.2,348474616.90628,56157480.3,167355579.97446,1178234,-0.007537511814708742,0.0009307861328125,0.012140163940667525,-0.037353515625,-0.0224609375,0.0238037109375,0.038818359375
XRPUSDT,2025-09-10 00:00:00+00:00,2.9474,3.024,2.9357,2.9834,85328678.0,254595352.64087,44116802.9,131602697.33006,863874,0.012140163940667525,-0.0004291534423828125,0.01872813404253071,-0.036376953125,-0.021728515625,0.0205078125,0.034423828125
XRPUSDT,2025-09-11 00:00:00+00:00,2.9834,3.049,2.9507,3.0398,115124443.9,346200965.61326,59771277.5,179765997.46557,1018005,0.01872813404253071,0.0002498626708984375,0.02135080778470866,-0.032958984375,-0.019775390625,0.02001953125,0.033203125
XRPUSDT,2025-09-12 00:00:00+00:00,3.0398,3.1376,3.018,3.1054,130413008.1,399729991.30432,67334009.5,206374985.40223,1285121,0.02135080778470866,0.0004634857177734375,0.004466086109859768,-0.0281982421875,-0.016357421875,0.017333984375,0.029052734375
XRPUSDT,2025-09-13 00:00:00+00:00,3.1054,3.1858,3.089,3.1193,112791516.9,353633295.94383,53253424.3,166979438.79162,1365939,0.004466086109859768,0.00125885009765625,-0.029739307744005794,-0.0302734375,-0.017333984375,0.0196533203125,0.0322265625
XRPUSDT,2025-09-14 00:00:00+00:00,3.1193,3.1267,3.0099,3.0279,86444642.8,264813571.07064,39707948.9,121696150.68889,998055,-0.029739307744005794,0.00113677978515625,-0.010290888852974245,-0.03564453125,-0.0206298828125,0.0230712890625,0.0380859375
XRPUSDT,2025-09-15 00:00:00+00:00,3.028,3.0669,2.9532,2.9969,121536076.0,365716669.60396,55528945.7,167247981.01844,1496878,-0.010290888852974245,-0.00045013427734375,0.013489308857643323,-0.034423828125,-0.021240234375,0.02001953125,0.033203125
XRPUSDT,2025-09-16 00:00:00+00:00,2.9969,3.0586,2.9642,3.0376,76953763.0,232295040.69566,37968907.5,114542088.55291,839098,0.013489308857643323,-0.000698089599609375,0.015192150661465398,-0.030517578125,-0.018310546875,0.01708984375,0.0291748046875
XRPUSDT,2025-09-17 00:00:00+00:00,3.0376,3.1079,2.9814,3.0841,132508658.4,402038606.26675,63434613.9,192481622.06391,1349828,0.015192150661465398,-0.000728607177734375,-0.00344290323199381,-0.0299072265625,-0.0174560546875,0.0157470703125,0.0274658203125
XRPUSDT,2025-09-18 00:00:00+00:00,3.0841,3.1397,3.0558,3.0735,121098940.7,375568570.86294,57592267.4,178586176.29549,1143272,-0.00344290323199381,-0.00058746337890625,-0.027510145705543776,-0.0281982421875,-0.01611328125,0.01458740234375,0.0264892578125
XRPUSDT,2025-09-19 00:00:00+00:00,3.0735,3.0941,2.9784,2.9901,92714638.6,280653897.19982,43494509.4,131753254.09052,926765,-0.027510145705543776,-0.00107574462890625,-0.005062792661790105,-0.033935546875,-0.0201416015625,0.0174560546875,0.030517578125
XRPUSDT,2025-09-20 00:00:00+00:00,2.99,3.0091,2.9652,2.975,62723730.0,187146184.3628,23369812.7,69752828.46476,574187,-0.005062792661790105,-0.0005340576171875,-0.0016484167161376906,-0.035400390625,-0.0203857421875,0.0185546875,0.03271484375
XRPUSDT,2025-09-21 00:00:00+00:00,2.975,3.0135,2.9523,2.9701,45668741.1,136202072.65893,19806088.8,59059653.44036,558016,-0.0016484167161376906,2.014636993408203e-05,-0.040364763174270735,-0.03662109375,-0.021240234375,0.0206298828125,0.03564453125
XRPUSDT,2025-09-22 00:00:00+00:00,2.9701,2.9755,2.6975,2.8526,228747192.9,649499096.84506,114910023.1,326197885.67832,2206540,-0.040364763174270735,-0.001739501953125,-0.009828694838101226,-0.04345703125,-0.0262451171875,0.0225830078125,0.03955078125
XRPUSDT,2025-09-23 00:00:00+00:00,2.8525,2.8964,2.7991,2.8247,100392302.3,286849193.23602,46988792.2,134255316.016,1159601,-0.009828694838101226,-0.00081634521484375,0.03513160402248916,-0.038818359375,-0.0233154296875,0.0208740234375,0.035400390625
XRPUSDT,2025-09-24 00:00:00+00:00,2.8247,2.9955,2.7883,2.9257,125417232.6,363496485.78589,60304195.7,174735583.22598,1367017,0.03513160402248916,-0.00023937225341796875,-0.06429929077467955,-0.038818359375,-0.0233154296875,0.022216796875,0.03759765625
XRPUSDT,2025-09-25 00:00:00+00:00,2.9257,2.9446,2.7244,2.7435,196421176.9,553085511.60956,102389494.4,288084174.82152,1971164,-0.06429929077467955,0.000640869140625,0.01447465112453239,-0.044189453125,-0.0257568359375,0.0264892578125,0.044677734375
XRPUSDT,2025-09-26 00:00:00+00:00,2.7435,2.809,2.6984,2.7835,162801304.7,448119979.14279,78342199.6,215697312.88451,1703056,0.01447465112453239,-0.000736236572265625,0.007587452741817158,-0.045166015625,-0.0269775390625,0.0245361328125,0.041259765625
XRPUSDT,2025-09-27 00:00:00+00:00,2.7836,2.8287,2.7619,2.8047,44703806.2,124610959.09304,21184401.2,59074132.69756,581944,0.007587452741817158,-0.0009002685546875,0.02210911444678776,-0.041748046875,-0.0255126953125,0.0228271484375,0.037841796875
XRPUSDT,2025-09-28 00:00:00+00:00,2.8047,2.8675,2.7661,2.8674,65853510.0,185001358.95664,32031313.6,89994348.27243,748534,0.02210911444678776,-0.00042724609375,0.004419319937243982,-0.0439453125,-0.026123046875,0.0247802734375,0.041259765625
XRPUSDT,2025-09-29 00:00:00+00:00,2.8675,2.9289,2.8454,2.8801,116473375.3,335494346.18332,57294284.5,165095180.31208,1257275,0.004419319937243982,0.0001888275146484375,-0.011629459324295377,-0.04345703125,-0.0255126953125,0.025146484375,0.0419921875
XRPUSDT,2025-09-30 00:00:00+00:00,2.8801,2.9077,2.8132,2.8468,100392419.7,286480582.91276,42580565.9,121571161.20038,1133168,-0.011629459324295377,-0.0009765625,0.035101010015442746,-0.043701171875,-0.0257568359375,0.023193359375,0.0400390625
XRPUSDT,2025-10-01 00:00:00+00:00,2.8468,2.9616,2.8141,2.9485,136262408.8,396809364.15718,70373291.9,204831825.38191,1262169,0.035101010015442746,-0.00127410888671875,0.030199041373794477,-0.0419921875,-0.025634765625,0.0234375,0.0390625
XRPUSDT,2025-10-02 00:00:00+00:00,2.9485,3.0998,2.9403,3.0389,147074551.6,442317543.96961,74839932.3,225030174.69344,1585511,0.030199041373794477,0.00042724609375,0.00039480178173612046,-0.036376953125,-0.0213623046875,0.0223388671875,0.037109375
XRPUSDT,2025-10-03 00:00:00+00:00,3.0388,3.0948,3.0041,3.0401,125739506.7,382280908.83134,60214628.3,183053328.29593,1429215,0.00039480178173612046,0.0005035400390625,-0.023833634885359167,-0.0341796875,-0.0201416015625,0.02099609375,0.03466796875
XRPUSDT,2025-10-04 00:00:00+00:00,3.0402,3.0522,2.939,2.9685,69429980.8,207321266.10311,32771872.7,97848957.69816,844016,-0.023833634885359167,-0.0029449462890625,0.000404162883141046,-0.04052734375,-0.0255126953125,0.0203857421875,0.035888671875
XRPUSDT,2025-10-05 00:00:00+00:00,2.9685,3.0716,2.9468,2.9697,105898711.4,318245690.32152,52769860.1,158504969.47079,1212008,0.000404162883141046,0.0011138916015625,0.006243726225358515,-0.035400390625,-0.0208740234375,0.0233154296875,0.0380859375
XRPUSDT,2025-10-06 00:00:00+00:00,2.9697,3.0506,2.9551,2.9883,117186503.0,352104152.38073,60607868.9,182045859.24951,1227468,0.006243726225358515,0.0004253387451171875,-0.04668416128504327,-0.03271484375,-0.0194091796875,0.02001953125,0.033447265625
XRPUSDT,2025-10-07 00:00:00+00:00,2.9883,3.0012,2.8489,2.852,151704976.6,443920050.41119,75599051.5,221427746.40722,1413360,-0.04668416128504327,0.001190185546875,0.00966561950341438,-0.033935546875,-0.02001953125,0.02197265625,0.03564453125
XRPUSDT,2025-10-08 00:00:00+00:00,2.8521,2.9248,2.8303,2.8797,86103907.0,247518098.06655,40460511.9,116329038.35237,1139180,0.00966561950341438,-0.0021820068359375,-0.027316985983759645,-0.036376953125,-0.0225830078125,0.017822265625,0.0308837890625
XRPUSDT,2025-10-09 00:00:00+00:00,2.8797,2.8801,2.7714,2.8021,110236912.9,310379763.91407,52779790.3,148678400.52464,1340461,-0.027316985983759645,0.000514984130859375,-0.16731041879448572,-0.03271484375,-0.0196533203125,0.0198974609375,0.032958984375
XRPUSDT,2025-10-10 00:00:00+00:00,2.8021,2.8372,1.2543,2.3704,592833224.7,1416016000.51225,274426458.2,660148032.76122,4493544,-0.16731041879448572,0.000591278076171875,0.004839771246513136,-0.0458984375,-0.026123046875,0.0269775390625,0.046875
XRPUSDT,2025-10-11 00:00:00+00:00,2.3704,2.5061,2.3,2.3819,377516588.0,909770588.8068701,187154494.8,450782832.32248,4338405,0.004839771246513136,0.00109100341796875,0.05960909855558849,-0.044189453125,-0.025146484375,0.027587890625,0.046875
XRPUSDT,2025-10-12 00:00:00+00:00,2.3819,2.5841,2.3121,2.5282,248265523.1,607237964.21932,125627671.2,307204486.93711,3072544,0.05960909855558849,0.000789642333984375,0.030001860610789244,-0.047607421875,-0.02783203125,0.0291748046875,0.04931640625
XRPUSDT,2025-10-13 00:00:00+00:00,2.5283,2.646,2.5125,2.6052,215844073.7,558246044.00344,105285638.8,272269751.72452,2535110,0.030001860610789244,0.0002422332763671875,-0.03989958625005652,-0.042724609375,-0.02490234375,0.0247802734375,0.04150390625
XRPUSDT,2025-10-14 00:00:00+00:00,2.6052,2.6208,2.3888,2.5033,236417459.6,587762059.79276,118809172.2,295247968.87999,2440380,-0.03989958625005652,0.000698089599609375,-0.037609739666935815,-0.03955078125,-0.0228271484375,0.0234375,0.03857421875
XRPUSDT,2025-10-15 00:00:00+00:00,2.5033,2.5475,2.3754,2.4109,147593411.2,363905099.1024,79514191.8,196180103.68505,1641249,-0.037609739666935815,-0.0003871917724609375,-0.03499059190392573,-0.038818359375,-0.0223388671875,0.02099609375,0.035888671875
XRPUSDT,2025-10-16 00:00:00+00:00,2.411,2.4665,2.2833,2.328,196447886.3,467212723.60674,97981688.1,233128494.57366,2350217,-0.03499059190392573,-0.00164794921875,-0.014886894282168273,-0.03564453125,-0.0205078125,0.016845703125,0.03125
XRPUSDT,2025-10-17 00:00:00+00:00,2.328,2.4,2.1901,2.2936,233638133.0,533049692.5888,119220056.7,272073937.51893,2897858,-0.014886894282168273,-0.0011444091796875,0.028369477559760048,-0.032470703125,-0.0186767578125,0.015625,0.0289306640625
XRPUSDT,2025-10-18 00:00:00+00:00,2.2936,2.3915,2.2894,2.3596,70031265.2,164699862.1112,34130742.8,80245848.32378,901192,0.028369477559760048,-0.0014190673828125,0.01313592482117898,-0.0341796875,-0.02001953125,0.0162353515625,0.02978515625
XRPUSDT,2025-10-19 00:00:00+00:00,2.3596,2.4195,2.3177,2.3908,86051004.0,204746942.77784,41010544.8,97555751.75646,1047632,0.01313592482117898,-0.000820159912109375,0.04258052770186849,-0.034423828125,-0.01953125,0.0172119140625,0.03076171875
XRPUSDT,2025-10-20 00:00:00+00:00,2.3907,2.5529,2.3547,2.4948,132020692.3,325043707.31512,67423216.5,165941272.12609,1472709,0.04258052770186849,-0.00173187255859375,-0.029532347565017436,-0.038818359375,-0.0233154296875,0.0196533203125,0.03515625
XRPUSDT,2025-10-21 00:00:00+00:00,2.4948,2.5323,2.4011,2.4222,142161412.2,349446603.8966,73943199.1,181570619.16634,1680158,-0.029532347565017436,-0.00012874603271484375,-0.024025054101336818,-0.039794921875,-0.023193359375,0.022705078125,0.0390625
XRPUSDT,2025-10-22 00:00:00+00:00,2.4221,2.4375,2.3255,2.3647,131694103.3,314639214.69154,65292116.1,156074216.80229,1616003,-0.024025054101336818,-0.0004425048828125,0.012606798053258927,-0.037109375,-0.021484375,0.0206298828125,0.035888671875
XRPUSDT,2025-10-23 00:00:00+00:00,2.3647,2.4259,2.3617,2.3947,84337201.1,202214305.62803,38067141.9,91266707.03713,864950,0.012606798053258927,-0.00020694732666015625,0.04714430585713325,-0.035400390625,-0.020751953125,0.0196533203125,0.0341796875
XRPUSDT,2025-10-24 00:00:00+00:00,2.3948,2.516,2.3863,2.5103,112051925.0,276766703.76931,51639778.8,127594493.96124,1167079,0.04714430585713325,-8.7738037109375e-05,0.03353100938479725,-0.03857421875,-0.0225830078125,0.021728515625,0.036865234375
XRPUSDT,2025-10-25 00:00:00+00:00,2.5103,2.6542,2.5021,2.5959,95829560.4,246949699.35457,48861644.0,125947778.18104,1225540,0.03353100938479725,0.000339508056640625,0.019153580574900575,-0.039306640625,-0.0233154296875,0.02392578125,0.03955078125
XRPUSDT,2025-10-26 00:00:00+00:00,2.5958,2.6624,2.592,2.6461,83681116.7,220148409.4358,41676057.4,109664973.64201,1130464,0.019153580574900575,0.00077056884765625,-0.00458325455247699,-0.038330078125,-0.022705078125,0.024169921875,0.03955078125
XRPUSDT,2025-10-27 00:00:00+00:00,2.646,2.6975,2.6013,2.634,113960332.0,301816650.99461,53235694.4,141019173.17446,1569789,-0.00458325455247699,0.00072479248046875,-0.011685320270866328,-0.03662109375,-0.0216064453125,0.022705078125,0.037353515625
XRPUSDT,2025-10-28 00:00:00+00:00,2.634,2.6887,2.5675,2.6034,123712287.2,325741633.67731,59272302.4,156068077.61677,1554608,-0.011685320270866328,0.00064849853515625,-0.020646495582918534,-0.03662109375,-0.021240234375,0.022216796875,0.036865234375
XRPUSDT,2025-10-29 00:00:00+00:00,2.6034,2.664,2.537,2.5502,127783090.4,333619686.1261,59018988.7,154116971.23826,1601141,-0.020646495582918534,0.000797271728515625,-0.04446067456753999,-0.036376953125,-0.021484375,0.0230712890625,0.03857421875
XRPUSDT,2025-10-30 00:00:00+00:00,2.5502,2.5944,2.3769,2.4393,151633152.9,377157606.2916,72002455.0,178931826.52578,2097584,-0.04446067456753999,0.00167083740234375,0.028452111188264517,-0.0390625,-0.0223388671875,0.0255126953125,0.042236328125
XRPUSDT,2025-10-31 00:00:00+00:00,2.4393,2.5546,2.4311,2.5097,115609330.7,289080627.19977,54074782.8,135285375.74321,1256244,0.028452111188264517,0.00177001953125,-0.0017547362428725899,-0.040771484375,-0.0234375,0.026611328125,0.043212890625
XRPUSDT,2025-11-01 00:00:00+00:00,2.5096,2.5233,2.476,2.5053,41551912.8,103930956.29276,20145083.4,50389915.48432,521257,-0.0017547362428725899,0.00026702880859375,0.008505615666129618,-0.039794921875,-0.02294921875,0.0235595703125,0.040283203125
XRPUSDT,2025-11-02 00:00:00+00:00,2.5053,2.5549,2.478,2.5267,51555957.6,129684074.86327,24744525.8,62270461.77139,680133,0.008505615666129618,0.00164794921875,-0.08983975414469769,-0.038330078125,-0.0220947265625,0.0260009765625,0.042724609375
XRPUSDT,2025-11-03 00:00:00+00:00,2.5267,2.5322,2.2631,2.3096,174525470.1,414201479.14369,84435481.1,200158323.01645,2091619,-0.08983975414469769,0.00160980224609375,-0.046210795300573815,-0.0458984375,-0.0260009765625,0.030517578125,0.050537109375
XRPUSDT,2025-11-04 00:00:00+00:00,2.3095,2.3655,2.0665,2.2053,346558907.5,771446660.1219699,172676840.8,384959573.52622,3960857,-0.046210795300573815,0.0022735595703125,0.060653962465372135,-0.05322265625,-0.0303955078125,0.037109375,0.061767578125
XRPUSDT,2025-11-05 00:00:00+00:00,2.2053,2.3766,2.1015,2.3432,207833006.9,468286637.04496,101397694.2,228665185.70234,2433793,0.060653962465372135,0.0023193359375,-0.057168455462473955,-0.05322265625,-0.031005859375,0.03759765625,0.061767578125
XRPUSDT,2025-11-06 00:00:00+00:00,2.3432,2.416,2.1796,2.213,172724312.7,393700992.04894,85755018.5,195382525.3911,2061551,-0.057168455462473955,0.0028533935546875,0.04523339772057833,-0.048583984375,-0.0279541015625,0.0341796875,0.0556640625
XRPUSDT,2025-11-07 00:00:00+00:00,2.213,2.3729,2.1536,2.3154,178003937.3,401217238.3277,90120127.8,203380046.90812,2278878,0.04523339772057833,0.001739501953125,-0.01264766843144649,-0.045654296875,-0.0262451171875,0.029541015625,0.049072265625
XRPUSDT,2025-11-08 00:00:00+00:00,2.3155,2.3381,2.2424,2.2863,83656256.1,192268872.34323,39393872.8,90504722.71398,1208890,-0.01264766843144649,0.00115203857421875,0.03435050247938087,-0.049072265625,-0.0286865234375,0.031005859375,0.05126953125
XRPUSDT,2025-11-09 00:00:00+00:00,2.2864,2.395,2.2392,2.3662,86012398.0,198278601.16981,39978606.3,92225386.89178,1239612,0.03435050247938087,5.7697296142578125e-05,0.06535173109087389,-0.0478515625,-0.02734375,0.0269775390625,0.046142578125
XRPUSDT,2025-11-10 00:00:00+00:00,2.3662,2.5808,2.3462,2.526,197478395.3,494186025.29096,93333571.2,233503028.06542,2425650,0.06535173109087389,0.0036773681640625,-0.054716239790084664,-0.047607421875,-0.0272216796875,0.03515625,0.056396484375
XRPUSDT,2025-11-11 00:00:00+00:00,2.526,2.57,2.3787,2.3915,126538891.7,311862415.17771,61930224.4,152752080.35078,1790221,-0.054716239790084664,0.0017242431640625,-0.0015064655315861764,-0.04541015625,-0.0267333984375,0.0306396484375,0.0498046875
XRPUSDT,2025-11-12 00:00:00+00:00,2.3915,2.4491,2.3166,2.3879,141159795.6,337101476.81378,74507271.4,178013556.61515,1599780,-0.0015064655315861764,0.0004100799560546875,-0.027770126900771963,-0.0458984375,-0.027587890625,0.0279541015625,0.0458984375
XRPUSDT,2025-11-13 00:00:00+00:00,2.3878,2.5264,2.2757,2.3225,268264404.5,648161281.52071,131373654.2,316911275.52479,2933097,-0.027770126900771963,0.0015411376953125,-0.03425052314152466,-0.046142578125,-0.0267333984375,0.02978515625,0.048828125
XRPUSDT,2025-11-14 00:00:00+00:00,2.3225,2.3416,2.2256,2.2443,220377818.6,503933839.45625,110693007.7,253189190.6915,2637209,-0.03425052314152466,0.0004749298095703125,-0.0031685845990359063,-0.044921875,-0.026611328125,0.0277099609375,0.046142578125
XRPUSDT,2025-11-15 00:00:00+00:00,2.2443,2.3034,2.2111,2.2372,84473254.2,191008990.86777,43286016.0,97876839.98032,1187884,-0.0031685845990359063,9.489059448242188e-05,-0.010017828214203384,-0.042236328125,-0.0250244140625,0.0245361328125,0.040283203125
XRPUSDT,2025-11-16 00:00:00+00:00,2.2372,2.28,2.1558,2.2149,126254506.2,279635280.28231,61537500.0,136301752.57972,1659217,-0.010017828214203384,0.000762939453125,-0.02338753653984571,-0.03857421875,-0.022216796875,0.0228271484375,0.037841796875
XRPUSDT,2025-11-17 00:00:00+00:00,2.2148,2.3077,2.1146,2.1637,213925840.3,472212439.49585,102977662.8,227394763.02789,2229241,-0.02338753653984571,-0.00104522705078125,0.02442541935226583,-0.041015625,-0.024169921875,0.021728515625,0.037841796875
XRPUSDT,2025-11-18 00:00:00+00:00,2.1637,2.2413,2.1064,2.2172,188026720.7,409807060.60082,85446198.0,186165814.37104,1978808,0.02442541935226583,-0.00066375732421875,-0.04965198229794132,-0.0400390625,-0.0238037109375,0.021728515625,0.037353515625
XRPUSDT,2025-11-19 00:00:00+00:00,2.2171,2.2196,2.0244,2.1098,237660615.7,499124445.18076,101495684.6,214082418.06439,1950500,-0.04965198229794132,-0.0019378662109375,-0.05349597695566766,-0.042236328125,-0.0260009765625,0.0224609375,0.039794921875
XRPUSDT,2025-11-20 00:00:00+00:00,2.1097,2.1498,1.9743,1.9999,295232267.9,606713707.73017,116360038.4,239570297.38172,2105827,-0.05349597695566766,-0.000621795654296875,-0.024806374748824855,-0.044189453125,-0.0262451171875,0.02587890625,0.044189453125
XRPUSDT,2025-11-21 00:00:00+00:00,1.9998,2.0308,1.8209,1.9509,349052191.6,674481994.06328,166063654.7,320871616.40984,3374370,-0.024806374748824855,-0.000652313232421875,0.0,-0.0439453125,-0.0260009765625,0.025390625,0.044189453125
XRPUSDT,2025-11-22 00:00:00+00:00,1.9509,1.9671,1.889,1.9509,92507655.6,178554276.05228,44480743.3,85840041.83697,1094434,0.0,-0.000858306884765625,0.04910986779957105,-0.04345703125,-0.02587890625,0.0240478515625,0.0419921875
XRPUSDT,2025-11-23 00:00:00+00:00,1.9508,2.0846,1.9497,2.0491,136024600.0,277919540.70653,67923883.7,138750379.35714,1343209,0.04910986779957105,0.00115966796875,0.0835241003727265,-0.045654296875,-0.0264892578125,0.0281982421875,0.04736328125
XRPUSDT,2025-11-24 00:00:00+00:00,2.0491,2.2868,2.0238,2.2276,209507520.1,449036243.07978,98802936.2,211676115.83591,2049558,0.0835241003727265,-0.0003414154052734375,-0.011377097887115939,-0.05712890625,-0.0341796875,0.034423828125,0.05810546875
XRPUSDT,2025-11-25 00:00:00+00:00,2.2276,2.2652,2.1482,2.2024,154916931.3,341969966.38068,71686783.8,158281346.76872,1457035,-0.011377097887115939,0.00020694732666015625,0.00944490379702545,-0.051025390625,-0.029541015625,0.0291748046875,0.0498046875
XRPUSDT,2025-11-26 00:00:00+00:00,2.2023,2.2547,2.1447,2.2233,110237202.3,241957772.47178,52620718.7,115445585.23116,1060172,0.00944490379702545,-0.00029754638671875,-0.010580673857559453,-0.0458984375,-0.027587890625,0.026611328125,0.04443359375
XRPUSDT,2025-11-27 00:00:00+00:00,2.2232,2.2347,2.1727,2.1999,82691220.6,182415330.68697,42528783.7,93775611.93081,697665,-0.010580673857559453,8.7738037109375e-05,-0.009316412089416248,-0.042724609375,-0.0255126953125,0.025390625,0.042724609375
XRPUSDT,2025-11-28 00:00:00+00:00,2.2,2.2752,2.1565,2.1795,140892868.9,311037589.06468,68443886.4,151033952.87446,1180500,-0.009316412089416248,-0.00023555755615234375,0.009770874922179096,-0.041748046875,-0.0252685546875,0.0242919921875,0.041259765625
XRPUSDT,2025-11-29 00:00:00+00:00,2.1795,2.2231,2.1666,2.2009,57026784.1,125384177.30394,23455374.4,51576741.54875,596346,0.009770874922179096,-0.0003662109375,-0.021075644062778287,-0.043212890625,-0.025634765625,0.0242919921875,0.041259765625
XRPUSDT,2025-11-30 00:00:00+00:00,2.201,2.215,2.1524,2.155,52482888.9,114977582.57313,24110972.8,52847028.53185,484242,-0.021075644062778287,-1.537799835205078e-05,-0.05990272467426716,-0.04248046875,-0.025390625,0.02490234375,0.041748046875
XRPUSDT,2025-12-01 00:00:00+00:00,2.1549,2.1609,1.9835,2.0297,173919553.1,355365694.67381,82353788.7,168414104.91504,1739470,-0.05990272467426716,-0.00066375732421875,0.059067108823221304,-0.05322265625,-0.03125,0.0299072265625,0.050537109375
XRPUSDT,2025-12-02 00:00:00+00:00,2.0297,2.1831,1.995,2.1532,132464308.9,278033250.95284,61100904.7,127883001.43629,1361804,0.059067108823221304,0.00174713134765625,0.02041074809426191,-0.05419921875,-0.03173828125,0.03662109375,0.0625
XRPUSDT,2025-12-03 00:00:00+00:00,2.1531,2.219,2.1414,2.1976,111507874.4,243427331.82546,52601902.7,114843940.63389,1174499,0.02041074809426191,-0.0005645751953125,-0.04733508934013131,-0.051513671875,-0.0303955078125,0.0289306640625,0.05029296875
XRPUSDT,2025-12-04 00:00:00+00:00,2.1976,2.2146,2.0691,2.096,101092517.6,216617251.44724,48983080.2,104934739.65709,1060667,-0.04733508934013131,0.000133514404296875,-0.02982983133302275,-0.04296875,-0.025634765625,0.0260009765625,0.043701171875
XRPUSDT,2025-12-05 00:00:00+00:00,2.096,2.113,2.0125,2.0344,95338082.9,196417783.93917,47063231.3,96940363.89465,1051956,-0.02982983133302275,0.000545501708984375,-0.001721890568846085,-0.03857421875,-0.02294921875,0.02392578125,0.039794921875
XRPUSDT,2025-12-06 00:00:00+00:00,2.0344,2.0504,2.0154,2.0309,43569024.8,88516862.0396,21768989.3,44228064.01045,452030,-0.001721890568846085,0.000507354736328125,0.006527470355911946,-0.037109375,-0.02197265625,0.0228271484375,0.037841796875
XRPUSDT,2025-12-07 00:00:00+00:00,2.031,2.1109,1.9894,2.0442,83786859.8,171442641.89825,39289939.6,80400940.15758,999527,0.006527470355911946,0.00067138671875,0.013700841045657386,-0.036865234375,-0.0213623046875,0.0228271484375,0.0380859375
XRPUSDT,2025-12-08 00:00:00+00:00,2.0442,2.1239,2.0319,2.0724,88049790.9,183591495.3019,39982706.1,83396344.16092,951747,0.013700841045657386,-0.00026702880859375,0.016178020005863436,-0.036865234375,-0.021728515625,0.0206298828125,0.034423828125
XRPUSDT,2025-12-09 00:00:00+00:00,2.0723,2.178,2.0419,2.1062,113859655.0,240316667.84854,53784394.9,113429486.01826,1228042,0.016178020005863436,-0.0002536773681640625,-0.031053604211581765,-0.0361328125,-0.0211181640625,0.0196533203125,0.032958984375
XRPUSDT,2025-12-10 00:00:00+00:00,2.1061,2.1108,2.0346,2.0418,125132700.4,259342035.77229,54599144.9,113163154.28314,1233167,-0.031053604211581765,-0.00156402587890625,-0.0038274741264098244,-0.03955078125,-0.0242919921875,0.0206298828125,0.035400390625
XRPUSDT,2025-12-11 00:00:00+00:00,2.0418,2.057,1.9767,2.034,125057005.0,251500084.80395,60702976.4,122062122.28411,1105100,-0.0038274741264098244,-0.000576019287109375,-0.013163945228805152,-0.037353515625,-0.0223388671875,0.0206298828125,0.03466796875
XRPUSDT,2025-12-12 00:00:00+00:00,2.034,2.0478,1.9692,2.0074,77987124.7,156851459.70608,36371229.6,73113371.33673,836283,-0.013163945228805152,0.00010204315185546875,0.007592900179349882,-0.032958984375,-0.0196533203125,0.0189208984375,0.03125
XRPUSDT,2025-12-13 00:00:00+00:00,2.0075,2.0482,2.0068,2.0227,44193267.1,89650356.06012,20946081.7,42474719.45386,394991,0.007592900179349882,-0.000667572021484375,-0.022144815351843428,-0.03466796875,-0.0208740234375,0.0185546875,0.031005859375
XRPUSDT,2025-12-14 00:00:00+00:00,2.0226,2.0306,1.9527,1.9784,45148587.9,90071177.0555,22960082.2,45794683.37407,490084,-0.022144815351843428,-0.00104522705078125,-0.04143505138625814,-0.035888671875,-0.02197265625,0.0186767578125,0.031494140625
XRPUSDT,2025-12-15 00:00:00+00:00,1.9784,2.0143,1.8695,1.8981,115746358.6,224006702.35929,56159469.8,108810189.74905,1181500,-0.04143505138625814,-0.0020599365234375,0.016511164581361926,-0.036865234375,-0.0228271484375,0.0177001953125,0.030517578125
XRPUSDT,2025-12-16 00:00:00+00:00,1.8981,1.9491,1.852,1.9297,101283394.8,193014736.53332,48383591.9,92237645.80332,1113011,0.016511164581361926,-0.00089263916015625,-0.035337502363353424,-0.03857421875,-0.0233154296875,0.0205078125,0.033935546875
XRPUSDT,2025-12-17 00:00:00+00:00,1.9297,1.9874,1.8474,1.8627,111714892.8,213339007.05976,56251900.8,107387854.12595,1273357,-0.035337502363353424,-0.0031280517578125,-0.030027049501832104,-0.03857421875,-0.024169921875,0.0172119140625,0.0299072265625
XRPUSDT,2025-12-18 00:00:00+00:00,1.8627,1.9341,1.8,1.8076,126981039.0,236200241.80635,60044940.9,111578774.29725,1359171,-0.030027049501832104,-0.00160980224609375,0.05468430759461684,-0.038330078125,-0.023193359375,0.0191650390625,0.033203125
XRPUSDT,2025-12-19 00:00:00+00:00,1.8076,1.9213,1.7711,1.9092,144601510.3,268667251.35816,72865144.9,135350779.07314,1295277,0.05468430759461684,0.00128936767578125,0.012647525915610247,-0.03955078125,-0.0234375,0.025146484375,0.04150390625
XRPUSDT,2025-12-20 00:00:00+00:00,1.9092,1.9588,1.8936,1.9335,53235023.5,102570019.69904,25611687.3,49347171.632,462154,0.012647525915610247,0.000247955322265625,-0.00580944628853719,-0.037841796875,-0.0225830078125,0.022705078125,0.037353515625
XRPUSDT,2025-12-21 00:00:00+00:00,1.9335,1.9498,1.8948,1.9223,53029272.9,101764349.86736,26120117.8,50118580.49092,508164,-0.00580944628853719,-0.000682830810546875,-0.009407898794043579,-0.0380859375,-0.0230712890625,0.0211181640625,0.0361328125
XRPUSDT,2025-12-22 00:00:00+00:00,1.9224,1.9493,1.8917,1.9043,88731614.2,170541148.42268,45018207.1,86494032.8813,833845,-0.009407898794043579,-0.00180816650390625,-0.01635952518974082,-0.03759765625,-0.0228271484375,0.0189208984375,0.032958984375
XRPUSDT,2025-12-23 00:00:00+00:00,1.9044,1.91,1.863,1.8734,77815693.8,146784418.82902,37247409.9,70289295.80384,667978,-0.01635952518974082,-0.0036468505859375,-0.005674229666808084,-0.039306640625,-0.0250244140625,0.017333984375,0.031494140625
XRPUSDT,2025-12-24 00:00:00+00:00,1.8734,1.8783,1.8372,1.8628,59895979.8,111432748.24416,28122051.4,52320190.02546,562567,-0.005674229666808084,-0.0028076171875,-0.0163450085771093,-0.0390625,-0.0245361328125,0.0186767578125,0.032958984375
XRPUSDT,2025-12-25 00:00:00+00:00,1.8627,1.8892,1.8291,1.8326,46144808.4,86049091.66366,18895048.4,35233263.92579,445516,-0.0163450085771093,-0.0015869140625,0.006038698545232202,-0.03564453125,-0.021728515625,0.017822265625,0.03173828125
XRPUSDT,2025-12-26 00:00:00+00:00,1.8325,1.8833,1.8246,1.8437,76825530.8,142650101.48219,32086816.6,59590381.19293,812307,0.006038698545232202,-0.00107574462890625,0.016033917157396993,-0.036376953125,-0.0218505859375,0.018798828125,0.032958984375
XRPUSDT,2025-12-27 00:00:00+00:00,1.8437,1.8788,1.8417,1.8735,31244471.3,57872471.63674,13426787.1,24871947.44292,254408,0.016033917157396993,-0.001220703125,-0.004332831940978887,-0.037109375,-0.022216796875,0.018798828125,0.03271484375
XRPUSDT,2025-12-28 00:00:00+00:00,1.8734,1.8796,1.8539,1.8654,26597238.3,49683128.09448,11930393.5,22282627.00367,272306,-0.004332831940978887,-0.0003528594970703125,-0.007857529259918561,-0.03466796875,-0.0208740234375,0.0196533203125,0.032958984375
XRPUSDT,2025-12-29 00:00:00+00:00,1.8655,1.918,1.845,1.8508,70265708.5,132149106.78247,32549273.9,61162953.30353,713307,-0.007857529259918561,-0.001129150390625,0.01437638750396919,-0.035400390625,-0.0218505859375,0.01904296875,0.03271484375
XRPUSDT,2025-12-30 00:00:00+00:00,1.8508,1.8864,1.8439,1.8776,48337735.6,90287787.52763,22283300.5,41634330.59681,418695,0.01437638750396919,-0.00119781494140625,-0.01897957453335053,-0.036865234375,-0.0224609375,0.01904296875,0.03271484375
XRPUSDT,2025-12-31 00:00:00+00:00,1.8776,1.8839,1.8123,1.8423,58334893.8,108118689.1138,29177521.4,54074984.83962,440483,-0.01897957453335053,-0.003204345703125,0.020203792916452468,-0.037109375,-0.023193359375,0.01611328125,0.029541015625
XRPUSDT,2026-01-01 00:00:00+00:00,1.8424,1.8811,1.8261,1.8799,41082589.1,76213964.8482,20405073.0,37859464.44496,299761,0.020203792916452468,-0.0002765655517578125,0.06537265902472178,-0.033935546875,-0.020751953125,0.0194091796875,0.032470703125
XRPUSDT,2026-01-02 00:00:00+00:00,1.8799,2.0315,1.8689,2.0069,127347907.2,247734472.67035,57647850.6,112078420.53494,1017519,0.06537265902472178,0.000766754150390625,0.005614782085791026,-0.044189453125,-0.0262451171875,0.02783203125,0.04541015625
XRPUSDT,2026-01-03 00:00:00+00:00,2.0068,2.0561,1.9844,2.0182,74386522.1,150077641.84672,34402743.5,69371119.38399,656247,0.005614782085791026,0.000682830810546875,0.03538857024694897,-0.04150390625,-0.024658203125,0.02587890625,0.042724609375
XRPUSDT,2026-01-04 00:00:00+00:00,2.0182,2.1204,2.0163,2.0909,113757086.3,235923401.78094,56325285.7,116827520.79926,980782,0.03538857024694897,0.002197265625,0.1158841241670443,-0.041748046875,-0.0240478515625,0.0291748046875,0.04736328125
XRPUSDT,2026-01-05 00:00:00+00:00,2.0908,2.3695,2.0877,2.3478,210318025.3,467707997.15885,102985570.5,228982496.06502,1982421,0.1158841241670443,0.00189971923828125,-0.01874517484046867,-0.051025390625,-0.03125,0.039794921875,0.068359375
XRPUSDT,2026-01-06 00:00:00+00:00,2.3479,2.4172,2.2046,2.3042,270372108.1,629154170.10637,131187585.7,305107045.68603,2585653,-0.01874517484046867,0.00147247314453125,-0.06198990979072794,-0.046875,-0.0277099609375,0.033203125,0.057373046875
XRPUSDT,2026-01-07 00:00:00+00:00,2.3042,2.3205,2.1517,2.1657,115603277.7,257626886.6184,55492734.1,123612092.295,1456273,-0.06198990979072794,-0.00408935546875,-0.01981925023528197,-0.049072265625,-0.0308837890625,0.0233154296875,0.04248046875
XRPUSDT,2026-01-08 00:00:00+00:00,2.1658,2.1925,2.0649,2.1232,156536080.5,331908879.48803,73952325.5,157051965.18221,1614939,-0.01981925023528197,0.0007171630859375,-0.01298904253710187,-0.040283203125,-0.0242919921875,0.026611328125,0.044677734375
XRPUSDT,2026-01-09 00:00:00+00:00,2.1232,2.1622,2.0727,2.0958,117777092.0,248795674.65699,62819422.8,132733468.14568,1257235,-0.01298904253710187,0.0004291534423828125,-0.0024364039282585015,-0.040771484375,-0.024658203125,0.025634765625,0.04296875
XRPUSDT,2026-01-10 00:00:00+00:00,2.0958,2.1106,2.0806,2.0907,31589981.3,66159954.8428,16426783.8,34405326.03078,342381,-0.0024364039282585015,-0.00012159347534179688,-0.007778777339660259,-0.03564453125,-0.0208740234375,0.020263671875,0.034912109375
XRPUSDT,2026-01-11 00:00:00+00:00,2.0907,2.11,2.045,2.0745,50545578.2,105268581.16162,26287099.2,54761640.19158,497144,-0.007778777339660259,-0.000476837158203125,-0.009931049284419124,-0.037109375,-0.0220947265625,0.0205078125,0.03515625
XRPUSDT,2026-01-12 00:00:00+00:00,2.0745,2.1086,2.035,2.054,110140038.3,227894784.65359,49022619.5,101435486.66429,1077404,-0.009931049284419124,-0.004302978515625,0.052862170166178,-0.041748046875,-0.02587890625,0.016845703125,0.03173828125
XRPUSDT,2026-01-13 00:00:00+00:00,2.0541,2.185,2.0474,2.1655,113374006.3,238793131.74914,53760554.8,113311110.58111,1132317,0.052862170166178,0.0015869140625,-0.012125865782650846,-0.03955078125,-0.0230712890625,0.0257568359375,0.041748046875
XRPUSDT,2026-01-14 00:00:00+00:00,2.1656,2.1924,2.1116,2.1394,135001603.5,290541648.35856,63505474.8,136724998.88321,1229087,-0.012125865782650846,-0.00060272216796875,-0.028686508218962126,-0.0390625,-0.0238037109375,0.021728515625,0.03662109375
XRPUSDT,2026-01-15 00:00:00+00:00,2.1393,2.1434,2.0532,2.0789,89639683.7,187945040.68501,46460136.9,97388906.72337,904219,-0.028686508218962126,-0.00107574462890625,-0.005353667500475723,-0.0380859375,-0.023193359375,0.02001953125,0.034423828125
XRPUSDT,2026-01-16 00:00:00+00:00,2.0789,2.0866,2.0263,2.0678,60894619.5,125412355.52278,28031723.9,57728451.37623,627484,-0.005353667500475723,-0.000804901123046875,-0.002275534158692638,-0.035400390625,-0.0213623046875,0.018798828125,0.032470703125
XRPUSDT,2026-01-17 00:00:00+00:00,2.0678,2.0834,2.0536,2.0631,31138454.9,64394685.22584,15393704.0,31838940.79232,315864,-0.002275534158692638,-0.0008087158203125,-0.03537179703991611,-0.036376953125,-0.0220947265625,0.019775390625,0.033447265625
XRPUSDT,2026-01-18 00:00:00+00:00,2.0632,2.0679,1.9861,1.9914,46506697.7,94798743.69225,22107454.2,45055056.02994,474109,-0.03537179703991611,-0.00130462646484375,-0.0027153433488661394,-0.038818359375,-0.0233154296875,0.02001953125,0.03466796875
XRPUSDT,2026-01-19 00:00:00+00:00,1.9914,2.0299,1.847,1.986,159349900.7,312427981.03306,79085644.4,155082684.04275,1183988,-0.0027153433488661394,-0.0026092529296875,-0.0495457365514298,-0.04052734375,-0.0250244140625,0.0191650390625,0.034423828125
XRPUSDT,2026-01-20 00:00:00+00:00,1.9861,1.9909,1.87,1.89,127376122.0,245625447.78919,68457991.9,131971940.45728,1219786,-0.0495457365514298,-0.002838134765625,0.030021016254857757,-0.044677734375,-0.0274658203125,0.022216796875,0.03955078125
XRPUSDT,2026-01-21 00:00:00+00:00,1.89,1.9907,1.8712,1.9476,147842135.5,284111499.09742,71848282.8,138090096.63842,1442942,0.030021016254857757,-0.0048828125,-0.012399414905038264,-0.044921875,-0.02880859375,0.019775390625,0.03662109375
XRPUSDT,2026-01-22 00:00:00+00:00,1.9475,1.9679,1.9016,1.9236,61627444.9,119394059.0727,30128653.0,58360889.05984,660686,-0.012399414905038264,-0.001739501953125,-0.0020815994194171017,-0.037353515625,-0.0230712890625,0.0194091796875,0.03466796875
XRPUSDT,2026-01-23 00:00:00+00:00,1.9237,1.9656,1.8873,1.9196,76076706.9,146213015.14371,35062701.5,67361620.22741,774360,-0.0020815994194171017,0.00072479248046875,-0.0027648104416796437,-0.033935546875,-0.0196533203125,0.020751953125,0.034912109375
XRPUSDT,2026-01-24 00:00:00+00:00,1.9197,1.9276,1.91,1.9143,27159999.9,52127828.62802,11436826.1,21949310.10698,221237,-0.0027648104416796437,-0.0029144287109375,-0.04198061702173239,-0.037353515625,-0.023681640625,0.0179443359375,0.0322265625
XRPUSDT,2026-01-25 00:00:00+00:00,1.9143,1.9168,1.8111,1.8356,91533110.3,169883447.84291,43218636.9,80188532.36239,818265,-0.04198061702173239,-0.00130462646484375,0.03663805245985563,-0.04052734375,-0.024658203125,0.0220947265625,0.0380859375
XRPUSDT,2026-01-26 00:00:00+00:00,1.8356,1.946,1.8331,1.9041,104481153.6,198359232.49118,47561596.5,90346922.99693,973413,0.03663805245985563,-0.0029754638671875,0.006125833968257277,-0.039794921875,-0.024658203125,0.0184326171875,0.033203125
XRPUSDT,2026-01-27 00:00:00+00:00,1.9042,1.9295,1.8741,1.9158,64619827.1,122893037.08238,32597760.1,61982960.53639,684052,0.006125833968257277,-0.0023040771484375,-0.0024562974538557825,-0.03857421875,-0.023681640625,0.0184326171875,0.0322265625
XRPUSDT,2026-01-28 00:00:00+00:00,1.9157,1.9427,1.8944,1.9111,67425858.5,129267981.88222,30440280.3,58351828.50214,726865,-0.0024562974538557825,-0.002655029296875,-0.05567899395781084,-0.0380859375,-0.0235595703125,0.017578125,0.03125
XRPUSDT,2026-01-29 00:00:00+00:00,1.9112,1.9134,1.778,1.8076,149409911.0,273416046.53278,74199062.5,135679629.22696,1163676,-0.05567899395781084,-0.00104522705078125,-0.04087731802446004,-0.037109375,-0.0225830078125,0.0198974609375,0.034423828125
XRPUSDT,2026-01-30 00:00:00+00:00,1.8077,1.8131,1.7107,1.7352,229720306.7,403078897.82779,111744159.2,196035046.05739,1962404,-0.04087731802446004,-0.001953125,-0.052045803799084966,-0.040771484375,-0.025390625,0.021240234375,0.037109375
XRPUSDT,2026-01-31 00:00:00+00:00,1.7353,1.7547,1.5028,1.6472,332369467.9,538786646.36154,155546825.9,252251107.31,2380722,-0.052045803799084966,-0.0023040771484375,-0.03483984238004412,-0.04833984375,-0.0299072265625,0.0263671875,0.0478515625
XRPUSDT,2026-02-01 00:00:00+00:00,1.6472,1.6805,1.5526,1.5908,182387658.0,296003317.28224,80664521.3,130837197.67496,1719231,-0.03483984238004412,-0.0024566650390625,0.01806565048135389,-0.0439453125,-0.02734375,0.0224609375,0.039794921875
XRPUSDT,2026-02-02 00:00:00+00:00,1.5908,1.6571,1.5307,1.6198,218107304.7,348750978.95153,102012267.2,163081486.06629,2139400,0.01806565048135389,-0.0003032684326171875,-0.025447620342291977,-0.0419921875,-0.0252685546875,0.0240478515625,0.040283203125
XRPUSDT,2026-02-03 00:00:00+00:00,1.6199,1.6339,1.5274,1.5791,190553042.4,303156002.31118,89420499.6,142297311.15481,1612184,-0.025447620342291977,-0.000843048095703125,-0.04342178673311914,-0.041259765625,-0.02490234375,0.0225830078125,0.0380859375
XRPUSDT,2026-02-04 00:00:00+00:00,1.579,1.6122,1.4948,1.512,194386702.9,302037891.96737,92988372.7,144466242.42228,1749945,-0.04342178673311914,-0.00311279296875,-0.21901847327600346,-0.042724609375,-0.0269775390625,0.0203857421875,0.03662109375
XRPUSDT,2026-02-05 00:00:00+00:00,1.512,1.5154,1.1371,1.2146,744109671.0,961884169.5801101,366310895.1,473664941.86597,5683396,-0.21901847327600346,-0.00026702880859375,0.19071153263129595,-0.05908203125,-0.033447265625,0.03369140625,0.061279296875
XRPUSDT,2026-02-06 00:00:00+00:00,1.2145,1.5442,1.1172,1.4698,708122800.8,961321499.9177699,340935364.1,463411653.23958,5710571,0.19071153263129595,0.01239013671875,-0.032288746405156554,-0.059326171875,-0.030029296875,0.06494140625,0.11328125
XRPUSDT,2026-02-07 00:00:00+00:00,1.4697,1.4879,1.3858,1.4231,274310340.3,391963977.31875,128214536.8,183358647.9262,2315753,-0.032288746405156554,-0.0024566650390625,0.0053961376952484374,-0.060302734375,-0.036376953125,0.0322265625,0.05859375
XRPUSDT,2026-02-08 00:00:00+00:00,1.4231,1.4703,1.4099,1.4308,126012618.4,181400964.06214,63179282.2,90968079.37173,1292240,0.0053961376952484374,-0.0016021728515625,0.004323878694162231,-0.0546875,-0.0322265625,0.029296875,0.0517578125
XRPUSDT,2026-02-09 00:00:00+00:00,1.4308,1.4642,1.3728,1.437,168546281.8,240567482.71765,71825530.7,102492550.95228,1495561,0.004323878694162231,-0.004638671875,-0.02615680159824546,-0.05078125,-0.031005859375,0.021728515625,0.041259765625
XRPUSDT,2026-02-10 00:00:00+00:00,1.437,1.4532,1.3916,1.3999,113399373.7,160934265.97524,52557790.4,74499351.28717,939856,-0.02615680159824546,-0.00469970703125,-0.021809067740004018,-0.04931640625,-0.0296630859375,0.020263671875,0.03857421875
XRPUSDT,2026-02-11 00:00:00+00:00,1.3998,1.4205,1.3421,1.3697,172696263.7,237549816.71376,82550469.6,113499952.49281,1382467,-0.021809067740004018,-0.0096435546875,-0.004536814455132321,-0.049560546875,-0.0322265625,0.01226806640625,0.0291748046875
XRPUSDT,2026-02-12 00:00:00+00:00,1.3697,1.4082,1.3461,1.3635,116856264.1,160718927.05486,59764838.3,82164275.33411,1005243,-0.004536814455132321,-0.004486083984375,0.03147592550856687,-0.0400390625,-0.0242919921875,0.0147705078125,0.0306396484375
XRPUSDT,2026-02-13 00:00:00+00:00,1.3635,1.4285,1.3485,1.4071,125027739.4,173410370.67896,56660688.7,78603787.7335,982787,0.03147592550856687,-0.0015411376953125,0.07018137205655806,-0.03662109375,-0.0213623046875,0.017822265625,0.03369140625
XRPUSDT,2026-02-14 00:00:00+00:00,1.407,1.5138,1.4051,1.5094,113140538.4,165770321.82151,54867984.5,80385817.35301,851648,0.07018137205655806,-0.0003299713134765625,-0.02285086192724678,-0.043701171875,-0.0260009765625,0.0255126953125,0.044189453125
