symbol,ts_decision,open_t,high_t,low_t,close_t,volume_t,quotevolume_t,activebuyvolume_t,activebuyquotevolume_t,tradenum_t,target_logreturn_t,pred_ret_t+1_mean,y_true_ret_t+1,pred_ret_t+1_q0.1,pred_ret_t+1_q0.2,pred_ret_t+1_q0.8,pred_ret_t+1_q0.9
DOGEUSDT,2025-01-01 00:00:00+00:00,0.316,0.32749,0.31195,0.32513,705437154.0,225584886.81993,332104809.0,106219941.04296,780419,0.02848288876415217,-0.002410888671875,0.04156849403194163,-0.055419921875,-0.032958984375,0.027099609375,0.04736328125
DOGEUSDT,2025-01-02 00:00:00+00:00,0.32513,0.345,0.3246,0.33893,1564674333.0,526926487.28007,783934165.0,263933134.26103,1466860,0.04156849403194163,0.0035400390625,0.11408814074762086,-0.042724609375,-0.0233154296875,0.0306396484375,0.04931640625
DOGEUSDT,2025-01-03 00:00:00+00:00,0.33894,0.38944,0.33599,0.37989,2152130037.0,781351607.0220301,1108070507.0,402108556.07246,2132210,0.11408814074762086,0.00799560546875,0.03857355538371532,-0.05078125,-0.0263671875,0.04345703125,0.0673828125
DOGEUSDT,2025-01-04 00:00:00+00:00,0.37989,0.39876,0.37642,0.39483,1857777267.0,720008733.87459,933341449.0,361822769.35064,2098380,0.03857355538371532,0.0022430419921875,-0.03224965181197503,-0.056396484375,-0.032470703125,0.03759765625,0.060546875
DOGEUSDT,2025-01-05 00:00:00+00:00,0.39482,0.39788,0.37516,0.3823,1058790866.0,407589082.4909,514589929.0,198181206.43388,1334766,-0.03224965181197503,-0.004302978515625,0.014335673752104872,-0.060791015625,-0.036865234375,0.0277099609375,0.048828125
DOGEUSDT,2025-01-06 00:00:00+00:00,0.38231,0.39555,0.376,0.38782,1121833276.0,433882739.78581,576489727.0,223067277.05624,1543481,0.014335673752104872,-0.003662109375,-0.10833883467999761,-0.05712890625,-0.035400390625,0.0277099609375,0.048095703125
DOGEUSDT,2025-01-07 00:00:00+00:00,0.38782,0.39831,0.34713,0.348,2539411771.0,941837524.3743101,1192464501.0,443141129.66858,2896678,-0.10833883467999761,-0.0032196044921875,-0.01651493423833461,-0.06787109375,-0.041259765625,0.034912109375,0.06005859375
DOGEUSDT,2025-01-08 00:00:00+00:00,0.348,0.35558,0.32444,0.3423,2126726199.0,729506270.65314,1063391156.0,364805575.88602,2980936,-0.01651493423833461,0.000553131103515625,-0.06424642240612388,-0.0615234375,-0.036376953125,0.037109375,0.060546875
DOGEUSDT,2025-01-09 00:00:00+00:00,0.3423,0.34686,0.3143,0.321,1860743903.0,609426648.77337,870764540.0,285080907.42202,2586130,-0.06424642240612388,0.0023345947265625,0.03934052385252018,-0.052001953125,-0.0301513671875,0.035888671875,0.057861328125
DOGEUSDT,2025-01-10 00:00:00+00:00,0.32099,0.33983,0.32091,0.33388,1488638174.0,492051412.80003,746285552.0,246693259.77028,2036447,0.03934052385252018,0.00836181640625,0.021687168634987986,-0.044189453125,-0.0223388671875,0.039794921875,0.060546875
DOGEUSDT,2025-01-11 00:00:00+00:00,0.33388,0.34817,0.32956,0.3412,604720851.0,203958287.51324,293091865.0,98943678.03989,919110,0.021687168634987986,-0.0021209716796875,-0.015625548677308698,-0.0576171875,-0.0341796875,0.029296875,0.049072265625
DOGEUSDT,2025-01-12 00:00:00+00:00,0.3412,0.34355,0.33168,0.33591,648565559.0,219549254.34156,308456940.0,104451806.69049,854659,-0.015625548677308698,-0.004852294921875,0.006409707692152322,-0.060546875,-0.036376953125,0.02587890625,0.046875
DOGEUSDT,2025-01-13 00:00:00+00:00,0.33591,0.34628,0.30969,0.33807,1782621475.0,580111787.90483,854993115.0,278499906.20378,2642054,0.006409707692152322,-0.004364013671875,0.05142491526931958,-0.060546875,-0.03662109375,0.0262451171875,0.047607421875
DOGEUSDT,2025-01-14 00:00:00+00:00,0.33808,0.3622,0.33585,0.35591,1629282050.0,568333941.85917,800334815.0,279232721.22665,1874736,0.05142491526931958,-0.0009613037109375,0.07952602184485114,-0.056396484375,-0.03466796875,0.032470703125,0.05322265625
DOGEUSDT,2025-01-15 00:00:00+00:00,0.35591,0.38777,0.3483,0.38537,2004221988.0,733657688.1608499,1031503830.0,377893590.26095,2620129,0.07952602184485114,0.001434326171875,-0.023312425284291227,-0.05810546875,-0.0341796875,0.03759765625,0.06005859375
DOGEUSDT,2025-01-16 00:00:00+00:00,0.38537,0.39021,0.36761,0.37649,1998516270.0,756622622.0856099,995152243.0,377126448.42704,2844992,-0.023312425284291227,0.006072998046875,0.09798926203115721,-0.043701171875,-0.0233154296875,0.035400390625,0.05517578125
DOGEUSDT,2025-01-17 00:00:00+00:00,0.37649,0.42215,0.37549,0.41525,2738492069.0,1115256408.68302,1419366825.0,577243227.2759,3545433,0.09798926203115721,0.00909423828125,-0.04643171931237744,-0.05029296875,-0.026123046875,0.045654296875,0.0693359375
DOGEUSDT,2025-01-18 00:00:00+00:00,0.41525,0.43408,0.38355,0.39641,3421181167.0,1378958336.93383,1683489904.0,679234765.16693,4737964,-0.04643171931237744,-0.0002460479736328125,-0.10079934808025137,-0.059814453125,-0.034912109375,0.03466796875,0.05810546875
DOGEUSDT,2025-01-19 00:00:00+00:00,0.39641,0.40998,0.34684,0.3584,4843917387.0,1834764391.95838,2308183329.0,875169503.29993,6649024,-0.10079934808025137,0.00139617919921875,-0.010772096981911172,-0.06982421875,-0.040771484375,0.04345703125,0.0703125
DOGEUSDT,2025-01-20 00:00:00+00:00,0.35839,0.38663,0.34486,0.35456,4008416908.0,1464688334.34397,1998420686.0,730642034.61505,7506636,-0.010772096981911172,-0.001922607421875,0.04739779937075672,-0.0703125,-0.042236328125,0.037841796875,0.06396484375
DOGEUSDT,2025-01-21 00:00:00+00:00,0.35456,0.40382,0.33572,0.37177,4627964135.0,1720373097.05309,2283533121.0,849029158.52642,6395162,0.04739779937075672,0.0003833770751953125,-0.024120513849754333,-0.06884765625,-0.040283203125,0.04052734375,0.06640625
DOGEUSDT,2025-01-22 00:00:00+00:00,0.37178,0.3738,0.35506,0.36291,1430956457.0,521463661.03813,727258219.0,265086274.96711,2232684,-0.024120513849754333,0.00010251998901367188,-0.030353254022040588,-0.0634765625,-0.037353515625,0.03759765625,0.0625
DOGEUSDT,2025-01-23 00:00:00+00:00,0.36291,0.36457,0.34143,0.35206,1388750799.0,488786738.85996,671125278.0,236171352.73389,2719447,-0.030353254022040588,0.00095367431640625,-0.0034428339195284874,-0.05712890625,-0.033935546875,0.035400390625,0.057861328125
DOGEUSDT,2025-01-24 00:00:00+00:00,0.35207,0.36471,0.34278,0.35085,908457597.0,323433754.28481,451379356.0,160689092.30051,1712854,-0.0034428339195284874,0.002227783203125,0.007581279124186935,-0.0498046875,-0.0279541015625,0.03271484375,0.053466796875
DOGEUSDT,2025-01-25 00:00:00+00:00,0.35086,0.36165,0.34543,0.35352,696981516.0,245965750.81184,358236718.0,126466199.31199,1303677,0.007581279124186935,-0.003631591796875,-0.05068010240650955,-0.06201171875,-0.036865234375,0.029052734375,0.050537109375
DOGEUSDT,2025-01-26 00:00:00+00:00,0.35351,0.35743,0.335,0.33605,543676770.0,189206567.43011,258552805.0,90019390.08984,955459,-0.05068010240650955,-0.00341796875,-0.006208789832646167,-0.06591796875,-0.0390625,0.031982421875,0.055908203125
DOGEUSDT,2025-01-27 00:00:00+00:00,0.33604,0.33714,0.3051,0.33397,2468006517.0,792878121.42206,1202665856.0,386375599.46262,3456162,-0.006208789832646167,-0.004150390625,-0.04676957018132488,-0.06787109375,-0.041259765625,0.03173828125,0.0556640625
DOGEUSDT,2025-01-28 00:00:00+00:00,0.33398,0.33914,0.315,0.31871,935060400.0,308598829.88704,460312651.0,151842455.64465,1551034,-0.04676957018132488,-0.0026092529296875,0.01658536656028642,-0.0595703125,-0.03564453125,0.030029296875,0.05224609375
DOGEUSDT,2025-01-29 00:00:00+00:00,0.31872,0.33488,0.3167,0.32404,927314997.0,303080605.41825,458911890.0,149978365.54566,1635560,0.01658536656028642,-0.0031280517578125,0.022851338306510094,-0.05419921875,-0.03271484375,0.025634765625,0.045654296875
DOGEUSDT,2025-01-30 00:00:00+00:00,0.32405,0.33881,0.32201,0.33153,612408768.0,203642549.97294,306560819.0,101906381.63582,1007477,0.022851338306510094,0.0005035400390625,-0.007964550073789045,-0.04296875,-0.02490234375,0.0252685546875,0.04248046875
DOGEUSDT,2025-01-31 00:00:00+00:00,0.33154,0.34177,0.32346,0.3289,840256101.0,278915569.21348,418271266.0,138888410.91137,1397346,-0.007964550073789045,0.00213623046875,-0.06591374421952056,-0.029541015625,-0.0159912109375,0.0211181640625,0.03564453125
DOGEUSDT,2025-02-01 00:00:00+00:00,0.3289,0.33227,0.30328,0.30792,904981799.0,286548424.72673,434999711.0,137948241.2453,1293829,-0.06591374421952056,-0.00341796875,-0.13855456554643597,-0.056640625,-0.03466796875,0.0269775390625,0.046875
DOGEUSDT,2025-02-02 00:00:00+00:00,0.30793,0.31487,0.25001,0.26808,3690220690.0,1035985614.18053,1823030585.0,512171728.68992,4776744,-0.13855456554643597,0.000583648681640625,0.060677282497349605,-0.0712890625,-0.041748046875,0.043212890625,0.07177734375
DOGEUSDT,2025-02-03 00:00:00+00:00,0.26809,0.29295,0.20178,0.28485,7185937771.0,1790559906.3133,3461808307.0,863463928.0330701,8508859,0.060677282497349605,0.00012493133544921875,-0.07809912927110974,-0.0703125,-0.041259765625,0.040771484375,0.06884765625
DOGEUSDT,2025-02-04 00:00:00+00:00,0.28484,0.289,0.25525,0.26345,2848033074.0,762527135.2366701,1341410985.0,359302512.16775,4063289,-0.07809912927110974,-0.000759124755859375,-0.027944239960674633,-0.064453125,-0.037841796875,0.03564453125,0.06005859375
DOGEUSDT,2025-02-05 00:00:00+00:00,0.26346,0.26914,0.25333,0.25619,965551362.0,253215056.83768,479015660.0,125773683.52865,1484319,-0.027944239960674633,-0.0035400390625,-0.03293425731341748,-0.06298828125,-0.037841796875,0.030029296875,0.052490234375
DOGEUSDT,2025-02-06 00:00:00+00:00,0.25617,0.26596,0.24274,0.24789,1180387671.0,299603577.32641,572898208.0,145545913.25923,1702316,-0.03293425731341748,-0.00095367431640625,-0.00558253876999637,-0.054443359375,-0.033203125,0.030029296875,0.050537109375
DOGEUSDT,2025-02-07 00:00:00+00:00,0.24788,0.26178,0.23866,0.24651,1308847334.0,329594919.37527,652360199.0,164438210.4809,1725717,-0.00558253876999637,0.0005340576171875,0.02551250729615595,-0.051513671875,-0.030517578125,0.0308837890625,0.050537109375
DOGEUSDT,2025-02-08 00:00:00+00:00,0.24652,0.25417,0.24447,0.25288,619823663.0,154225681.50542,297190782.0,73998114.49795,889830,0.02551250729615595,-0.0036468505859375,-0.015863858533815778,-0.0576171875,-0.035888671875,0.027587890625,0.048583984375
DOGEUSDT,2025-02-09 00:00:00+00:00,0.25287,0.26,0.23975,0.2489,814554626.0,204746891.86216,403696928.0,101424959.22854,1006698,-0.015863858533815778,-0.0027313232421875,0.025858039694569568,-0.0537109375,-0.032470703125,0.0264892578125,0.046142578125
DOGEUSDT,2025-02-10 00:00:00+00:00,0.2489,0.25647,0.24158,0.25542,766688250.0,192149527.0483,376298953.0,94349620.14572,1251119,0.025858039694569568,-0.0068359375,-0.009322151408029056,-0.061279296875,-0.037841796875,0.022705078125,0.0419921875
DOGEUSDT,2025-02-11 00:00:00+00:00,0.25541,0.27034,0.24839,0.25305,1078655896.0,280051924.36632,536487658.0,139286282.44291,1534316,-0.009322151408029056,-0.0028228759765625,0.04304359133563063,-0.058349609375,-0.03515625,0.0294189453125,0.050048828125
DOGEUSDT,2025-02-12 00:00:00+00:00,0.25305,0.26734,0.24661,0.26418,1235432211.0,316487762.9135,600826511.0,153960016.99878,1657623,0.04304359133563063,-0.0026092529296875,-0.006570101297408648,-0.059814453125,-0.036865234375,0.031494140625,0.05322265625
DOGEUSDT,2025-02-13 00:00:00+00:00,0.26419,0.26718,0.25333,0.26245,899065089.0,233401153.68192,437847669.0,113672633.00627,1157657,-0.006570101297408648,0.000675201416015625,0.03500591401873443,-0.05029296875,-0.0291748046875,0.0302734375,0.0498046875
DOGEUSDT,2025-02-14 00:00:00+00:00,0.26245,0.28676,0.26078,0.2718,1492854024.0,405911662.16891,742278293.0,201867013.04706,1921677,0.03500591401873443,0.0027313232421875,-0.00022077492086602923,-0.048583984375,-0.0269775390625,0.03173828125,0.05126953125
DOGEUSDT,2025-02-15 00:00:00+00:00,0.2718,0.28328,0.26823,0.27174,960758429.0,264922493.24647,462743248.0,127705151.56224,1372170,-0.00022077492086602923,-0.002655029296875,-0.023042579927769147,-0.0537109375,-0.032470703125,0.026611328125,0.0458984375
DOGEUSDT,2025-02-16 00:00:00+00:00,0.27174,0.2742,0.26346,0.26555,509986721.0,136965303.16754,252940421.0,67932494.53284,803591,-0.023042579927769147,-0.00225830078125,-0.028107398872804,-0.04638671875,-0.027587890625,0.0224609375,0.039794921875
DOGEUSDT,2025-02-17 00:00:00+00:00,0.26555,0.26885,0.25369,0.25819,800682158.0,209432963.93397,367003539.0,95997242.45168,1279968,-0.028107398872804,-0.0037078857421875,-0.026769790702299456,-0.051513671875,-0.03173828125,0.023193359375,0.041015625
DOGEUSDT,2025-02-18 00:00:00+00:00,0.25819,0.25987,0.24214,0.25137,904147379.0,226036491.78067,408970120.0,102243858.15321,1422615,-0.026769790702299456,-0.0031280517578125,0.013552966404703604,-0.050537109375,-0.030517578125,0.0245361328125,0.043701171875
DOGEUSDT,2025-02-19 00:00:00+00:00,0.25137,0.2555,0.2489,0.2548,540323612.0,136588746.5362,256146808.0,64780966.23221,815491,0.013552966404703604,-0.003173828125,-0.0002355065363948139,-0.050537109375,-0.030517578125,0.024169921875,0.043212890625
DOGEUSDT,2025-02-20 00:00:00+00:00,0.2548,0.25758,0.24988,0.25474,679347075.0,172639962.73133,350085414.0,88960389.81993,891302,-0.0002355065363948139,-0.001007080078125,-0.06102216490724288,-0.045654296875,-0.026123046875,0.023193359375,0.041259765625
DOGEUSDT,2025-02-21 00:00:00+00:00,0.25473,0.26134,0.23439,0.23966,1257218843.0,312916477.17762,602678210.0,150109803.20284,1532224,-0.06102216490724288,-0.00213623046875,0.028384119317435008,-0.05419921875,-0.032470703125,0.027099609375,0.046630859375
DOGEUSDT,2025-02-22 00:00:00+00:00,0.23966,0.2478,0.23806,0.24656,493482343.0,120403319.34912,240314965.0,58642968.02872,658932,0.028384119317435008,-0.005889892578125,-0.015161402780051736,-0.06298828125,-0.0390625,0.0255126953125,0.046142578125
DOGEUSDT,2025-02-23 00:00:00+00:00,0.24657,0.24758,0.2404,0.24285,377565511.0,92063225.93679,178123260.0,43428001.31115,468711,-0.015161402780051736,-0.0036163330078125,-0.14329091254122184,-0.06005859375,-0.036865234375,0.029052734375,0.05029296875
DOGEUSDT,2025-02-24 00:00:00+00:00,0.24285,0.24397,0.206,0.21043,1789959320.0,402419622.00668,845032350.0,190107454.09578,2206809,-0.14329091254122184,-0.0022735595703125,0.005450121308096412,-0.07177734375,-0.043212890625,0.03857421875,0.064453125
DOGEUSDT,2025-02-25 00:00:00+00:00,0.21044,0.21465,0.19557,0.21158,2713765035.0,557728589.31699,1320629444.0,271564342.70708,4091381,0.005450121308096412,-0.0002384185791015625,-0.038691502609640605,-0.07763671875,-0.046875,0.046630859375,0.076171875
DOGEUSDT,2025-02-26 00:00:00+00:00,0.21158,0.21409,0.1961,0.20355,1645652604.0,338946527.90127,807369233.0,166330549.87899,2148453,-0.038691502609640605,-0.003021240234375,0.016178901705969917,-0.0673828125,-0.041259765625,0.03564453125,0.059814453125
DOGEUSDT,2025-02-27 00:00:00+00:00,0.20355,0.21159,0.20101,0.20687,905293602.0,187430418.19945,465361262.0,96364808.85223,1113295,0.016178901705969917,0.00286865234375,-0.024615272322155546,-0.05517578125,-0.031494140625,0.037841796875,0.059814453125
DOGEUSDT,2025-02-28 00:00:00+00:00,0.20688,0.20727,0.18154,0.20184,2176234758.0,418255945.48392,1071223658.0,205720723.97024,2525619,-0.024615272322155546,0.00064849853515625,0.02393828970442402,-0.056884765625,-0.033447265625,0.03515625,0.056884765625
DOGEUSDT,2025-03-01 00:00:00+00:00,0.20184,0.209,0.19934,0.20673,741434272.0,151130808.81296,361972123.0,73788826.97747,834588,0.02393828970442402,-0.0023345947265625,0.14634618855392145,-0.0634765625,-0.037841796875,0.0322265625,0.05517578125
DOGEUSDT,2025-03-02 00:00:00+00:00,0.20673,0.24218,0.20169,0.23931,2584480057.0,575943320.09639,1300425379.0,290081349.95572,3017121,0.14634618855392145,0.0007781982421875,-0.1838019048205639,-0.0869140625,-0.052001953125,0.0556640625,0.09130859375
DOGEUSDT,2025-03-03 00:00:00+00:00,0.2393,0.24062,0.19328,0.19913,2207270171.0,473572136.893,1094107243.0,234469655.62468,3161763,-0.1838019048205639,0.00152587890625,-0.0004018283242575027,-0.091796875,-0.0546875,0.059326171875,0.09814453125
DOGEUSDT,2025-03-04 00:00:00+00:00,0.19914,0.20232,0.18279,0.19905,1930511197.0,372416258.08618,954242965.0,184108038.80489,3218523,-0.0004018283242575027,0.0031280517578125,0.028038294006203612,-0.07666015625,-0.04296875,0.05126953125,0.08544921875
DOGEUSDT,2025-03-05 00:00:00+00:00,0.19905,0.20664,0.1961,0.20471,1025047570.0,206280059.3308,478718841.0,96476083.31376,1439299,0.028038294006203612,0.00064849853515625,-0.015656089773132154,-0.068359375,-0.0400390625,0.041259765625,0.0673828125
DOGEUSDT,2025-03-06 00:00:00+00:00,0.20471,0.22,0.19901,0.20153,1332609712.0,276990269.33018,618672508.0,128480393.37225,1552965,-0.015656089773132154,0.003814697265625,-0.015451466246549694,-0.05712890625,-0.03173828125,0.040283203125,0.064453125
DOGEUSDT,2025-03-07 00:00:00+00:00,0.20152,0.2087,0.1902,0.19844,1260515564.0,253054936.29338,600598504.0,120685999.28003,2031165,-0.015451466246549694,0.00177001953125,-0.031222148148512208,-0.056396484375,-0.031494140625,0.03564453125,0.05908203125
DOGEUSDT,2025-03-08 00:00:00+00:00,0.19843,0.20086,0.19109,0.19234,525825118.0,102751180.065,245469714.0,48050033.33173,856648,-0.031222148148512208,-0.002166748046875,-0.13476508903903306,-0.06298828125,-0.036865234375,0.031982421875,0.056396484375
DOGEUSDT,2025-03-09 00:00:00+00:00,0.19234,0.19423,0.16534,0.16809,1725095342.0,305365901.8388,770765438.0,136109056.34056,1936561,-0.13476508903903306,-0.001190185546875,-0.08702760219548744,-0.0869140625,-0.051513671875,0.049072265625,0.08251953125
DOGEUSDT,2025-03-10 00:00:00+00:00,0.1681,0.18095,0.1504,0.15408,2079541710.0,344603237.2889,991235174.0,164422089.14573,2585765,-0.08702760219548744,0.000629425048828125,0.06568175369096885,-0.076171875,-0.045166015625,0.047119140625,0.078125
DOGEUSDT,2025-03-11 00:00:00+00:00,0.15409,0.16862,0.1428,0.16454,2330429547.0,365802872.0605,1121974646.0,176212753.00401,2117562,0.06568175369096885,0.0017852783203125,0.046895648138149726,-0.072265625,-0.04248046875,0.04736328125,0.076171875
DOGEUSDT,2025-03-12 00:00:00+00:00,0.16453,0.17418,0.15954,0.17244,1301915088.0,217031959.50415,646477080.0,107831332.01849,1472990,0.046895648138149726,-0.0029754638671875,-0.042710907216034544,-0.07275390625,-0.044677734375,0.038818359375,0.0654296875
DOGEUSDT,2025-03-13 00:00:00+00:00,0.17244,0.17296,0.16172,0.16523,1183113846.0,199119513.85898,500512073.0,84166494.08932,1194197,-0.042710907216034544,0.00555419921875,0.0398071360833987,-0.0634765625,-0.035888671875,0.04931640625,0.07763671875
DOGEUSDT,2025-03-14 00:00:00+00:00,0.16523,0.17626,0.16462,0.17194,662459642.0,113072127.66524,312220187.0,53301941.02272,697453,0.0398071360833987,0.004669189453125,0.022997449078230536,-0.05859375,-0.0322265625,0.042724609375,0.068359375
DOGEUSDT,2025-03-15 00:00:00+00:00,0.17194,0.17786,0.17121,0.17594,510568333.0,89180082.01333,245118594.0,42810601.668,517896,0.022997449078230536,-0.00127410888671875,-0.0451676552898701,-0.0693359375,-0.04150390625,0.039306640625,0.0654296875
DOGEUSDT,2025-03-16 00:00:00+00:00,0.17593,0.17685,0.1657,0.16817,713266750.0,121532099.82696,333265223.0,56752692.08236,858141,-0.0451676552898701,-0.004730224609375,0.030164224337050127,-0.06982421875,-0.043212890625,0.033203125,0.058349609375
DOGEUSDT,2025-03-17 00:00:00+00:00,0.16818,0.17622,0.16801,0.17332,802099247.0,138758047.85654,399008345.0,68994421.88428,593054,0.030164224337050127,-0.00150299072265625,-0.031056576935007518,-0.05908203125,-0.034912109375,0.03125,0.053955078125
DOGEUSDT,2025-03-18 00:00:00+00:00,0.17333,0.17349,0.16275,0.16802,825836400.0,137745675.32134,423277633.0,70557744.55309,574462,-0.031056576935007518,0.00072479248046875,0.05764434900196047,-0.062255859375,-0.03564453125,0.03662109375,0.060546875
DOGEUSDT,2025-03-19 00:00:00+00:00,0.16803,0.1788,0.16678,0.17799,913703807.0,156837287.20563,449425446.0,77204772.99033,889688,0.05764434900196047,-0.000858306884765625,-0.048933440908698556,-0.06298828125,-0.037353515625,0.03564453125,0.058837890625
DOGEUSDT,2025-03-20 00:00:00+00:00,0.178,0.17919,0.16661,0.16949,657314712.0,113375464.18784,318116955.0,54856232.02078,678606,-0.048933440908698556,0.006011962890625,-0.013184654706045684,-0.0458984375,-0.024169921875,0.0380859375,0.060546875
DOGEUSDT,2025-03-21 00:00:00+00:00,0.16948,0.17158,0.16468,0.16727,465398702.0,78109015.3732,221774033.0,37237343.96616,519233,-0.013184654706045684,0.000865936279296875,0.000597657201629298,-0.056884765625,-0.032470703125,0.033935546875,0.055908203125
DOGEUSDT,2025-03-22 00:00:00+00:00,0.16727,0.16979,0.16658,0.16737,237045465.0,39937400.01828,111804044.0,18836734.08139,235988,0.000597657201629298,-0.00762939453125,0.03076984812378103,-0.06591796875,-0.041015625,0.0240478515625,0.046142578125
DOGEUSDT,2025-03-23 00:00:00+00:00,0.16737,0.17261,0.16705,0.1726,381282237.0,64986644.36938,184726596.0,31486856.69545,301925,0.03076984812378103,-0.002655029296875,0.05850937419209323,-0.060302734375,-0.03564453125,0.0296630859375,0.051513671875
DOGEUSDT,2025-03-24 00:00:00+00:00,0.17261,0.18908,0.17068,0.183,1264505768.0,228765436.83401,654541803.0,118432333.62526,814428,0.05850937419209323,-0.001312255859375,0.04079576466805901,-0.062255859375,-0.036865234375,0.033447265625,0.056396484375
DOGEUSDT,2025-03-25 00:00:00+00:00,0.18299,0.19362,0.18084,0.19062,1233894825.0,232144371.84345,608426666.0,114511938.05688,960307,0.04079576466805901,0.0008697509765625,0.02220468900403505,-0.05908203125,-0.03515625,0.036865234375,0.060302734375
DOGEUSDT,2025-03-26 00:00:00+00:00,0.19063,0.20585,0.18932,0.1949,1885520558.0,373021387.09353,954230495.0,188944853.25672,1148262,0.02220468900403505,-0.0025634765625,-0.02304440774761507,-0.06640625,-0.040771484375,0.034912109375,0.057861328125
DOGEUSDT,2025-03-27 00:00:00+00:00,0.1949,0.2006,0.18771,0.19046,903542797.0,175284907.64808,441923704.0,85765214.34176,811855,-0.02304440774761507,0.0016937255859375,-0.05515290264191086,-0.057373046875,-0.03369140625,0.03662109375,0.05908203125
DOGEUSDT,2025-03-28 00:00:00+00:00,0.19047,0.1929,0.17721,0.18024,975276199.0,177993539.25269,442996940.0,80792406.78006,762040,-0.05515290264191086,0.000514984130859375,-0.06102347520495299,-0.06494140625,-0.03857421875,0.038330078125,0.0625
DOGEUSDT,2025-03-29 00:00:00+00:00,0.18024,0.18273,0.16584,0.16957,857181238.0,147711573.37524,402585989.0,69394812.11514,639587,-0.06102347520495299,-0.003997802734375,-0.018150398592261308,-0.076171875,-0.046875,0.0380859375,0.064453125
DOGEUSDT,2025-03-30 00:00:00+00:00,0.16958,0.17241,0.16443,0.16652,607090738.0,102847875.99843,314904138.0,53395217.94045,504964,-0.018150398592261308,-0.0018463134765625,0.0008403866272859162,-0.07080078125,-0.0419921875,0.036865234375,0.060791015625
DOGEUSDT,2025-03-31 00:00:00+00:00,0.16653,0.16839,0.16005,0.16666,929917187.0,153349575.96826,468767782.0,77362605.78941,801913,0.0008403866272859162,-0.001708984375,0.04298454112533401,-0.06787109375,-0.040771484375,0.03564453125,0.05908203125
DOGEUSDT,2025-04-01 00:00:00+00:00,0.16666,0.17576,0.16601,0.17398,716923564.0,122918945.3479,368266213.0,63143003.57796,682903,0.04298454112533401,0.0008392333984375,-0.06011104524722266,-0.061279296875,-0.03564453125,0.036376953125,0.05908203125
DOGEUSDT,2025-04-02 00:00:00+00:00,0.17399,0.18012,0.16194,0.16383,1414422439.0,243698923.91399,676319494.0,116628793.32666,1242303,-0.06011104524722266,-0.000621795654296875,-0.009321217915192692,-0.06787109375,-0.040283203125,0.03759765625,0.061767578125
DOGEUSDT,2025-04-03 00:00:00+00:00,0.16383,0.16745,0.15536,0.16231,922293098.0,148396648.65448,448732379.0,72189425.71099,783268,-0.009321217915192692,-0.000453948974609375,0.05379155736444785,-0.0615234375,-0.035888671875,0.032958984375,0.055419921875
DOGEUSDT,2025-04-04 00:00:00+00:00,0.16232,0.17282,0.15998,0.17128,1132035281.0,188335416.79289,554711140.0,92332343.57773,912418,0.05379155736444785,0.000713348388671875,-0.013519279556728492,-0.0634765625,-0.037841796875,0.037841796875,0.059814453125
DOGEUSDT,2025-04-05 00:00:00+00:00,0.17128,0.17169,0.16609,0.16898,353029433.0,59632560.02452,169571938.0,28658916.73867,317278,-0.013519279556728492,-0.0025634765625,-0.1240236180795502,-0.06494140625,-0.038330078125,0.03125,0.052978515625
DOGEUSDT,2025-04-06 00:00:00+00:00,0.16898,0.17004,0.14582,0.14927,1124972687.0,175419363.24291,504720351.0,78709479.58565,867457,-0.1240236180795502,-0.0027313232421875,0.002074620118373005,-0.07568359375,-0.04638671875,0.037841796875,0.0634765625
DOGEUSDT,2025-04-07 00:00:00+00:00,0.14927,0.15407,0.12986,0.14958,3431459634.0,489839433.65626,1694971158.0,242174701.45168,1859057,0.002074620118373005,-0.001983642578125,-0.0502452937570812,-0.0703125,-0.04248046875,0.035888671875,0.059814453125
DOGEUSDT,2025-04-08 00:00:00+00:00,0.14958,0.15707,0.1411,0.14225,1470208676.0,219641089.43977,687523825.0,102726277.98199,957767,-0.0502452937570812,-0.00168609619140625,0.11952336769514194,-0.06494140625,-0.038818359375,0.0341796875,0.05810546875
DOGEUSDT,2025-04-09 00:00:00+00:00,0.14225,0.16428,0.13651,0.16031,2200425502.0,330222223.64164,1096485836.0,164494819.96764,1381538,0.11952336769514194,0.00103759765625,-0.0429529515639806,-0.064453125,-0.037353515625,0.038330078125,0.0625
DOGEUSDT,2025-04-10 00:00:00+00:00,0.1603,0.16047,0.14884,0.15357,1151531192.0,178515344.46839,571301302.0,88485303.49424,756623,-0.0429529515639806,0.000247955322265625,0.041267294851432545,-0.05419921875,-0.0322265625,0.031982421875,0.052734375
DOGEUSDT,2025-04-11 00:00:00+00:00,0.15356,0.16246,0.15327,0.16004,744302757.0,117782396.21245,371523870.0,58788736.666,623868,0.041267294851432545,0.0006561279296875,0.046335385654152406,-0.052734375,-0.0311279296875,0.030517578125,0.04931640625
DOGEUSDT,2025-04-12 00:00:00+00:00,0.16003,0.16948,0.15772,0.16763,752366796.0,123796610.52834,367377469.0,60474375.32325,852389,0.046335385654152406,-0.006500244140625,-0.03046597252947647,-0.06494140625,-0.041748046875,0.027587890625,0.047607421875
DOGEUSDT,2025-04-13 00:00:00+00:00,0.16764,0.16868,0.16101,0.1626,748287850.0,123262111.91038,353645211.0,58281496.9675,999608,-0.03046597252947647,-0.00142669677734375,-0.025286269704700493,-0.053955078125,-0.032470703125,0.0294189453125,0.048828125
DOGEUSDT,2025-04-14 00:00:00+00:00,0.1626,0.16964,0.15731,0.15854,858750230.0,140456563.03223,411162836.0,67283073.21578,1188723,-0.025286269704700493,-0.0032501220703125,-0.03191555727641271,-0.053955078125,-0.03369140625,0.0263671875,0.04541015625
DOGEUSDT,2025-04-15 00:00:00+00:00,0.15854,0.16132,0.15305,0.15356,667877689.0,105530057.45472,325734323.0,51489179.63554,921935,-0.03191555727641271,0.00028228759765625,0.007461026598380327,-0.044677734375,-0.0264892578125,0.027099609375,0.044921875
DOGEUSDT,2025-04-16 00:00:00+00:00,0.15356,0.1574,0.15019,0.15471,719893202.0,110970892.05195,349856645.0,53957068.59541,962540,0.007461026598380327,-0.00016307830810546875,0.007534083739531239,-0.04150390625,-0.0242919921875,0.0235595703125,0.038818359375
DOGEUSDT,2025-04-17 00:00:00+00:00,0.15472,0.15946,0.15298,0.15588,426813393.0,66706865.11146,208941565.0,32657997.64862,737204,0.007534083739531239,0.0017242431640625,0.010910243163471556,-0.033935546875,-0.01904296875,0.0228271484375,0.037353515625
DOGEUSDT,2025-04-18 00:00:00+00:00,0.15589,0.15895,0.15357,0.15759,321695365.0,50220942.2659,153062268.0,23893031.86031,505102,0.010910243163471556,0.001068115234375,-0.0015241001235641871,-0.0291748046875,-0.015869140625,0.0186767578125,0.031982421875
DOGEUSDT,2025-04-19 00:00:00+00:00,0.15758,0.16091,0.15631,0.15735,321661103.0,50921660.67406,153499222.0,24302723.50577,422081,-0.0015241001235641871,-0.006927490234375,-0.01337149253288139,-0.053466796875,-0.033447265625,0.0166015625,0.032470703125
DOGEUSDT,2025-04-20 00:00:00+00:00,0.15735,0.15959,0.15247,0.15526,453228413.0,70486891.29549,216679180.0,33688676.85457,557237,-0.01337149253288139,-0.00341796875,0.02625289815342713,-0.0439453125,-0.0269775390625,0.0194091796875,0.034423828125
DOGEUSDT,2025-04-21 00:00:00+00:00,0.15527,0.16358,0.15501,0.15939,905017272.0,144847784.49215,440244792.0,70470344.80522,1028975,0.02625289815342713,-0.00131988525390625,0.11396259832983158,-0.041259765625,-0.0245361328125,0.0208740234375,0.0361328125
DOGEUSDT,2025-04-22 00:00:00+00:00,0.15939,0.18,0.15721,0.17863,1468003087.0,249065930.86757,735625704.0,124533036.31567,1356193,0.11396259832983158,0.003448486328125,5.598007110929615e-05,-0.051513671875,-0.02978515625,0.03662109375,0.058349609375
DOGEUSDT,2025-04-23 00:00:00+00:00,0.17864,0.18545,0.17491,0.17864,1570151007.0,283388554.41348,764757811.0,138101889.91579,1480796,5.598007110929615e-05,-0.00152587890625,0.021596719556828736,-0.050537109375,-0.0301513671875,0.02685546875,0.045654296875
DOGEUSDT,2025-04-24 00:00:00+00:00,0.17864,0.18329,0.16979,0.18254,1206412265.0,212939719.81706,578601335.0,102187054.70714,1257694,0.021596719556828736,0.002716064453125,-0.005217928517025516,-0.0439453125,-0.0247802734375,0.0299072265625,0.0478515625
DOGEUSDT,2025-04-25 00:00:00+00:00,0.18254,0.18626,0.17751,0.18159,1241346217.0,226049623.92777,598172673.0,108982449.82144,1280054,-0.005217928517025516,-6.4373016357421875e-06,0.0018156314305202148,-0.048583984375,-0.0281982421875,0.0277099609375,0.046142578125
DOGEUSDT,2025-04-26 00:00:00+00:00,0.18159,0.193,0.18015,0.18192,1134910916.0,210164197.56414,534091107.0,98877627.73659,1141739,0.0018156314305202148,-0.00347900390625,-0.014339346041893242,-0.06494140625,-0.039306640625,0.0311279296875,0.0556640625
DOGEUSDT,2025-04-27 00:00:00+00:00,0.18193,0.1835,0.1765,0.17933,766716256.0,138184667.45927,370149747.0,66707274.66456,908225,-0.014339346041893242,-0.0035552978515625,-0.001450893111664353,-0.05517578125,-0.03369140625,0.025634765625,0.044189453125
DOGEUSDT,2025-04-28 00:00:00+00:00,0.17932,0.18276,0.17377,0.17907,971304947.0,173100497.11445,464567862.0,82840763.76529,1101235,-0.001450893111664353,-0.000946044921875,-0.024935563863081267,-0.048583984375,-0.0284423828125,0.025634765625,0.04296875
DOGEUSDT,2025-04-29 00:00:00+00:00,0.17908,0.18076,0.17242,0.17466,772423589.0,137288434.53688,364305026.0,64771072.18654,843406,-0.024935563863081267,-0.002166748046875,-0.013952373929479345,-0.04931640625,-0.029296875,0.0242919921875,0.042236328125
DOGEUSDT,2025-04-30 00:00:00+00:00,0.17465,0.17665,0.16675,0.17224,784175476.0,135038835.29398,378150642.0,65125289.99651,904507,-0.013952373929479345,-0.0016632080078125,0.04767260453754152,-0.049072265625,-0.0289306640625,0.0240478515625,0.041748046875
DOGEUSDT,2025-05-01 00:00:00+00:00,0.17224,0.18339,0.17205,0.18065,779064123.0,139327843.64545,406507502.0,72752507.54938,876652,0.04767260453754152,0.0025177001953125,0.004749291012237089,-0.0458984375,-0.02587890625,0.0303955078125,0.048583984375
DOGEUSDT,2025-05-02 00:00:00+00:00,0.18065,0.18447,0.17919,0.18151,638500248.0,115947565.79662,317420930.0,57670071.02615,852140,0.004749291012237089,0.0024566650390625,-0.0328743029123697,-0.04052734375,-0.02197265625,0.0262451171875,0.04248046875
DOGEUSDT,2025-05-03 00:00:00+00:00,0.18151,0.1822,0.17526,0.17564,468278461.0,83718326.78156,221119075.0,39547423.91585,491262,-0.0328743029123697,-0.004150390625,-0.02975980171637671,-0.052734375,-0.0322265625,0.023193359375,0.04150390625
DOGEUSDT,2025-05-04 00:00:00+00:00,0.17565,0.17744,0.1699,0.17049,487770520.0,84650392.55413,220173695.0,38236907.57243,562162,-0.02975980171637671,-0.00191497802734375,0.0007622175034087686,-0.049072265625,-0.028564453125,0.0235595703125,0.041259765625
DOGEUSDT,2025-05-05 00:00:00+00:00,0.17048,0.17465,0.16827,0.17062,487205270.0,83343024.00357,232659458.0,39802533.37444,721858,0.0007622175034087686,-0.0028533935546875,0.009159656817545825,-0.041015625,-0.02392578125,0.0174560546875,0.03271484375
DOGEUSDT,2025-05-06 00:00:00+00:00,0.17062,0.1726,0.16426,0.17219,596670817.0,100200602.33929,278096564.0,46732237.85195,825007,0.009159656817545825,-0.0009918212890625,-0.0009877691747610662,-0.03662109375,-0.02099609375,0.0186767578125,0.03369140625
DOGEUSDT,2025-05-07 00:00:00+00:00,0.1722,0.17445,0.16901,0.17202,528808392.0,90937705.63149,263431169.0,45295717.26849,742530,-0.0009877691747610662,-0.0004711151123046875,0.14151449905578817,-0.0294189453125,-0.0166015625,0.01446533203125,0.0257568359375
DOGEUSDT,2025-05-08 00:00:00+00:00,0.17201,0.19842,0.17173,0.19817,1741876403.0,324738527.3421,903616021.0,168416432.6545,1838580,0.14151449905578817,0.004058837890625,0.03534707584576635,-0.051513671875,-0.0281982421875,0.037353515625,0.06201171875
DOGEUSDT,2025-05-09 00:00:00+00:00,0.19818,0.2145,0.19299,0.2053,2079031356.0,423507376.21799,1004471436.0,204671185.64118,2179148,0.03534707584576635,0.00150299072265625,0.19950542396163295,-0.04443359375,-0.0245361328125,0.02783203125,0.047119140625
DOGEUSDT,2025-05-10 00:00:00+00:00,0.2053,0.25098,0.20336,0.25063,2356324644.0,536013762.92766,1174765915.0,267516396.4522,2091831,0.19950542396163295,-0.00921630859375,-0.07805967737291875,-0.0751953125,-0.047119140625,0.029541015625,0.059814453125
DOGEUSDT,2025-05-11 00:00:00+00:00,0.25062,0.2597,0.22211,0.23181,2657615086.0,630967755.05094,1240268967.0,294124439.1863,2226011,-0.07805967737291875,0.00144195556640625,-0.003457070985505517,-0.06103515625,-0.03466796875,0.038330078125,0.064453125
DOGEUSDT,2025-05-12 00:00:00+00:00,0.23181,0.25341,0.22011,0.23101,3356354027.0,801909719.2755699,1644832451.0,393268522.8876,3663635,-0.003457070985505517,-0.0027313232421875,0.04142265387878363,-0.0712890625,-0.0419921875,0.0361328125,0.064453125
DOGEUSDT,2025-05-13 00:00:00+00:00,0.23102,0.24309,0.21736,0.24078,1894212060.0,435202800.36901,952732086.0,219011763.01516,1643148,0.04142265387878363,-0.001983642578125,-0.03378985199304996,-0.057861328125,-0.03466796875,0.0308837890625,0.054931640625
DOGEUSDT,2025-05-14 00:00:00+00:00,0.24078,0.24759,0.22813,0.23278,1349205954.0,319738849.6961,641577388.0,152152369.34624,1221499,-0.03378985199304996,0.000812530517578125,-0.05924283356286075,-0.0517578125,-0.0301513671875,0.03271484375,0.0546875
DOGEUSDT,2025-05-15 00:00:00+00:00,0.23279,0.23676,0.21374,0.21939,1613975945.0,362767842.00985,777776201.0,174915882.21374,1355315,-0.05924283356286075,0.003021240234375,0.007809347293095126,-0.044677734375,-0.0250244140625,0.031982421875,0.052734375
DOGEUSDT,2025-05-16 00:00:00+00:00,0.2194,0.23095,0.21797,0.22111,991509008.0,223536369.09258,487578243.0,109913410.69395,845856,0.007809347293095126,0.00653076171875,-0.03002428978707483,-0.033447265625,-0.0162353515625,0.031005859375,0.049072265625
DOGEUSDT,2025-05-17 00:00:00+00:00,0.22111,0.22225,0.21074,0.21457,867614251.0,187308735.24686,418978531.0,90460533.50204,849009,-0.03002428978707483,-0.00555419921875,0.08257408719418935,-0.062255859375,-0.0380859375,0.02685546875,0.049072265625
DOGEUSDT,2025-05-18 00:00:00+00:00,0.21458,0.23779,0.21402,0.23304,1589243100.0,360024073.27071,812200184.0,183968494.17297,1373019,0.08257408719418935,0.00162506103515625,-0.0375571474232379,-0.06494140625,-0.03759765625,0.041748046875,0.068359375
DOGEUSDT,2025-05-19 00:00:00+00:00,0.23309,0.23581,0.21388,0.22445,1467077135.0,324304109.90827,714054738.0,157727586.10093,1089047,-0.0375571474232379,-0.00125885009765625,0.0079876173520943,-0.06396484375,-0.0380859375,0.035888671875,0.060302734375
DOGEUSDT,2025-05-20 00:00:00+00:00,0.22446,0.2308,0.21768,0.22625,1188057201.0,265615543.04725,578143360.0,129225608.88438,1075439,0.0079876173520943,-0.000591278076171875,0.03385145833999981,-0.05810546875,-0.03369140625,0.03271484375,0.055908203125
DOGEUSDT,2025-05-21 00:00:00+00:00,0.22626,0.23813,0.22266,0.23404,1894442857.0,435133856.51108,923734534.0,212169997.42064,2074400,0.03385145833999981,-0.000926971435546875,0.04813071881233122,-0.05615234375,-0.032958984375,0.0308837890625,0.0537109375
DOGEUSDT,2025-05-22 00:00:00+00:00,0.23404,0.24579,0.23383,0.24558,1616956272.0,389242417.98554,803828361.0,193545986.38116,1792018,0.04813071881233122,0.0011138916015625,-0.08658945947934593,-0.054443359375,-0.03125,0.033447265625,0.0556640625
DOGEUSDT,2025-05-23 00:00:00+00:00,0.24559,0.25441,0.22304,0.22521,2250495384.0,538713663.32888,1059083940.0,253804900.74667,2073439,-0.08658945947934593,0.0019073486328125,-0.0003997068869419085,-0.052978515625,-0.02880859375,0.03271484375,0.054931640625
DOGEUSDT,2025-05-24 00:00:00+00:00,0.22521,0.23041,0.22355,0.22512,689220139.0,156871983.8191,327513668.0,74525149.38693,987169,-0.0003997068869419085,-0.0045166015625,-0.000933271182998352,-0.06494140625,-0.038818359375,0.02880859375,0.052001953125
DOGEUSDT,2025-05-25 00:00:00+00:00,0.22512,0.22645,0.21567,0.22491,909550724.0,200536737.97606,451349875.0,99558015.93203,998489,-0.000933271182998352,-0.0030364990234375,0.004657670273980896,-0.0673828125,-0.040283203125,0.032470703125,0.059326171875
DOGEUSDT,2025-05-26 00:00:00+00:00,0.22491,0.23036,0.2225,0.22596,641865425.0,145306388.11551,315021213.0,71350105.2815,824833,0.004657670273980896,-0.001953125,8.850732403886674e-05,-0.056396484375,-0.033203125,0.02783203125,0.049072265625
DOGEUSDT,2025-05-27 00:00:00+00:00,0.22596,0.23216,0.21965,0.22598,805405021.0,182829286.90899,404684470.0,91842252.55923,954287,8.850732403886674e-05,-0.00016498565673828125,-0.02246481012011814,-0.045654296875,-0.0255126953125,0.024658203125,0.043701171875
DOGEUSDT,2025-05-28 00:00:00+00:00,0.22599,0.22785,0.21678,0.22096,681513510.0,151211286.12714,330804269.0,73468852.97416,777705,-0.02246481012011814,-0.00150299072265625,-0.027948495571345155,-0.048095703125,-0.02734375,0.023681640625,0.042724609375
DOGEUSDT,2025-05-29 00:00:00+00:00,0.22096,0.22798,0.21402,0.21487,903435947.0,200334712.13194,425159231.0,94315262.02425,931110,-0.027948495571345155,-0.0012969970703125,-0.10439398993218263,-0.046630859375,-0.02685546875,0.0240478515625,0.042724609375
DOGEUSDT,2025-05-30 00:00:00+00:00,0.21487,0.21648,0.19061,0.19357,1863217282.0,378088955.39609,864806701.0,175463769.74317,1647719,-0.10439398993218263,0.00019550323486328125,-0.005491103726920743,-0.054931640625,-0.03173828125,0.032470703125,0.05517578125
DOGEUSDT,2025-05-31 00:00:00+00:00,0.19358,0.19551,0.18555,0.19251,1086259533.0,206757211.71244,527603926.0,100441301.03706,1278908,-0.005491103726920743,-0.003997802734375,0.005801021084773428,-0.0595703125,-0.03564453125,0.0274658203125,0.0498046875
DOGEUSDT,2025-06-01 00:00:00+00:00,0.19251,0.19485,0.1864,0.19363,544186058.0,103797947.05727,268140624.0,51159880.68914,732704,0.005801021084773428,-0.002655029296875,0.0074093469915343935,-0.0537109375,-0.031982421875,0.0257568359375,0.045166015625
DOGEUSDT,2025-06-02 00:00:00+00:00,0.19364,0.19642,0.18846,0.19507,602359395.0,115481800.96922,283740140.0,54413170.80045,772763,0.0074093469915343935,-0.002227783203125,-0.010098493774207018,-0.052490234375,-0.0303955078125,0.0257568359375,0.04541015625
DOGEUSDT,2025-06-03 00:00:00+00:00,0.19507,0.20051,0.19141,0.19311,712519938.0,139828681.17278,361338751.0,70950470.39425,774951,-0.010098493774207018,-0.0020599365234375,-0.02617991765578709,-0.0498046875,-0.029296875,0.0244140625,0.043212890625
DOGEUSDT,2025-06-04 00:00:00+00:00,0.19311,0.19705,0.18703,0.18812,462365003.0,89135081.41012,209166414.0,40307234.19061,616007,-0.02617991765578709,-0.00506591796875,-0.09512414565323346,-0.05419921875,-0.033447265625,0.02294921875,0.042236328125
DOGEUSDT,2025-06-05 00:00:00+00:00,0.18811,0.19248,0.168,0.17105,1346305437.0,240663393.60467,612303970.0,109268991.07478,1179336,-0.09512414565323346,0.00139617919921875,0.04420008823609267,-0.04931640625,-0.0274658203125,0.0303955078125,0.051513671875
DOGEUSDT,2025-06-06 00:00:00+00:00,0.17106,0.18446,0.16943,0.17878,1096946331.0,194045010.43752,569140903.0,100622861.23842,1055698,0.04420008823609267,0.0014801025390625,0.034794243311887296,-0.046630859375,-0.025390625,0.0284423828125,0.048583984375
DOGEUSDT,2025-06-07 00:00:00+00:00,0.17878,0.1887,0.17776,0.18511,579947806.0,106791753.356,304133645.0,55959244.04701,652441,0.034794243311887296,-0.0020599365234375,-0.00503670267837264,-0.05517578125,-0.032470703125,0.028076171875,0.048828125
DOGEUSDT,2025-06-08 00:00:00+00:00,0.1851,0.18699,0.18046,0.18418,475018993.0,87349714.24146,227075998.0,41767968.48484,540355,-0.00503670267837264,-0.0010528564453125,0.0565730662202939,-0.048828125,-0.0283203125,0.0250244140625,0.043701171875
DOGEUSDT,2025-06-09 00:00:00+00:00,0.18417,0.19612,0.18022,0.1949,861702676.0,161089652.22207,437613986.0,81897421.47867,882811,0.0565730662202939,-0.00125885009765625,0.018302493613730153,-0.052001953125,-0.03076171875,0.0277099609375,0.047607421875
DOGEUSDT,2025-06-10 00:00:00+00:00,0.1949,0.19876,0.1888,0.1985,982365029.0,190270395.55173,475145793.0,92086260.33741,1088920,0.018302493613730153,-0.00118255615234375,-0.028409840384837626,-0.0537109375,-0.031494140625,0.02880859375,0.050048828125
DOGEUSDT,2025-06-11 00:00:00+00:00,0.19851,0.20672,0.19125,0.19294,1122709648.0,223875578.80856,537860535.0,107314477.77465,1240200,-0.028409840384837626,-0.0023651123046875,-0.06332989485303986,-0.05224609375,-0.03125,0.0269775390625,0.047607421875
DOGEUSDT,2025-06-12 00:00:00+00:00,0.19294,0.19368,0.18,0.1811,932640491.0,174841531.94321,445072462.0,83475856.06735,946392,-0.06332989485303986,-0.000606536865234375,-0.0038727572608443506,-0.04736328125,-0.02783203125,0.026611328125,0.046630859375
DOGEUSDT,2025-06-13 00:00:00+00:00,0.18111,0.18148,0.16987,0.1804,1429961655.0,249668927.40139,683994402.0,119412596.16477,1339133,-0.0038727572608443506,0.00016117095947265625,-0.012045650889604076,-0.044921875,-0.025146484375,0.025390625,0.043701171875
DOGEUSDT,2025-06-14 00:00:00+00:00,0.18041,0.18044,0.17459,0.17824,541713685.0,96124075.57769,284386612.0,50488267.96163,526423,-0.012045650889604076,-0.0020751953125,-0.01532098827066486,-0.048828125,-0.0291748046875,0.0245361328125,0.043701171875
DOGEUSDT,2025-06-15 00:00:00+00:00,0.17825,0.17871,0.17142,0.17553,569564407.0,99974979.73445,237781583.0,41723394.03604,514942,-0.01532098827066486,-0.00177764892578125,-0.016138182261702383,-0.045654296875,-0.02685546875,0.0233154296875,0.041748046875
DOGEUSDT,2025-06-16 00:00:00+00:00,0.17554,0.18115,0.17209,0.17272,899995493.0,159364978.81491,425398868.0,75402408.2526,799500,-0.016138182261702383,-0.0009765625,-0.019645159379942267,-0.0390625,-0.0220947265625,0.02001953125,0.035888671875
DOGEUSDT,2025-06-17 00:00:00+00:00,0.17271,0.17612,0.16392,0.16936,902753834.0,153673765.57628,412401672.0,70256390.1827,915047,-0.019645159379942267,-0.004974365234375,0.007763831493189377,-0.046142578125,-0.0272216796875,0.0169677734375,0.0341796875
DOGEUSDT,2025-06-18 00:00:00+00:00,0.16936,0.17222,0.16405,0.17068,679592519.0,114472417.50859,333812165.0,56260911.40697,698726,0.007763831493189377,-0.003753662109375,0.0014051524560250161,-0.04833984375,-0.029296875,0.0220947265625,0.041015625
DOGEUSDT,2025-06-19 00:00:00+00:00,0.17069,0.17204,0.16773,0.17092,338033103.0,57431118.9557,163821232.0,27831910.22014,366382,0.0014051524560250161,-0.0003528594970703125,-0.05150270944279445,-0.040283203125,-0.0228271484375,0.0213623046875,0.037353515625
DOGEUSDT,2025-06-20 00:00:00+00:00,0.17091,0.17197,0.15839,0.16234,952028188.0,157797955.46659,434031453.0,71913737.54801,795644,-0.05150270944279445,0.000576019287109375,-0.049628263212770696,-0.04541015625,-0.0262451171875,0.027099609375,0.046142578125
DOGEUSDT,2025-06-21 00:00:00+00:00,0.16235,0.16436,0.15025,0.15448,693909616.0,109095337.87256,305104353.0,48045928.89472,637337,-0.049628263212770696,-0.0037841796875,-0.020866113363515293,-0.056884765625,-0.0341796875,0.026611328125,0.0478515625
DOGEUSDT,2025-06-22 00:00:00+00:00,0.15448,0.15769,0.1427,0.15129,1801536004.0,269882943.13846,892764236.0,133696111.17262,1283994,-0.020866113363515293,-0.00140380859375,0.07920341659629027,-0.0537109375,-0.0311279296875,0.0289306640625,0.05224609375
DOGEUSDT,2025-06-23 00:00:00+00:00,0.15128,0.16525,0.14861,0.16376,1060150458.0,164783738.40813,547597089.0,85185810.45578,929449,0.07920341659629027,-0.0014190673828125,0.011837331288668373,-0.05810546875,-0.034423828125,0.03173828125,0.055419921875
DOGEUSDT,2025-06-24 00:00:00+00:00,0.16377,0.16767,0.16167,0.16571,889346979.0,145959726.9428,390991831.0,64184356.61053,707835,0.011837331288668373,-0.00147247314453125,-0.006781739585725699,-0.052978515625,-0.0306396484375,0.0277099609375,0.05078125
DOGEUSDT,2025-06-25 00:00:00+00:00,0.16572,0.1677,0.16253,0.16459,678023426.0,112029950.75805,329016017.0,54355886.2256,599099,-0.006781739585725699,-0.00213623046875,-0.028221219775193207,-0.056396484375,-0.032470703125,0.02734375,0.050048828125
DOGEUSDT,2025-06-26 00:00:00+00:00,0.16458,0.16809,0.15792,0.16001,764621210.0,123832331.85516,393698705.0,63751978.69811,634090,-0.028221219775193207,-0.0002994537353515625,0.006416468050752577,-0.0478515625,-0.02734375,0.0267333984375,0.047119140625
DOGEUSDT,2025-06-27 00:00:00+00:00,0.16002,0.16307,0.15704,0.16104,436840031.0,70141716.92711,209424391.0,33642048.59672,491220,0.006416468050752577,0.0003604888916015625,0.01595500010926809,-0.0419921875,-0.0235595703125,0.024169921875,0.04345703125
DOGEUSDT,2025-06-28 00:00:00+00:00,0.16105,0.165,0.1604,0.16363,289205475.0,47034141.95458,140610278.0,22867887.95545,258428,0.01595500010926809,-0.00180816650390625,0.034891100412292264,-0.050048828125,-0.0286865234375,0.0244140625,0.044677734375
DOGEUSDT,2025-06-29 00:00:00+00:00,0.16362,0.17006,0.16259,0.16944,417646869.0,69213297.78465,203584306.0,33760207.58204,362849,0.034891100412292264,-0.0013275146484375,-0.025463093470525333,-0.046630859375,-0.0264892578125,0.0230712890625,0.04248046875
DOGEUSDT,2025-06-30 00:00:00+00:00,0.16945,0.16993,0.16222,0.16518,654158261.0,108362081.89976,318361214.0,52733928.27133,568225,-0.025463093470525333,-0.001739501953125,-0.045834130715627364,-0.056396484375,-0.032958984375,0.030517578125,0.05419921875
DOGEUSDT,2025-07-01 00:00:00+00:00,0.16518,0.16632,0.15674,0.15778,506350958.0,81428337.38272,231120103.0,37189680.59759,469441,-0.045834130715627364,-0.00191497802734375,0.06686105330527647,-0.056884765625,-0.0341796875,0.031494140625,0.05517578125
DOGEUSDT,2025-07-02 00:00:00+00:00,0.15779,0.17268,0.15655,0.16869,848237954.0,141531663.38009,444490343.0,74114984.87873,720234,0.06686105330527647,-0.00081634521484375,0.01948990368607939,-0.06494140625,-0.03857421875,0.038330078125,0.0654296875
DOGEUSDT,2025-07-03 00:00:00+00:00,0.16868,0.17542,0.1674,0.17201,1014473641.0,174700056.05308,510217632.0,87931272.61981,780009,0.01948990368607939,0.00086212158203125,-0.054538881296141595,-0.052490234375,-0.0296630859375,0.033203125,0.056396484375
DOGEUSDT,2025-07-04 00:00:00+00:00,0.17201,0.17296,0.16128,0.16288,756939150.0,125718537.37578,382024948.0,63460875.78878,639270,-0.054538881296141595,-0.0003719329833984375,0.008132363141588161,-0.056884765625,-0.033203125,0.033935546875,0.0576171875
DOGEUSDT,2025-07-05 00:00:00+00:00,0.16289,0.16507,0.1619,0.16421,292791372.0,47934203.04523,125509320.0,20545688.09566,278827,0.008132363141588161,-0.0017242431640625,0.046115795124334724,-0.05859375,-0.03515625,0.032470703125,0.05517578125
DOGEUSDT,2025-07-06 00:00:00+00:00,0.16422,0.17524,0.16313,0.17196,879979321.0,149398052.76918,483248648.0,81994505.12194,630424,0.046115795124334724,-0.0012664794921875,-0.023774216115703073,-0.05810546875,-0.034912109375,0.033203125,0.056396484375
DOGEUSDT,2025-07-07 00:00:00+00:00,0.17196,0.17719,0.16569,0.16792,859968572.0,146923845.8867,423259781.0,72361145.70975,761246,-0.023774216115703073,-0.0015869140625,0.017824942225494356,-0.056396484375,-0.033447265625,0.03076171875,0.0537109375
DOGEUSDT,2025-07-08 00:00:00+00:00,0.16793,0.172,0.16589,0.17094,560967350.0,94974536.73373,299198879.0,50636538.53517,525701,0.017824942225494356,-0.00142669677734375,0.054584351210694715,-0.052734375,-0.0302734375,0.0281982421875,0.0498046875
DOGEUSDT,2025-07-09 00:00:00+00:00,0.17094,0.18661,0.16991,0.18053,1188196945.0,209208452.04026,590105798.0,104093500.43508,956099,0.054584351210694715,1.0669231414794922e-05,0.07746149955827453,-0.060791015625,-0.036376953125,0.03662109375,0.061279296875
DOGEUSDT,2025-07-10 00:00:00+00:00,0.18053,0.19641,0.17874,0.19507,1146142109.0,212625646.90915,556783161.0,103484891.84621,1040881,0.07746149955827453,0.000263214111328125,0.030095682146347613,-0.05859375,-0.03466796875,0.0361328125,0.0615234375
DOGEUSDT,2025-07-11 00:00:00+00:00,0.19508,0.21366,0.19115,0.20103,2460231517.0,498563890.68926,1214130630.0,246186692.35141,2282243,0.030095682146347613,0.00112152099609375,-0.018120711663446976,-0.0615234375,-0.035400390625,0.0390625,0.06494140625
DOGEUSDT,2025-07-12 00:00:00+00:00,0.20103,0.20654,0.1919,0.19742,940327860.0,186848469.34616,430418344.0,85559209.98115,1096622,-0.018120711663446976,-0.00299072265625,0.005707518587518612,-0.06396484375,-0.03857421875,0.033447265625,0.057861328125
DOGEUSDT,2025-07-13 00:00:00+00:00,0.19741,0.20412,0.19576,0.19855,820805906.0,163802067.0844,398190665.0,79507368.0268,986034,0.005707518587518612,0.000316619873046875,-0.005353007429365508,-0.05615234375,-0.032958984375,0.03466796875,0.058349609375
DOGEUSDT,2025-07-14 00:00:00+00:00,0.19855,0.21097,0.19464,0.19749,1622802447.0,330347085.43806,804996178.0,163925050.82688,1600771,-0.005353007429365508,7.12275505065918e-06,0.008571192939287542,-0.05419921875,-0.03125,0.031494140625,0.0537109375
DOGEUSDT,2025-07-15 00:00:00+00:00,0.19748,0.19934,0.18842,0.19919,1313854511.0,253628308.24066,656674402.0,126759570.93887,1435520,0.008571192939287542,-0.0006866455078125,0.06562357911900896,-0.050048828125,-0.0286865234375,0.0277099609375,0.0478515625
DOGEUSDT,2025-07-16 00:00:00+00:00,0.1992,0.22073,0.19553,0.2127,1785566132.0,368001986.87784,882334416.0,181825307.72367,1641646,0.06562357911900896,-0.00084686279296875,0.025804290478752323,-0.057861328125,-0.03466796875,0.033935546875,0.056884765625
DOGEUSDT,2025-07-17 00:00:00+00:00,0.21269,0.22236,0.2066,0.21826,2133077927.0,455996121.20446,1074151852.0,229759832.37403,2766474,0.025804290478752323,0.0002269744873046875,0.07729697541832681,-0.053955078125,-0.031494140625,0.032958984375,0.054443359375
DOGEUSDT,2025-07-18 00:00:00+00:00,0.21826,0.2542,0.21618,0.2358,4213195060.0,1003528632.67305,2106654219.0,501427898.01485,5075861,0.07729697541832681,0.006744384765625,0.02359558790079208,-0.05712890625,-0.031494140625,0.047119140625,0.0751953125
DOGEUSDT,2025-07-19 00:00:00+00:00,0.2358,0.25777,0.23558,0.24143,2332570036.0,576656743.32139,1189157634.0,294124523.88978,3395448,0.02359558790079208,-0.0004062652587890625,0.12563570512664768,-0.068359375,-0.0400390625,0.0400390625,0.0673828125
DOGEUSDT,2025-07-20 00:00:00+00:00,0.24142,0.2783,0.23998,0.27375,3391965164.0,882595774.6965101,1696311641.0,441752365.71926,4360513,0.12563570512664768,0.00311279296875,-0.0085478444774858,-0.0849609375,-0.049560546875,0.060791015625,0.1044921875
DOGEUSDT,2025-07-21 00:00:00+00:00,0.27375,0.2875,0.26428,0.27142,3119210733.0,856718613.92868,1575078100.0,432862685.99328,4117679,-0.0085478444774858,0.000766754150390625,-0.0018069517224075238,-0.06982421875,-0.041748046875,0.045654296875,0.07568359375
DOGEUSDT,2025-07-22 00:00:00+00:00,0.27142,0.27492,0.25735,0.27093,2192290786.0,582380262.79653,1047931735.0,278580318.15411,3292199,-0.0018069517224075238,0.00112152099609375,-0.1177691945385746,-0.057861328125,-0.03369140625,0.038330078125,0.06396484375
DOGEUSDT,2025-07-23 00:00:00+00:00,0.27094,0.27108,0.2305,0.24083,2256299182.0,561110090.39725,1062806930.0,264503220.09571,3087294,-0.1177691945385746,-0.0023651123046875,-0.03657835748235283,-0.07177734375,-0.043212890625,0.0390625,0.06689453125
DOGEUSDT,2025-07-24 00:00:00+00:00,0.24078,0.24665,0.22176,0.23218,2290016087.0,540995396.21605,1140085974.0,269622810.7808,2737843,-0.03657835748235283,0.0001983642578125,0.0194073182911636,-0.06689453125,-0.0380859375,0.039306640625,0.06640625
DOGEUSDT,2025-07-25 00:00:00+00:00,0.23219,0.23697,0.22085,0.23673,1957938127.0,446832437.42233,937418083.0,214105660.57788,1817403,0.0194073182911636,-0.000423431396484375,-0.0055066218441945924,-0.061767578125,-0.03662109375,0.035888671875,0.06005859375
DOGEUSDT,2025-07-26 00:00:00+00:00,0.23673,0.24029,0.23296,0.23543,733863730.0,174064427.82114,355744001.0,84408229.95045,917292,-0.0055066218441945924,-0.00323486328125,0.022179260061491624,-0.059326171875,-0.03466796875,0.027587890625,0.0498046875
DOGEUSDT,2025-07-27 00:00:00+00:00,0.23544,0.24372,0.23432,0.24071,1038317435.0,247866861.56982,491537152.0,117429921.05742,1168179,0.022179260061491624,-0.000934600830078125,-0.06239439349449816,-0.056884765625,-0.0322265625,0.0302734375,0.052490234375
DOGEUSDT,2025-07-28 00:00:00+00:00,0.24071,0.24859,0.22426,0.22615,1620312126.0,384585889.28529,766836712.0,182347676.00499,1626873,-0.06239439349449816,-0.0025787353515625,-0.009909650716654061,-0.0625,-0.0361328125,0.0306396484375,0.054443359375
DOGEUSDT,2025-07-29 00:00:00+00:00,0.22616,0.23276,0.21744,0.22392,1192564427.0,268659829.49662,581721130.0,131097842.15109,1379363,-0.009909650716654061,-0.0019683837890625,-0.017706754433380434,-0.06005859375,-0.035400390625,0.03125,0.053955078125
DOGEUSDT,2025-07-30 00:00:00+00:00,0.22392,0.22655,0.209,0.21999,1217881143.0,266285612.51686,586140850.0,128289061.19976,1324787,-0.017706754433380434,-0.00038909912109375,-0.0477134223675586,-0.0546875,-0.031494140625,0.0306396484375,0.052490234375
DOGEUSDT,2025-07-31 00:00:00+00:00,0.21998,0.22566,0.20814,0.20974,843884315.0,183965767.27791,398975110.0,87016352.05038,1003149,-0.0477134223675586,-0.0010528564453125,-0.042713025217973044,-0.05419921875,-0.03125,0.029296875,0.050537109375
DOGEUSDT,2025-08-01 00:00:00+00:00,0.20975,0.2125,0.19583,0.20097,1936437804.0,397578220.30481,933088944.0,191624069.11908,1612569,-0.042713025217973044,-0.0014495849609375,-0.050986932666229556,-0.058349609375,-0.03515625,0.031494140625,0.05322265625
DOGEUSDT,2025-08-02 00:00:00+00:00,0.20098,0.20352,0.18944,0.19098,1340154059.0,262590864.62308,583050412.0,114384582.07298,1318455,-0.050986932666229556,-0.0026702880859375,0.03992935621206328,-0.0615234375,-0.037353515625,0.031494140625,0.053955078125
DOGEUSDT,2025-08-03 00:00:00+00:00,0.19098,0.20047,0.18845,0.19876,743628957.0,145995992.51874,387279763.0,76137156.47825,822856,0.03992935621206328,-0.002899169921875,0.05686488448280902,-0.0634765625,-0.0380859375,0.03125,0.054443359375
DOGEUSDT,2025-08-04 00:00:00+00:00,0.19875,0.21127,0.1985,0.21039,1016575695.0,207193074.34464,572455181.0,116603409.04774,969213,0.05686488448280902,-0.0016937255859375,-0.05159603620488773,-0.0625,-0.036865234375,0.03271484375,0.05712890625
DOGEUSDT,2025-08-05 00:00:00+00:00,0.21038,0.21106,0.19602,0.19981,844023791.0,171261936.42343,394992332.0,80133245.20101,1012835,-0.05159603620488773,-0.00151824951171875,0.026813111061723127,-0.060791015625,-0.036376953125,0.033447265625,0.057373046875
DOGEUSDT,2025-08-06 00:00:00+00:00,0.19982,0.20716,0.1956,0.20524,624926690.0,125769302.51841,316317015.0,63692108.18532,724785,0.026813111061723127,-0.0003185272216796875,0.07975782233795625,-0.05712890625,-0.03369140625,0.0322265625,0.05419921875
DOGEUSDT,2025-08-07 00:00:00+00:00,0.20525,0.22304,0.20331,0.22228,1122885382.0,238459586.04281,584468275.0,124120069.63076,934938,0.07975782233795625,0.0022735595703125,0.03583567669031029,-0.052490234375,-0.0308837890625,0.0361328125,0.05859375
DOGEUSDT,2025-08-08 00:00:00+00:00,0.22228,0.23254,0.21953,0.23039,1206447226.0,270909957.44395,591222276.0,132849191.13525,1291917,0.03583567669031029,5.626678466796875e-05,0.04065704320222374,-0.05029296875,-0.02880859375,0.0286865234375,0.048095703125
DOGEUSDT,2025-08-09 00:00:00+00:00,0.23039,0.24676,0.22972,0.23995,1460081482.0,348718501.41256,739067638.0,176481669.50107,1525089,0.04065704320222374,-0.0010528564453125,-0.025750684132359147,-0.057861328125,-0.033935546875,0.0308837890625,0.05224609375
DOGEUSDT,2025-08-10 00:00:00+00:00,0.23995,0.24348,0.22941,0.23385,1100909731.0,259095647.38236,493638321.0,116266643.43748,967778,-0.025750684132359147,-0.001373291015625,-0.05168723668572728,-0.052490234375,-0.03173828125,0.0286865234375,0.048095703125
DOGEUSDT,2025-08-11 00:00:00+00:00,0.23385,0.24179,0.22117,0.22207,1438550271.0,334164812.68073,704126382.0,163859731.11061,1352563,-0.05168723668572728,-0.00176239013671875,0.06007615466235916,-0.048828125,-0.0291748046875,0.0257568359375,0.0439453125
DOGEUSDT,2025-08-12 00:00:00+00:00,0.22208,0.23835,0.21865,0.23582,1379181817.0,314305490.77185,669339821.0,152707771.23721,1389484,0.06007615466235916,-0.000347137451171875,0.03745444449883917,-0.052001953125,-0.031494140625,0.0311279296875,0.05078125
DOGEUSDT,2025-08-13 00:00:00+00:00,0.23582,0.25058,0.23132,0.24482,2104113623.0,509995375.47661,1081523513.0,261974125.96946,1847383,0.03745444449883917,-0.0019989013671875,-0.0896810892574853,-0.052001953125,-0.03173828125,0.028564453125,0.049072265625
DOGEUSDT,2025-08-14 00:00:00+00:00,0.24483,0.25574,0.21578,0.22382,3238378909.0,756542920.9144499,1616172933.0,377576265.47437,2623172,-0.0896810892574853,0.0032958984375,0.022268305499687724,-0.052978515625,-0.0296630859375,0.037109375,0.059814453125
DOGEUSDT,2025-08-15 00:00:00+00:00,0.22381,0.23299,0.22006,0.22886,1696292315.0,385423338.94535,817993433.0,185947073.51671,1920983,0.022268305499687724,-0.00022792816162109375,0.009956387544665546,-0.0556640625,-0.03271484375,0.031982421875,0.05322265625
DOGEUSDT,2025-08-16 00:00:00+00:00,0.22885,0.23622,0.22522,0.23115,1061437464.0,245340768.57232,529555041.0,122427656.5954,1285014,0.009956387544665546,-0.002960205078125,0.01464456826405236,-0.059814453125,-0.036376953125,0.0299072265625,0.051513671875
DOGEUSDT,2025-08-17 00:00:00+00:00,0.23115,0.24259,0.22835,0.23456,1209978791.0,284394057.5692,593550272.0,139587113.12523,1348556,0.01464456826405236,-0.00148773193359375,-0.052245136633206846,-0.0546875,-0.032958984375,0.0301513671875,0.0498046875
DOGEUSDT,2025-08-18 00:00:00+00:00,0.23457,0.23553,0.21992,0.22262,1827107692.0,408916113.87339,882996955.0,197557255.1948,1970079,-0.052245136633206846,-2.9802322387695312e-05,-0.06107672741466019,-0.055419921875,-0.03271484375,0.033203125,0.054443359375
DOGEUSDT,2025-08-19 00:00:00+00:00,0.22262,0.22567,0.20869,0.20943,1798094261.0,389054666.70365,884866169.0,191575970.87358,2248123,-0.06107672741466019,-0.000835418701171875,0.056890454955442094,-0.05615234375,-0.03369140625,0.032470703125,0.05322265625
DOGEUSDT,2025-08-20 00:00:00+00:00,0.20944,0.22287,0.20747,0.22169,2102107149.0,450073909.23134,1054463148.0,225713872.13888,1783951,0.056890454955442094,-0.0029449462890625,-0.031898584626820936,-0.060302734375,-0.03759765625,0.03173828125,0.0537109375
DOGEUSDT,2025-08-21 00:00:00+00:00,0.22168,0.2245,0.21388,0.21473,983634414.0,215301640.49663,455699742.0,99731000.77687,997564,-0.031898584626820936,-0.000667572021484375,0.1135049709034297,-0.05419921875,-0.03271484375,0.031982421875,0.052490234375
DOGEUSDT,2025-08-22 00:00:00+00:00,0.21473,0.24222,0.20828,0.24054,2470614941.0,560893726.16404,1235968781.0,280288640.69721,1880029,0.1135049709034297,0.000946044921875,-0.017741893499127803,-0.06689453125,-0.039794921875,0.042236328125,0.0673828125
DOGEUSDT,2025-08-23 00:00:00+00:00,0.24054,0.2409,0.22902,0.23631,1383693143.0,326140492.77971,629441777.0,148389310.70451,967764,-0.017741893499127803,-0.00153350830078125,-0.01918329392274387,-0.06787109375,-0.0419921875,0.03857421875,0.0625
DOGEUSDT,2025-08-24 00:00:00+00:00,0.23631,0.24496,0.22761,0.23182,1758616432.0,411239251.64081,814765991.0,190859242.75251,1404492,-0.01918329392274387,-0.00116729736328125,-0.1005217348438272,-0.06494140625,-0.0390625,0.036865234375,0.061279296875
DOGEUSDT,2025-08-25 00:00:00+00:00,0.23182,0.23459,0.20585,0.20965,2157373271.0,471504088.95554,1070861177.0,233493063.69119,1714738,-0.1005217348438272,-0.000843048095703125,0.04084298165990918,-0.06640625,-0.0390625,0.03662109375,0.061279296875
DOGEUSDT,2025-08-26 00:00:00+00:00,0.20965,0.21999,0.20711,0.21839,1261490195.0,267962242.60181,624649800.0,132718020.9785,1136069,0.04084298165990918,5.2928924560546875e-05,0.0024239109990364938,-0.0634765625,-0.038330078125,0.037353515625,0.060791015625
DOGEUSDT,2025-08-27 00:00:00+00:00,0.21839,0.22388,0.21606,0.21892,1293545133.0,285219670.68846,619484806.0,136647154.46503,1043076,0.0024239109990364938,-0.0015716552734375,0.02459010859596855,-0.06298828125,-0.037841796875,0.034423828125,0.057861328125
DOGEUSDT,2025-08-28 00:00:00+00:00,0.21891,0.22597,0.21668,0.22437,958072860.0,213147433.77123,467744461.0,104175522.13787,851792,0.02459010859596855,-0.00030517578125,-0.04774110905797202,-0.054443359375,-0.031982421875,0.03173828125,0.052001953125
DOGEUSDT,2025-08-29 00:00:00+00:00,0.22438,0.22539,0.20977,0.21391,1424776798.0,307430560.88607,673127440.0,145234415.84133,972672,-0.04774110905797202,0.00078582763671875,0.00949153359299637,-0.056640625,-0.033447265625,0.034912109375,0.056640625
DOGEUSDT,2025-08-30 00:00:00+00:00,0.21391,0.21885,0.21126,0.21595,538763691.0,116090587.04342,240649985.0,51882031.99579,472818,0.00949153359299637,-0.0022735595703125,-0.010426943604610495,-0.06103515625,-0.036865234375,0.032470703125,0.05419921875
DOGEUSDT,2025-08-31 00:00:00+00:00,0.21595,0.22134,0.21327,0.21371,490963065.0,106889059.29161,239809731.0,52241534.4693,486900,-0.010426943604610495,-0.000743865966796875,-0.01404226259297836,-0.05419921875,-0.032470703125,0.030517578125,0.05126953125
DOGEUSDT,2025-09-01 00:00:00+00:00,0.21371,0.21988,0.20476,0.21073,1522561758.0,323216732.96328,734355277.0,155809860.17754,1214090,-0.01404226259297836,-0.00099945068359375,0.019548576085348213,-0.05126953125,-0.030517578125,0.028564453125,0.0478515625
DOGEUSDT,2025-09-02 00:00:00+00:00,0.21074,0.21557,0.20658,0.21489,1031360496.0,218454942.67994,497124790.0,105310811.38017,922930,0.019548576085348213,-0.00072479248046875,0.024863984513827875,-0.052490234375,-0.031982421875,0.0299072265625,0.049560546875
DOGEUSDT,2025-09-03 00:00:00+00:00,0.21489,0.22351,0.21249,0.2203,824904593.0,179440183.471,410559985.0,89316546.78341,699534,0.024863984513827875,-0.0023193359375,-0.03647188456950379,-0.05517578125,-0.033447265625,0.029052734375,0.049560546875
DOGEUSDT,2025-09-04 00:00:00+00:00,0.2203,0.22111,0.21047,0.21241,689472854.0,148219588.38683,316287967.0,67951070.77626,591177,-0.03647188456950379,-0.00174713134765625,0.025426083276679945,-0.044921875,-0.0274658203125,0.02392578125,0.041259765625
DOGEUSDT,2025-09-05 00:00:00+00:00,0.21241,0.22097,0.21182,0.21788,1176623712.0,255141089.22739,570423290.0,123759583.03656,799000,0.025426083276679945,0.003936767578125,-0.00889755310876339,-0.035888671875,-0.0191650390625,0.028076171875,0.04443359375
DOGEUSDT,2025-09-06 00:00:00+00:00,0.21788,0.21888,0.21225,0.21595,482954635.0,103997609.16899,233925239.0,50354006.66899,360232,-0.00889755310876339,-0.0023651123046875,0.0576702326209817,-0.0517578125,-0.03173828125,0.0269775390625,0.046142578125
DOGEUSDT,2025-09-07 00:00:00+00:00,0.21595,0.22926,0.21568,0.22877,882527071.0,196435261.83628,468027713.0,104276315.54085,535216,0.0576702326209817,0.000507354736328125,0.0547318832428485,-0.055908203125,-0.033935546875,0.035888671875,0.0576171875
DOGEUSDT,2025-09-08 00:00:00+00:00,0.22876,0.24413,0.22653,0.24164,1683689246.0,396211227.9766,832591294.0,195933244.75984,1155660,0.0547318832428485,-0.0010833740234375,-0.004188531223597414,-0.059326171875,-0.037109375,0.03564453125,0.057861328125
DOGEUSDT,2025-09-09 00:00:00+00:00,0.24165,0.24952,0.23359,0.24063,1932725888.0,466290114.3566,965719102.0,233177900.00477,1492602,-0.004188531223597414,-0.0002899169921875,0.019466035759053035,-0.05615234375,-0.03369140625,0.033935546875,0.0556640625
DOGEUSDT,2025-09-10 00:00:00+00:00,0.24063,0.24868,0.23618,0.24536,1344178632.0,325747007.8931,675480891.0,163893398.03274,1027231,0.019466035759053035,-0.00141143798828125,0.04256810530764765,-0.056640625,-0.03369140625,0.0301513671875,0.05029296875
DOGEUSDT,2025-09-11 00:00:00+00:00,0.24535,0.25699,0.24228,0.25603,1760794865.0,440156880.2398,893792298.0,223556013.44549,1458157,0.04256810530764765,0.0011444091796875,0.07329300347932555,-0.050048828125,-0.02978515625,0.031982421875,0.05126953125
DOGEUSDT,2025-09-12 00:00:00+00:00,0.25604,0.2786,0.25481,0.2755,2082678041.0,553334736.42513,1076144962.0,286120699.97394,1832176,0.07329300347932555,0.00543212890625,0.049153074715966305,-0.046630859375,-0.02587890625,0.0380859375,0.057861328125
DOGEUSDT,2025-09-13 00:00:00+00:00,0.2755,0.30684,0.27266,0.28938,4015592199.0,1167713347.86586,1965085977.0,571801317.19645,3392820,0.049153074715966305,0.00012874603271484375,-0.04026348486280895,-0.06005859375,-0.0361328125,0.037109375,0.060302734375
DOGEUSDT,2025-09-14 00:00:00+00:00,0.28937,0.2951,0.2727,0.27796,2428234193.0,688582622.28456,1147857883.0,325343731.90413,2171509,-0.04026348486280895,-0.002685546875,-0.0353341899983497,-0.06396484375,-0.039794921875,0.034912109375,0.057861328125
DOGEUSDT,2025-09-15 00:00:00+00:00,0.27795,0.28205,0.25862,0.26831,2516149434.0,672793645.18847,1201672654.0,321332479.34478,2112096,-0.0353341899983497,-0.000362396240234375,0.006093728216519212,-0.058349609375,-0.035888671875,0.03466796875,0.05712890625
DOGEUSDT,2025-09-16 00:00:00+00:00,0.2683,0.27204,0.257,0.26995,1849895166.0,491815282.79188,898088950.0,238828182.14002,1720821,0.006093728216519212,0.000621795654296875,0.04565416075129902,-0.053955078125,-0.0322265625,0.033447265625,0.05419921875
DOGEUSDT,2025-09-17 00:00:00+00:00,0.26994,0.28384,0.26045,0.28256,2009871469.0,541864114.6387,996297572.0,268849461.50654,2073070,0.04565416075129902,0.00032806396484375,-0.014221543131393455,-0.056640625,-0.033935546875,0.03564453125,0.0576171875
DOGEUSDT,2025-09-18 00:00:00+00:00,0.28257,0.28879,0.27559,0.27857,1751271695.0,493411319.02706,868702978.0,244839591.24404,1762586,-0.014221543131393455,0.00135040283203125,-0.048921199067084586,-0.054443359375,-0.032470703125,0.034912109375,0.05517578125
DOGEUSDT,2025-09-19 00:00:00+00:00,0.27856,0.28492,0.26312,0.26527,1436428172.0,390484196.42366,683214168.0,185760732.62244,1400662,-0.048921199067084586,0.0012969970703125,0.00870778313093723,-0.057861328125,-0.033935546875,0.0361328125,0.057373046875
DOGEUSDT,2025-09-20 00:00:00+00:00,0.26526,0.26947,0.263,0.26759,710812856.0,189155698.1073,374690142.0,99738028.43049,794706,0.00870778313093723,-0.0033416748046875,-0.025932216113421447,-0.06298828125,-0.03955078125,0.031982421875,0.053466796875
DOGEUSDT,2025-09-21 00:00:00+00:00,0.26758,0.26965,0.26031,0.26074,710044749.0,188307837.94746,290445110.0,77041019.86281,805968,-0.025932216113421447,-0.0040283203125,-0.07781436207953596,-0.06298828125,-0.0390625,0.02978515625,0.050537109375
DOGEUSDT,2025-09-22 00:00:00+00:00,0.26074,0.26239,0.23067,0.24122,2981639624.0,724740626.9663901,1464115347.0,355790175.95265,2237838,-0.07781436207953596,-0.0023193359375,-0.017269564270103288,-0.06494140625,-0.040283203125,0.035400390625,0.05859375
DOGEUSDT,2025-09-23 00:00:00+00:00,0.24123,0.24389,0.23402,0.23709,1428526604.0,342759368.19628,710108601.0,170594806.40866,1347302,-0.017269564270103288,5.2928924560546875e-05,0.016647531862893583,-0.05908203125,-0.035400390625,0.035400390625,0.056640625
DOGEUSDT,2025-09-24 00:00:00+00:00,0.23709,0.25057,0.23098,0.24107,1685738370.0,405814680.39375,837243454.0,201896504.95627,1469745,0.016647531862893583,-0.0002765655517578125,-0.07827438504655149,-0.057861328125,-0.035400390625,0.03515625,0.05615234375
DOGEUSDT,2025-09-25 00:00:00+00:00,0.24107,0.24197,0.22046,0.22292,2241106701.0,515218699.01015,1073035925.0,246789777.69614,1933925,-0.07827438504655149,-0.0003757476806640625,0.04181916450556922,-0.05859375,-0.035888671875,0.03466796875,0.05615234375
DOGEUSDT,2025-09-26 00:00:00+00:00,0.22292,0.23331,0.22134,0.23244,1426204065.0,323547021.81998,704035246.0,159851531.42515,1374518,0.04181916450556922,0.0030517578125,-0.0072105836904170495,-0.049072265625,-0.027587890625,0.033203125,0.052734375
DOGEUSDT,2025-09-27 00:00:00+00:00,0.23244,0.23431,0.2278,0.23077,566664585.0,130738857.58556,268218012.0,61913212.62972,604913,-0.0072105836904170495,-0.002044677734375,0.028114301480839154,-0.060302734375,-0.037353515625,0.03173828125,0.052490234375
DOGEUSDT,2025-09-28 00:00:00+00:00,0.23077,0.23768,0.225,0.23735,630215145.0,145083386.61014,320215176.0,73742897.01269,718014,0.028114301480839154,-0.0040283203125,-0.01088693954695108,-0.060302734375,-0.0380859375,0.028564453125,0.048583984375
DOGEUSDT,2025-09-29 00:00:00+00:00,0.23735,0.23896,0.22862,0.23478,968604652.0,226412299.55434,481567000.0,112592577.06128,1043096,-0.01088693954695108,-0.00019741058349609375,-0.007910926207112867,-0.04931640625,-0.029541015625,0.0291748046875,0.04833984375
DOGEUSDT,2025-09-30 00:00:00+00:00,0.23478,0.23592,0.2263,0.23293,761018697.0,176002119.97493,343500367.0,79503732.61183,1038031,-0.007910926207112867,0.000873565673828125,0.0669558520497393,-0.048583984375,-0.0279541015625,0.030029296875,0.04931640625
DOGEUSDT,2025-10-01 00:00:00+00:00,0.23294,0.24921,0.23034,0.24906,1175210733.0,284146170.38218,639949004.0,154852958.65703,1196321,0.0669558520497393,-0.0021820068359375,0.050650672468094404,-0.05859375,-0.0361328125,0.032470703125,0.0537109375
DOGEUSDT,2025-10-02 00:00:00+00:00,0.24906,0.26414,0.2467,0.262,1386592793.0,354337073.29459,667566232.0,170726280.22358,1631413,0.050650672468094404,0.0004177093505859375,-0.014648755765492627,-0.056640625,-0.0341796875,0.03515625,0.05712890625
DOGEUSDT,2025-10-03 00:00:00+00:00,0.26201,0.26534,0.25274,0.25819,1381551315.0,356895475.20819,633675906.0,163747847.93872,1588814,-0.014648755765492627,0.002655029296875,-0.028880462320784117,-0.04638671875,-0.0264892578125,0.03173828125,0.050048828125
DOGEUSDT,2025-10-04 00:00:00+00:00,0.25819,0.25979,0.2467,0.25084,885524209.0,223172746.5259,402338276.0,101343773.52513,956054,-0.028880462320784117,-0.002838134765625,0.007941591929278013,-0.060302734375,-0.03759765625,0.031494140625,0.052734375
DOGEUSDT,2025-10-05 00:00:00+00:00,0.25085,0.26518,0.24953,0.25284,1454155392.0,375343385.06292,672260614.0,173451886.07503,1501952,0.007941591929278013,-0.00311279296875,0.050852206773081665,-0.061767578125,-0.0390625,0.032958984375,0.054931640625
DOGEUSDT,2025-10-06 00:00:00+00:00,0.25283,0.27044,0.25057,0.26603,1517510251.0,398221535.62705,714073129.0,187319546.02169,1650855,0.050852206773081665,0.0003452301025390625,-0.07494975835214213,-0.05419921875,-0.03369140625,0.034912109375,0.055908203125
DOGEUSDT,2025-10-07 00:00:00+00:00,0.26604,0.26831,0.24622,0.24682,1838407762.0,472158118.28653,829067171.0,212905069.92008,1792338,-0.07494975835214213,0.0079345703125,0.03511087875704333,-0.042724609375,-0.022705078125,0.040771484375,0.061767578125
DOGEUSDT,2025-10-08 00:00:00+00:00,0.24681,0.2611,0.24291,0.25564,1276623512.0,321688079.17086,635824191.0,160138657.17828,1378571,0.03511087875704333,-0.00067138671875,-0.02836760150379858,-0.05908203125,-0.0361328125,0.03515625,0.0576171875
DOGEUSDT,2025-10-09 00:00:00+00:00,0.25565,0.25593,0.24099,0.24849,1415402413.0,349529058.8239,671962605.0,165954660.1485,1410249,-0.02836760150379858,0.00060272216796875,-0.25017677173044506,-0.05517578125,-0.033203125,0.034423828125,0.055908203125
DOGEUSDT,2025-10-10 00:00:00+00:00,0.2485,0.25403,0.095,0.19349,6030550997.0,1219139327.47886,2731827970.0,551255518.11194,5176557,-0.25017677173044506,0.00177764892578125,-0.04341161098591595,-0.0732421875,-0.042236328125,0.046142578125,0.07421875
DOGEUSDT,2025-10-11 00:00:00+00:00,0.19348,0.20048,0.17816,0.18527,4960779079.0,950618505.36174,2500347760.0,479566181.06934,3794087,-0.04341161098591595,0.0002460479736328125,0.11172549169587609,-0.06982421875,-0.0419921875,0.042236328125,0.06884765625
DOGEUSDT,2025-10-12 00:00:00+00:00,0.18527,0.21421,0.18072,0.20717,3290490159.0,656520684.11004,1681357231.0,335323558.57013,2515164,0.11172549169587609,-0.00020313262939453125,0.031501286333147416,-0.076171875,-0.045654296875,0.046142578125,0.078125
DOGEUSDT,2025-10-13 00:00:00+00:00,0.20717,0.2183,0.20188,0.2138,2645862967.0,554840730.14391,1315957303.0,276130765.27287,2290327,0.031501286333147416,-0.0003681182861328125,-0.0451089220705001,-0.06787109375,-0.041748046875,0.041259765625,0.06689453125
DOGEUSDT,2025-10-14 00:00:00+00:00,0.2138,0.21565,0.1933,0.20437,2781575747.0,561157934.54856,1301975186.0,262564441.30304,2922946,-0.0451089220705001,0.004425048828125,-0.04074656228843465,-0.058837890625,-0.033203125,0.043212890625,0.06787109375
DOGEUSDT,2025-10-15 00:00:00+00:00,0.20436,0.20853,0.1942,0.19621,1356303348.0,272550379.38898,652210286.0,131084463.98595,1773407,-0.04074656228843465,-0.0002498626708984375,-0.04008750734394462,-0.061767578125,-0.03662109375,0.0361328125,0.0595703125
DOGEUSDT,2025-10-16 00:00:00+00:00,0.19621,0.2015,0.18469,0.1885,1903922965.0,368375709.42337,934463874.0,180791296.45183,2360389,-0.04008750734394462,-0.000812530517578125,-0.020365119682871136,-0.0625,-0.03662109375,0.03564453125,0.06005859375
DOGEUSDT,2025-10-17 00:00:00+00:00,0.1885,0.19114,0.17555,0.1847,1800990961.0,328520532.36343,883554351.0,161304692.81403,2384521,-0.020365119682871136,0.001251220703125,0.02628918228461874,-0.056396484375,-0.033447265625,0.036376953125,0.05908203125
DOGEUSDT,2025-10-18 00:00:00+00:00,0.18471,0.19057,0.18426,0.18962,586500546.0,110030658.32596,289694527.0,54355030.07146,734133,0.02628918228461874,-0.00051116943359375,0.029770752011266444,-0.0576171875,-0.03466796875,0.033203125,0.054931640625
DOGEUSDT,2025-10-19 00:00:00+00:00,0.18961,0.19861,0.186,0.19535,1044321198.0,201455017.39781,502668436.0,97000242.04496,1165044,0.029770752011266444,-0.00043487548828125,0.023524545046957224,-0.056396484375,-0.033203125,0.0322265625,0.053466796875
DOGEUSDT,2025-10-20 00:00:00+00:00,0.19534,0.20249,0.19168,0.2,1140819006.0,227058568.27568,531713339.0,105829733.79475,1289248,0.023524545046957224,-0.0016632080078125,-0.029068422497347424,-0.05810546875,-0.03515625,0.0322265625,0.0537109375
DOGEUSDT,2025-10-21 00:00:00+00:00,0.2,0.20563,0.19201,0.19427,1456441398.0,288958818.2335,663301778.0,131570021.61226,1699566,-0.029068422497347424,-0.00040435791015625,-0.022593360826544506,-0.056396484375,-0.033935546875,0.033203125,0.0546875
DOGEUSDT,2025-10-22 00:00:00+00:00,0.19427,0.19544,0.18467,0.18993,1335843365.0,254789363.78925,645713286.0,123198722.25386,1665330,-0.022593360826544506,-0.00142669677734375,0.025984936533908654,-0.055419921875,-0.03369140625,0.03173828125,0.052490234375
DOGEUSDT,2025-10-23 00:00:00+00:00,0.18993,0.19745,0.18959,0.19493,940124512.0,182467433.02111,459549104.0,89182119.43741,960482,0.025984936533908654,0.00061798095703125,0.014363086889709775,-0.05029296875,-0.0299072265625,0.031982421875,0.05224609375
DOGEUSDT,2025-10-24 00:00:00+00:00,0.19492,0.20095,0.19391,0.19775,762978840.0,150122766.36847,379767298.0,74747432.07033,777606,0.014363086889709775,0.000919342041015625,-0.006239399347315766,-0.048828125,-0.0284423828125,0.03076171875,0.05029296875
DOGEUSDT,2025-10-25 00:00:00+00:00,0.19774,0.19985,0.19595,0.19652,680294016.0,134628322.50121,264976068.0,52442343.23508,457707,-0.006239399347315766,-0.0005645751953125,0.04599483287889217,-0.0537109375,-0.031982421875,0.031982421875,0.0517578125
DOGEUSDT,2025-10-26 00:00:00+00:00,0.19651,0.20742,0.19465,0.20577,909622908.0,183148344.98835,462072863.0,93076809.22405,770417,0.04599483287889217,-0.000396728515625,-0.026543476348222628,-0.061279296875,-0.037841796875,0.037353515625,0.0595703125
DOGEUSDT,2025-10-27 00:00:00+00:00,0.20577,0.20953,0.19887,0.20038,1010297382.0,206851053.0037,494285131.0,101292590.33582,1036931,-0.026543476348222628,-0.00171661376953125,-0.034318088539191605,-0.06005859375,-0.03662109375,0.033447265625,0.05517578125
DOGEUSDT,2025-10-28 00:00:00+00:00,0.20038,0.20311,0.19006,0.19362,1128616251.0,223153868.71805,554690359.0,109749701.19016,1271442,-0.034318088539191605,0.00081634521484375,-0.006476874373835262,-0.05224609375,-0.0299072265625,0.0322265625,0.052734375
DOGEUSDT,2025-10-29 00:00:00+00:00,0.19362,0.19728,0.1871,0.19237,1276743754.0,246724528.94368,612753124.0,118453501.46251,1433067,-0.006476874373835262,-0.0006866455078125,-0.05168461260129198,-0.05712890625,-0.03466796875,0.03369140625,0.0556640625
DOGEUSDT,2025-10-30 00:00:00+00:00,0.19237,0.1946,0.17642,0.18268,1657462065.0,305638364.9249,795504747.0,146715744.63142,1956543,-0.05168461260129198,0.00341796875,0.020373483187742014,-0.054931640625,-0.0311279296875,0.03955078125,0.06298828125
DOGEUSDT,2025-10-31 00:00:00+00:00,0.18268,0.18816,0.18228,0.18644,693564340.0,128531571.40372,347386716.0,64392010.41669,880427,0.020373483187742014,0.00159454345703125,0.0049224283448670025,-0.051513671875,-0.0291748046875,0.032470703125,0.052978515625
DOGEUSDT,2025-11-01 00:00:00+00:00,0.18644,0.18837,0.18512,0.18736,381304623.0,71209659.96216,181277879.0,33856615.30916,422093,0.0049224283448670025,-0.002349853515625,-0.005244299491897753,-0.058349609375,-0.034912109375,0.02978515625,0.051025390625
DOGEUSDT,2025-11-02 00:00:00+00:00,0.18736,0.18884,0.18172,0.18638,422142934.0,78224426.82371,202317692.0,37489144.06183,544434,-0.005244299491897753,-0.0011138916015625,-0.10734170692981593,-0.060302734375,-0.03564453125,0.033935546875,0.056640625
DOGEUSDT,2025-11-03 00:00:00+00:00,0.18639,0.18666,0.16017,0.16741,2233966267.0,381967727.8722,1084666860.0,185221318.7454,2350318,-0.10734170692981593,0.00147247314453125,-0.03143081200538589,-0.06689453125,-0.03955078125,0.043701171875,0.0703125
DOGEUSDT,2025-11-04 00:00:00+00:00,0.16741,0.1711,0.15159,0.16223,3239546286.0,523039971.28713,1539378572.0,248565018.93181,4022396,-0.03143081200538589,0.00531005859375,0.03011580882724707,-0.06494140625,-0.035888671875,0.049072265625,0.07958984375
DOGEUSDT,2025-11-05 00:00:00+00:00,0.16224,0.16886,0.15456,0.16719,1450649552.0,237866129.35671,718006629.0,117804087.55873,1995705,0.03011580882724707,0.0003032684326171875,-0.03375925003928182,-0.0634765625,-0.037841796875,0.039306640625,0.0654296875
DOGEUSDT,2025-11-06 00:00:00+00:00,0.16718,0.1678,0.15693,0.16164,991019158.0,160882419.0731,484917473.0,78718696.33641,1587215,-0.03375925003928182,0.0007781982421875,0.10072842321672448,-0.0576171875,-0.033935546875,0.035888671875,0.0595703125
DOGEUSDT,2025-11-07 00:00:00+00:00,0.16164,0.18166,0.1596,0.17877,1612295661.0,274447812.14544,821920238.0,140139713.17803,2514764,0.10072842321672448,0.00921630859375,-0.01533201782593574,-0.0498046875,-0.0260009765625,0.047119140625,0.072265625
DOGEUSDT,2025-11-08 00:00:00+00:00,0.17877,0.18332,0.173,0.17605,1232860279.0,220196788.27929,574118081.0,102604557.89372,1809853,-0.01533201782593574,-0.0045166015625,0.018292335010025473,-0.0673828125,-0.041748046875,0.033203125,0.057373046875
DOGEUSDT,2025-11-09 00:00:00+00:00,0.17605,0.18158,0.17123,0.1793,824680933.0,145583477.48335,424689755.0,75002258.17827,1263036,0.018292335010025473,-0.0042724609375,0.013791794118883205,-0.06982421875,-0.042724609375,0.033935546875,0.058349609375
DOGEUSDT,2025-11-10 00:00:00+00:00,0.1793,0.18575,0.17722,0.18179,1123195034.0,203326142.68801,546154499.0,98917107.54017,1766819,0.013791794118883205,0.00016498565673828125,-0.055008921536768396,-0.05810546875,-0.034912109375,0.03564453125,0.058349609375
DOGEUSDT,2025-11-11 00:00:00+00:00,0.18178,0.1864,0.17154,0.17206,1194191122.0,212793476.02652,522907388.0,93181666.79533,1736558,-0.055008921536768396,0.004364013671875,-0.010986552771790725,-0.0537109375,-0.0301513671875,0.040283203125,0.064453125
DOGEUSDT,2025-11-12 00:00:00+00:00,0.17207,0.17855,0.16721,0.17018,974860769.0,168173143.30219,486770012.0,83938319.82098,1465940,-0.010986552771790725,-0.00147247314453125,-0.03796635857026809,-0.0576171875,-0.03466796875,0.031982421875,0.054443359375
DOGEUSDT,2025-11-13 00:00:00+00:00,0.17018,0.17766,0.16,0.16384,1568645541.0,265963501.79588,741313006.0,125548645.90806,2233294,-0.03796635857026809,0.002655029296875,-0.038512955860073195,-0.043701171875,-0.0242919921875,0.0301513671875,0.049560546875
DOGEUSDT,2025-11-14 00:00:00+00:00,0.16383,0.16628,0.15472,0.15765,1838238578.0,297423027.04033,906671213.0,146787796.10209,2502044,-0.038512955860073195,-0.0011749267578125,0.034353928458287886,-0.055908203125,-0.033935546875,0.031982421875,0.054443359375
DOGEUSDT,2025-11-15 00:00:00+00:00,0.15765,0.16482,0.15721,0.16316,673862028.0,109410937.29115,302901265.0,49179294.05672,903438,0.034353928458287886,-0.00018024444580078125,-0.028535178247881765,-0.051025390625,-0.0303955078125,0.0296630859375,0.04931640625
DOGEUSDT,2025-11-16 00:00:00+00:00,0.16316,0.16563,0.1536,0.15857,1032632939.0,164446278.80501,508542943.0,80998227.60197,1460110,-0.028535178247881765,-0.0015411376953125,-0.041394986632320885,-0.054443359375,-0.0322265625,0.029052734375,0.050048828125
DOGEUSDT,2025-11-17 00:00:00+00:00,0.15856,0.1651,0.15066,0.15214,1608346754.0,253950192.51438,764759059.0,120629897.1322,2145355,-0.041394986632320885,-0.0007781982421875,0.061127128562531885,-0.054931640625,-0.032470703125,0.0308837890625,0.052978515625
DOGEUSDT,2025-11-18 00:00:00+00:00,0.15214,0.16294,0.14943,0.16173,1453866633.0,227011193.46541,675422666.0,105433980.18207,1803750,0.061127128562531885,0.001953125,-0.04508714197836561,-0.05615234375,-0.0322265625,0.036865234375,0.060791015625
DOGEUSDT,2025-11-19 00:00:00+00:00,0.16172,0.1625,0.14712,0.1546,1411295703.0,218131668.74551,724535935.0,111865871.6307,1806737,-0.04508714197836561,-0.00189971923828125,-0.0374318871488053,-0.060302734375,-0.036865234375,0.033447265625,0.05615234375
DOGEUSDT,2025-11-20 00:00:00+00:00,0.15459,0.15972,0.14623,0.14892,1600374682.0,245907244.87903,775072604.0,118904565.78885,2008160,-0.0374318871488053,0.00115203857421875,-0.059697540273835115,-0.048828125,-0.028076171875,0.031494140625,0.052001953125
DOGEUSDT,2025-11-21 00:00:00+00:00,0.14892,0.15109,0.13321,0.14029,2835442265.0,397756816.83951,1410564504.0,197659220.40253,3499278,-0.059697540273835115,0.000934600830078125,-0.00014257199910083784,-0.05615234375,-0.03369140625,0.0361328125,0.058837890625
DOGEUSDT,2025-11-22 00:00:00+00:00,0.14029,0.1424,0.13549,0.14027,978144036.0,135288111.48891,474072305.0,65537444.27807,1479305,-0.00014257199910083784,-0.0021820068359375,0.033164605688994264,-0.059814453125,-0.03662109375,0.032470703125,0.0546875
DOGEUSDT,2025-11-23 00:00:00+00:00,0.14027,0.14775,0.13966,0.145,846522905.0,122133108.03203,414666348.0,59809653.07521,1053125,0.033164605688994264,-0.0020599365234375,0.0458959965240493,-0.057373046875,-0.035888671875,0.031982421875,0.053466796875
DOGEUSDT,2025-11-24 00:00:00+00:00,0.145,0.15397,0.14279,0.15181,1133652374.0,167653300.62482,553374743.0,81896231.53156,1600326,0.0458959965240493,-0.004180908203125,0.007873539789098327,-0.0556640625,-0.034423828125,0.025634765625,0.04541015625
DOGEUSDT,2025-11-25 00:00:00+00:00,0.1518,0.15504,0.14585,0.15301,936141701.0,140700452.77329,471052901.0,70802948.31268,1174781,0.007873539789098327,-0.0003681182861328125,0.011243010387586239,-0.056640625,-0.033447265625,0.032470703125,0.053955078125
DOGEUSDT,2025-11-26 00:00:00+00:00,0.15301,0.15681,0.14862,0.15474,858785986.0,131087713.76661,404607217.0,61690086.34114,1018475,0.011243010387586239,-0.001434326171875,-0.01366408142133202,-0.057373046875,-0.034912109375,0.03271484375,0.054443359375
DOGEUSDT,2025-11-27 00:00:00+00:00,0.15473,0.15559,0.1521,0.15264,442592040.0,68040858.20601,218694145.0,33627527.34619,581336,-0.01366408142133202,0.000762939453125,-0.016314222007786983,-0.0537109375,-0.03173828125,0.032958984375,0.0546875
DOGEUSDT,2025-11-28 00:00:00+00:00,0.15264,0.15554,0.14825,0.15017,708146301.0,107095802.04868,326943506.0,49459797.90487,926224,-0.016314222007786983,0.000797271728515625,-0.012058831729486963,-0.048095703125,-0.027587890625,0.028564453125,0.04833984375
DOGEUSDT,2025-11-29 00:00:00+00:00,0.15016,0.15095,0.14725,0.14837,301506106.0,44925679.58414,128397741.0,19135078.91574,409185,-0.012058831729486963,-0.0015411376953125,-0.016171027750813805,-0.047607421875,-0.027587890625,0.024169921875,0.042724609375
DOGEUSDT,2025-11-30 00:00:00+00:00,0.14837,0.15059,0.14588,0.14599,359178345.0,53548691.72101,168585917.0,25131915.95072,457849,-0.016171027750813805,-0.00136566162109375,-0.07478791261924345,-0.048828125,-0.0289306640625,0.0262451171875,0.045654296875
DOGEUSDT,2025-12-01 00:00:00+00:00,0.14599,0.14637,0.13177,0.13547,1194651951.0,163990841.14855,592595066.0,81261941.79874,1472485,-0.07478791261924345,-0.0014801025390625,0.07327982349327633,-0.052978515625,-0.03173828125,0.0291748046875,0.049560546875
DOGEUSDT,2025-12-02 00:00:00+00:00,0.13546,0.14783,0.13443,0.14577,805736367.0,114537885.31766,360028491.0,51143411.5755,1069841,0.07327982349327633,0.0029754638671875,0.03961113618686807,-0.054443359375,-0.03076171875,0.037353515625,0.060791015625
DOGEUSDT,2025-12-03 00:00:00+00:00,0.14578,0.1534,0.1452,0.15166,900651276.0,134838064.56002,423210434.0,63376231.34346,1035539,0.03961113618686807,-0.0022430419921875,-0.028559038424122996,-0.06005859375,-0.036376953125,0.03271484375,0.05615234375
DOGEUSDT,2025-12-04 00:00:00+00:00,0.15167,0.1532,0.14557,0.14739,637362886.0,95182658.60535,295122166.0,44055200.49489,842424,-0.028559038424122996,-0.000560760498046875,-0.05458751853009325,-0.054443359375,-0.031982421875,0.031982421875,0.05419921875
DOGEUSDT,2025-12-05 00:00:00+00:00,0.14739,0.14838,0.13722,0.13956,719213185.0,102375567.22146,356658092.0,50731429.08547,938298,-0.05458751853009325,-0.00015735626220703125,0.0013604957166353238,-0.05615234375,-0.033203125,0.03271484375,0.054931640625
DOGEUSDT,2025-12-06 00:00:00+00:00,0.13956,0.14076,0.13836,0.13975,312444302.0,43631044.40816,167495556.0,23393126.89894,412351,0.0013604957166353238,-0.00150299072265625,-0.0077581022694357404,-0.053955078125,-0.031982421875,0.0286865234375,0.04931640625
DOGEUSDT,2025-12-07 00:00:00+00:00,0.13976,0.14291,0.13486,0.13867,638350242.0,88448350.64566,328945767.0,45591756.65629,849601,-0.0077581022694357404,-0.00140380859375,0.027876369528254896,-0.052734375,-0.031494140625,0.0291748046875,0.049560546875
DOGEUSDT,2025-12-08 00:00:00+00:00,0.13868,0.14505,0.13799,0.14259,637568327.0,90888154.74413,306870184.0,43720399.72943,919954,0.027876369528254896,-0.000797271728515625,0.037036171220415026,-0.0517578125,-0.03076171875,0.0291748046875,0.048828125
DOGEUSDT,2025-12-09 00:00:00+00:00,0.1426,0.15319,0.13942,0.14797,993044372.0,145567168.96872,482566597.0,70709485.30382,1235272,0.037036171220415026,0.0005035400390625,-0.03192965807768977,-0.049560546875,-0.0294189453125,0.0308837890625,0.05029296875
DOGEUSDT,2025-12-10 00:00:00+00:00,0.14796,0.15031,0.14235,0.14332,770619026.0,112877219.37327,384116332.0,56287381.15277,1243644,-0.03192965807768977,-0.004547119140625,-0.021083100673708666,-0.05908203125,-0.037353515625,0.028076171875,0.048095703125
DOGEUSDT,2025-12-11 00:00:00+00:00,0.14332,0.1436,0.13623,0.14033,829996639.0,115122620.90269,426681625.0,59144117.98266,1074716,-0.021083100673708666,-0.00079345703125,-0.02459997810105974,-0.052490234375,-0.031494140625,0.0303955078125,0.05078125
DOGEUSDT,2025-12-12 00:00:00+00:00,0.14034,0.14155,0.13428,0.13692,532296809.0,73478361.65309,258717112.0,35700614.99145,805252,-0.02459997810105974,-0.00104522705078125,0.01543676701798935,-0.050537109375,-0.0306396484375,0.028564453125,0.0478515625
DOGEUSDT,2025-12-13 00:00:00+00:00,0.13692,0.14002,0.13691,0.13905,215402184.0,29842107.606,102272304.0,14169909.08112,362734,0.01543676701798935,-0.00127410888671875,-0.03639694394620108,-0.052978515625,-0.03271484375,0.02978515625,0.049560546875
DOGEUSDT,2025-12-14 00:00:00+00:00,0.13906,0.13925,0.13261,0.13408,446980516.0,60561975.03456,234955347.0,31822198.30614,616398,-0.03639694394620108,-0.00152587890625,-0.032827114687774994,-0.054443359375,-0.032470703125,0.0294189453125,0.0498046875
DOGEUSDT,2025-12-15 00:00:00+00:00,0.13407,0.13845,0.12661,0.12975,784404436.0,103760387.9744,382946682.0,50600643.95475,1310628,-0.032827114687774994,-0.0020751953125,0.01560022460980015,-0.04931640625,-0.029296875,0.0250244140625,0.044189453125
DOGEUSDT,2025-12-16 00:00:00+00:00,0.12975,0.13305,0.12716,0.13179,537676555.0,70278117.09634,268646477.0,35132206.25551,1047737,0.01560022460980015,-0.000362396240234375,-0.04231221581385203,-0.052001953125,-0.0306396484375,0.030029296875,0.05126953125
DOGEUSDT,2025-12-17 00:00:00+00:00,0.13179,0.13631,0.12481,0.12633,818900138.0,106165185.1301,399347491.0,51749651.58268,1429160,-0.04231221581385203,-0.004608154296875,-0.03430288016023786,-0.0615234375,-0.03759765625,0.0289306640625,0.052001953125
DOGEUSDT,2025-12-18 00:00:00+00:00,0.12633,0.13072,0.11993,0.12207,1170003699.0,146269162.40867,559390043.0,69941078.71328,1639224,-0.03430288016023786,-0.0002613067626953125,0.07987255122372394,-0.0517578125,-0.030029296875,0.0306396484375,0.052490234375
DOGEUSDT,2025-12-19 00:00:00+00:00,0.12207,0.13353,0.12056,0.13222,886504087.0,113723980.36218,430316894.0,55202651.63998,1297588,0.07987255122372394,-0.00020599365234375,-0.002119928110707381,-0.05810546875,-0.034912109375,0.03564453125,0.0595703125
DOGEUSDT,2025-12-20 00:00:00+00:00,0.13222,0.13261,0.13069,0.13194,256897701.0,33842068.50028,129326496.0,17038193.77742,345971,-0.002119928110707381,-0.0016326904296875,-0.006234339359150631,-0.05908203125,-0.035888671875,0.033203125,0.05712890625
DOGEUSDT,2025-12-21 00:00:00+00:00,0.13193,0.13342,0.12871,0.13112,315017725.0,41161056.1624,165065115.0,21573546.59771,561601,-0.006234339359150631,-0.00150299072265625,0.011073302377671457,-0.05517578125,-0.032470703125,0.0302734375,0.05224609375
DOGEUSDT,2025-12-22 00:00:00+00:00,0.13113,0.1354,0.12952,0.13258,578553795.0,76773375.92192,300273786.0,39840863.21676,1098065,0.011073302377671457,-0.000537872314453125,-0.025205642040460052,-0.05029296875,-0.029052734375,0.0281982421875,0.048828125
DOGEUSDT,2025-12-23 00:00:00+00:00,0.13258,0.13369,0.12789,0.12928,507414870.0,66083836.7402,244458747.0,31824516.99284,832612,-0.025205642040460052,-0.0016937255859375,-0.005584873343528418,-0.050537109375,-0.0303955078125,0.027587890625,0.048095703125
DOGEUSDT,2025-12-24 00:00:00+00:00,0.12929,0.13038,0.12651,0.12856,335694754.0,43001950.02828,146592371.0,18776669.28176,584106,-0.005584873343528418,-0.00323486328125,-0.03894072746183186,-0.050048828125,-0.03076171875,0.02490234375,0.04443359375
DOGEUSDT,2025-12-25 00:00:00+00:00,0.12855,0.12909,0.123,0.12365,418798463.0,52978871.95817,179558572.0,22709969.66989,535964,-0.03894072746183186,-0.00225830078125,-0.012532716122494847,-0.04541015625,-0.02734375,0.023193359375,0.04150390625
DOGEUSDT,2025-12-26 00:00:00+00:00,0.12364,0.12752,0.12064,0.12211,719882140.0,89239314.19039,337367998.0,41777340.18919,881797,-0.012532716122494847,0.00110626220703125,0.01817789240448331,-0.0390625,-0.02197265625,0.0252685546875,0.04345703125
DOGEUSDT,2025-12-27 00:00:00+00:00,0.12211,0.12492,0.12193,0.12435,242221247.0,29801690.22024,119253044.0,14675045.52455,300811,0.01817789240448331,-0.004486083984375,-0.003383280172630787,-0.054931640625,-0.033935546875,0.025390625,0.046142578125
DOGEUSDT,2025-12-28 00:00:00+00:00,0.12435,0.1249,0.12277,0.12393,221394199.0,27434653.703,103035385.0,12770667.9963,296777,-0.003383280172630787,-0.00201416015625,-0.008508620677420975,-0.048583984375,-0.029541015625,0.0255126953125,0.045166015625
DOGEUSDT,2025-12-29 00:00:00+00:00,0.12394,0.12805,0.12228,0.12288,673526124.0,84263156.10882,332152299.0,41524902.2109,819860,-0.008508620677420975,-0.0025787353515625,0.0038986404156573506,-0.04833984375,-0.029541015625,0.025146484375,0.044677734375
DOGEUSDT,2025-12-30 00:00:00+00:00,0.12288,0.12537,0.1224,0.12336,627500697.0,77819799.98121,333965158.0,41450894.79203,536882,0.0038986404156573506,-0.00164794921875,-0.0489239279792244,-0.04541015625,-0.026611328125,0.0235595703125,0.04248046875
DOGEUSDT,2025-12-31 00:00:00+00:00,0.12335,0.12381,0.11612,0.11747,670335608.0,80135267.84825,369364260.0,44142884.47731,564325,-0.0489239279792244,-0.005096435546875,0.07666462524354323,-0.057373046875,-0.034912109375,0.0260009765625,0.04931640625
DOGEUSDT,2026-01-01 00:00:00+00:00,0.11747,0.1275,0.11742,0.12683,886565713.0,109222807.65797,463111788.0,57029308.94303,732788,0.07666462524354323,-0.0002613067626953125,0.11213402282608298,-0.0595703125,-0.0361328125,0.036865234375,0.06298828125
DOGEUSDT,2026-01-02 00:00:00+00:00,0.12682,0.14498,0.12592,0.14188,2240031844.0,301880200.6481,1110891203.0,149715680.50156,2227286,0.11213402282608298,0.00106048583984375,0.008911401638703076,-0.080078125,-0.0478515625,0.052978515625,0.08984375
DOGEUSDT,2026-01-03 00:00:00+00:00,0.14187,0.14451,0.13914,0.14315,1027895793.0,146034233.39091,471070511.0,66963097.90784,1049478,0.008911401638703076,-0.0019683837890625,0.04360401005162817,-0.06787109375,-0.041748046875,0.039306640625,0.06787109375
DOGEUSDT,2026-01-04 00:00:00+00:00,0.14314,0.15418,0.14278,0.14953,1371022860.0,206060792.29788,706343081.0,106130396.23559,1852562,0.04360401005162817,0.00038909912109375,0.014473762164249226,-0.06884765625,-0.041259765625,0.0458984375,0.0791015625
DOGEUSDT,2026-01-05 00:00:00+00:00,0.14952,0.1545,0.14581,0.15171,1115045910.0,167321227.9625,555255819.0,83388824.84122,1820724,0.014473762164249226,0.0003719329833984375,-0.007675548832258627,-0.06201171875,-0.036865234375,0.039306640625,0.06494140625
DOGEUSDT,2026-01-06 00:00:00+00:00,0.15171,0.15656,0.14352,0.15055,1272318747.0,190733595.84774,641066634.0,96118237.36429,1981622,-0.007675548832258627,5.340576171875e-05,-0.0278160507092462,-0.056640625,-0.033203125,0.034912109375,0.05859375
DOGEUSDT,2026-01-07 00:00:00+00:00,0.15055,0.15405,0.14487,0.14642,797102416.0,118316149.7839,379600916.0,56385093.74156,1389926,-0.0278160507092462,-0.0026092529296875,-0.031074771121659683,-0.061279296875,-0.036376953125,0.031494140625,0.05859375
DOGEUSDT,2026-01-08 00:00:00+00:00,0.14642,0.14777,0.138,0.14194,959509517.0,136352793.37517,435572946.0,61893203.47157,1484439,-0.031074771121659683,0.0002574920654296875,-0.00870339829667266,-0.052734375,-0.0308837890625,0.0322265625,0.053955078125
DOGEUSDT,2026-01-09 00:00:00+00:00,0.14195,0.14462,0.13825,0.14071,703610941.0,99368656.28199,325364639.0,45971079.84402,1199113,-0.00870339829667266,0.0008087158203125,-0.007561742408978667,-0.049072265625,-0.0286865234375,0.031494140625,0.052490234375
DOGEUSDT,2026-01-10 00:00:00+00:00,0.1407,0.14072,0.13904,0.13965,219649749.0,30755979.35387,100248494.0,14036599.72501,328469,-0.007561742408978667,-0.001953125,-0.011813146091237181,-0.0478515625,-0.0286865234375,0.0255126953125,0.044677734375
DOGEUSDT,2026-01-11 00:00:00+00:00,0.13965,0.1412,0.13585,0.13801,419409403.0,58090364.37931,215933067.0,29915394.61439,625549,-0.011813146091237181,-0.003936767578125,-0.010122796996245409,-0.048095703125,-0.029296875,0.021728515625,0.039794921875
DOGEUSDT,2026-01-12 00:00:00+00:00,0.13801,0.14237,0.13492,0.13662,721042880.0,99590291.64411,313539143.0,43321064.68768,1330250,-0.010122796996245409,-0.0025482177734375,0.08189902897882839,-0.04638671875,-0.027587890625,0.0233154296875,0.042236328125
DOGEUSDT,2026-01-13 00:00:00+00:00,0.13661,0.15095,0.13626,0.14828,962128224.0,137700404.73251,449487356.0,64298658.20271,1316054,0.08189902897882839,0.0009765625,-0.007446050784078562,-0.055419921875,-0.03271484375,0.0361328125,0.0595703125
DOGEUSDT,2026-01-14 00:00:00+00:00,0.14828,0.15133,0.14562,0.14718,873212059.0,129478917.44994,421256612.0,62484224.6196,1283982,-0.007446050784078562,-0.00090789794921875,-0.04972823141198801,-0.051025390625,-0.0306396484375,0.02978515625,0.05078125
DOGEUSDT,2026-01-15 00:00:00+00:00,0.14719,0.14721,0.13881,0.14004,785586188.0,111954090.23683,357924677.0,51020796.14058,1089532,-0.04972823141198801,-0.00127410888671875,-0.013732825374596525,-0.049072265625,-0.0289306640625,0.0269775390625,0.04736328125
DOGEUSDT,2026-01-16 00:00:00+00:00,0.14005,0.14045,0.1351,0.13813,990841345.0,136644568.9314,394001863.0,54316784.91133,840282,-0.013732825374596525,0.00119781494140625,-0.0018115290632036984,-0.043701171875,-0.024169921875,0.0269775390625,0.046875
DOGEUSDT,2026-01-17 00:00:00+00:00,0.13813,0.14003,0.13682,0.13788,343127679.0,47431412.01649,174921658.0,24194886.24261,404198,-0.0018115290632036984,-0.00170135498046875,-0.046312817573525455,-0.050048828125,-0.030029296875,0.027587890625,0.048828125
DOGEUSDT,2026-01-18 00:00:00+00:00,0.13788,0.13835,0.13133,0.13164,479039950.0,65010668.85132,242357798.0,32881888.8337,617973,-0.046312817573525455,-0.0033721923828125,-0.019018978185064928,-0.054443359375,-0.03271484375,0.027099609375,0.049560546875
DOGEUSDT,2026-01-19 00:00:00+00:00,0.13163,0.13163,0.12,0.12916,1347363841.0,171112347.27312,710287530.0,90160957.8914,1306614,-0.019018978185064928,-0.001190185546875,-0.04594503607505507,-0.04931640625,-0.029296875,0.02783203125,0.048828125
DOGEUSDT,2026-01-20 00:00:00+00:00,0.12917,0.12934,0.12178,0.12336,794330118.0,99645234.24613,388313184.0,48707055.24721,1091120,-0.04594503607505507,-0.0014801025390625,0.025451553903719226,-0.051025390625,-0.0303955078125,0.0294189453125,0.0537109375
DOGEUSDT,2026-01-21 00:00:00+00:00,0.12336,0.12884,0.12029,0.12654,942674775.0,117620449.73392,470337968.0,58690832.60507,1389867,0.025451553903719226,-0.00439453125,-0.017297470053089015,-0.0546875,-0.0341796875,0.0277099609375,0.049560546875
DOGEUSDT,2026-01-22 00:00:00+00:00,0.12653,0.12794,0.12322,0.12437,424956417.0,53357861.9913,208857511.0,26230851.10951,696418,-0.017297470053089015,-0.002105712890625,0.0032110487572807322,-0.0478515625,-0.029296875,0.025634765625,0.044677734375
DOGEUSDT,2026-01-23 00:00:00+00:00,0.12437,0.12788,0.12203,0.12477,533582852.0,66655838.82565,245730942.0,30691537.58195,843058,0.0032110487572807322,-0.00040435791015625,-0.004337356197344544,-0.03564453125,-0.020263671875,0.01953125,0.03515625
DOGEUSDT,2026-01-24 00:00:00+00:00,0.12478,0.12494,0.12291,0.12423,168690655.0,20957716.10475,74577831.0,9266941.82704,221239,-0.004337356197344544,-0.0040283203125,-0.0392368124537672,-0.047119140625,-0.0291748046875,0.0220947265625,0.04052734375
DOGEUSDT,2026-01-25 00:00:00+00:00,0.12422,0.12435,0.11764,0.11945,644477476.0,77738981.03316,278299012.0,33554130.57425,764548,-0.0392368124537672,-0.004241943359375,0.024069645510884197,-0.053466796875,-0.03369140625,0.0262451171875,0.04833984375
DOGEUSDT,2026-01-26 00:00:00+00:00,0.11945,0.12381,0.11924,0.12236,708086997.0,86361407.30227,322702057.0,39378837.61449,785399,0.024069645510884197,-0.00193023681640625,0.03082118838211656,-0.044921875,-0.027587890625,0.02490234375,0.043212890625
DOGEUSDT,2026-01-27 00:00:00+00:00,0.12236,0.12666,0.12139,0.12619,704522307.0,87039828.82422,359695298.0,44445017.82241,761291,0.03082118838211656,-0.0027313232421875,-0.009474970362517876,-0.043701171875,-0.0269775390625,0.0224609375,0.039794921875
DOGEUSDT,2026-01-28 00:00:00+00:00,0.1262,0.12775,0.12372,0.125,651222550.0,81771631.94224,299946785.0,37627070.94268,792974,-0.009474970362517876,-0.003265380859375,-0.06374949916396,-0.046142578125,-0.0281982421875,0.0230712890625,0.041259765625
DOGEUSDT,2026-01-29 00:00:00+00:00,0.125,0.12525,0.1144,0.11728,1189313828.0,140656491.76514,645915888.0,76338551.193,1152266,-0.06374949916396,-0.000576019287109375,-0.01261332094205514,-0.048828125,-0.0294189453125,0.0291748046875,0.050048828125
DOGEUSDT,2026-01-30 00:00:00+00:00,0.11729,0.11871,0.11217,0.11581,1164836231.0,134166968.39185,543491954.0,62591377.467,1513685,-0.01261332094205514,-0.000743865966796875,-0.10506313785632626,-0.04638671875,-0.0279541015625,0.02685546875,0.046630859375
DOGEUSDT,2026-01-31 00:00:00+00:00,0.11582,0.11593,0.09461,0.10426,2462959641.0,258114346.50166,1176843499.0,123228960.84252,2351739,-0.10506313785632626,-0.00191497802734375,0.0,-0.06201171875,-0.036376953125,0.034423828125,0.062255859375
DOGEUSDT,2026-02-01 00:00:00+00:00,0.10426,0.10685,0.10103,0.10426,1128141338.0,117912128.72529,523522306.0,54710322.9538,1526153,0.0,-0.002899169921875,0.03450243255954044,-0.0556640625,-0.033203125,0.028076171875,0.05029296875
DOGEUSDT,2026-02-02 00:00:00+00:00,0.10427,0.11056,0.09955,0.10792,1604582722.0,167945160.16619,803949408.0,84238419.70618,2198095,0.03450243255954044,-0.001495361328125,-0.017762456339840416,-0.0556640625,-0.033203125,0.0308837890625,0.055419921875
DOGEUSDT,2026-02-03 00:00:00+00:00,0.10791,0.11053,0.10226,0.10602,1614342566.0,172598524.73871,799277519.0,85533166.46991,1830028,-0.017762456339840416,-0.0002155303955078125,-0.02087280924429713,-0.046875,-0.027099609375,0.0274658203125,0.047607421875
DOGEUSDT,2026-02-04 00:00:00+00:00,0.10602,0.10947,0.10127,0.10383,1322881491.0,139066982.2845,647022485.0,68048165.72451,1728093,-0.02087280924429713,-0.0035247802734375,-0.1598653950361042,-0.05224609375,-0.03173828125,0.0255126953125,0.0458984375
DOGEUSDT,2026-02-05 00:00:00+00:00,0.10383,0.10477,0.08675,0.08849,3166815594.0,300880029.8884,1494751777.0,142042736.1939,3783582,-0.1598653950361042,0.00160980224609375,0.10696393059693943,-0.060791015625,-0.03369140625,0.03759765625,0.064453125
DOGEUSDT,2026-02-06 00:00:00+00:00,0.08848,0.10211,0.08001,0.09848,2894496776.0,264062397.69446,1401477270.0,128008577.69184,3200222,0.10696393059693943,0.00482177734375,-0.0025418141894197888,-0.0595703125,-0.033447265625,0.046630859375,0.07568359375
DOGEUSDT,2026-02-07 00:00:00+00:00,0.09847,0.09948,0.09472,0.09823,1448690461.0,140960623.39996,702935360.0,68407202.1539,1419343,-0.0025418141894197888,-0.00165557861328125,-0.01642241567556102,-0.06005859375,-0.03564453125,0.03271484375,0.05615234375
DOGEUSDT,2026-02-08 00:00:00+00:00,0.09823,0.09902,0.0951,0.09663,616525440.0,60038530.16109,298647211.0,29097025.28657,843738,-0.01642241567556102,-0.003326416015625,-0.005395883176024352,-0.056884765625,-0.033447265625,0.0260009765625,0.046875
DOGEUSDT,2026-02-09 00:00:00+00:00,0.09663,0.09748,0.09243,0.09611,682487562.0,65036532.79777,326108237.0,31088319.78982,916460,-0.005395883176024352,-0.004974365234375,-0.035370057170012625,-0.05224609375,-0.031982421875,0.02197265625,0.04150390625
DOGEUSDT,2026-02-10 00:00:00+00:00,0.09612,0.09657,0.09182,0.09277,497491627.0,46577224.48477,240837011.0,22534532.8298,731248,-0.035370057170012625,-0.001739501953125,-0.017945992526253285,-0.0498046875,-0.02978515625,0.0272216796875,0.047607421875
DOGEUSDT,2026-02-11 00:00:00+00:00,0.09277,0.09362,0.0879,0.09112,788143970.0,71416512.93377,378554972.0,34288756.39276,1056084,-0.017945992526253285,-0.00970458984375,0.02042217401432911,-0.06298828125,-0.04052734375,0.0206298828125,0.043701171875
DOGEUSDT,2026-02-12 00:00:00+00:00,0.09113,0.09455,0.09069,0.093,647408732.0,59886781.13044,309435481.0,28638529.19711,847022,0.02042217401432911,-0.00141143798828125,0.03870362332325783,-0.042236328125,-0.025146484375,0.0235595703125,0.041748046875
DOGEUSDT,2026-02-13 00:00:00+00:00,0.09299,0.09764,0.09179,0.09667,727434615.0,69152340.90265,396279344.0,37721422.70446,701710,0.03870362332325783,-0.00154876708984375,0.13858738028198037,-0.04931640625,-0.02978515625,0.02783203125,0.048828125
DOGEUSDT,2026-02-14 00:00:00+00:00,0.09668,0.11383,0.0963,0.11104,1350008258.0,142481721.99147,661158935.0,69531885.42641,1232085,0.13858738028198037,0.0020751953125,-0.07817575554829048,-0.06298828125,-0.037353515625,0.044921875,0.07421875
