{
  "mse": 0.0006747758301144269,
  "mae": 0.018143252768456766,
  "rmse": 0.025976447603828105
}