{
  "mse": 0.0012506934832516464,
  "mae": 0.02577833554914159,
  "rmse": 0.03536514503365774
}