{
  "mse": 0.000612155119441532,
  "mae": 0.017469780701233575,
  "rmse": 0.02474176872096116
}