{
  "mse": 0.0013189790979776879,
  "mae": 0.024182711044151057,
  "rmse": 0.036317751829892886
}