{
  "mse": 0.0016169915588776242,
  "mae": 0.027001638626240176,
  "rmse": 0.04021183356771517
}