{
  "whitebox": {
    "all": {
      "mse": 0.0013189790979776879,
      "mae": 0.024182711044151057,
      "rmse": 0.036317751829892886
    },
    "train": {
      "mse": 0.0016169915588776242,
      "mae": 0.027001638626240176,
      "rmse": 0.04021183356771517
    },
    "val": {
      "mse": 0.0006747758301144269,
      "mae": 0.018143252768456766,
      "rmse": 0.025976447603828105
    },
    "test": {
      "mse": 0.000612155119441532,
      "mae": 0.017469780701233575,
      "rmse": 0.02474176872096116
    }
  },
  "naive_baseline_test": {
    "mse": 0.0012506934832516464,
    "mae": 0.02577833554914159,
    "rmse": 0.03536514503365774
  }
}