{
  "white_native": {
    "total_return": 26.134809366763005,
    "cagr": 0.4800255299748504,
    "ann_vol": 0.6843544930921356,
    "sharpe": 0.9089910810531177,
    "sortino": 1.3398660856938291,
    "max_drawdown": -0.75834463882111,
    "calmar": 0.6329912620209783,
    "turnover": 0.1470875366091767,
    "hit_rate": 0.5047185161080378
  },
  "white_hawkes": {
    "total_return": 26.134809366763005,
    "cagr": 0.4800255299748504,
    "ann_vol": 0.6843544930921356,
    "sharpe": 0.9089910810531177,
    "sortino": 1.3398660856938291,
    "max_drawdown": -0.75834463882111,
    "calmar": 0.6329912620209783,
    "turnover": 0.1470875366091767,
    "hit_rate": 0.5047185161080378
  }
}